SMM: enter
EAX=00000000 EBX=00000000 ECX=00000010 EDX=000000a0
ESI=000000f8 EDI=00000000 EBP=b00f0630 ESP=00006d5c
EIP=000ebede EFL=00000046 [---Z-P-] CPL=0 II=0 A20=1 SMM=0 HLT=0
ES =0010 00000000 ffffffff 00cf9300 DPL=0 DS   [-WA]
CS =0008 00000000 ffffffff 00cf9b00 DPL=0 CS32 [-RA]
SS =0010 00000000 ffffffff 00cf9300 DPL=0 DS   [-WA]
DS =0010 00000000 ffffffff 00cf9300 DPL=0 DS   [-WA]
FS =0010 00000000 ffffffff 00cf9300 DPL=0 DS   [-WA]
GS =0010 00000000 ffffffff 00cf9300 DPL=0 DS   [-WA]
LDT=0000 00000000 0000ffff 00008200 DPL=0 LDT
TR =0000 00000000 0000ffff 00008b00 DPL=0 TSS32-busy
GDT=     000f6220 00000037
IDT=     000f625e 00000000
CR0=00000011 CR2=00000000 CR3=00000000 CR4=00000000
DR0=0000000000000000 DR1=0000000000000000 DR2=0000000000000000 DR3=0000000000000000 
DR6=00000000ffff0ff0 DR7=0000000000000400
CCS=00000044 CCD=b00f80a0 CCO=EFLAGS
EFER=0000000000000000
SMM: after RSM
EAX=00000000 EBX=00000000 ECX=00000010 EDX=000000a0
ESI=000000f8 EDI=00000000 EBP=b00f0630 ESP=00006d5c
EIP=000ebede EFL=00000046 [---Z-P-] CPL=0 II=0 A20=1 SMM=0 HLT=0
ES =0010 00000000 ffffffff 00c09300 DPL=0 DS   [-WA]
CS =0008 00000000 ffffffff 00c09b00 DPL=0 CS32 [-RA]
SS =0010 00000000 ffffffff 00c09300 DPL=0 DS   [-WA]
DS =0010 00000000 ffffffff 00c09300 DPL=0 DS   [-WA]
FS =0010 00000000 ffffffff 00c09300 DPL=0 DS   [-WA]
GS =0010 00000000 ffffffff 00c09300 DPL=0 DS   [-WA]
LDT=0000 00000000 0000ffff 00008200 DPL=0 LDT
TR =0000 00000000 0000ffff 00008b00 DPL=0 TSS32-busy
GDT=     000f6220 00000037
IDT=     000f625e 00000000
CR0=00000011 CR2=00000000 CR3=00000000 CR4=00000000
DR0=0000000000000000 DR1=0000000000000000 DR2=0000000000000000 DR3=0000000000000000 
DR6=00000000ffff0ff0 DR7=0000000000000400
CCS=00000044 CCD=00000000 CCO=EFLAGS
EFER=0000000000000000
Servicing hardware INT=0x08
SMM: enter
EAX=000000b5 EBX=000f7d2d ECX=00001234 EDX=00006cff
ESI=00006cb8 EDI=7effee71 EBP=00006c78 ESP=00006c78
EIP=00007d2a EFL=00000006 [-----P-] CPL=0 II=0 A20=1 SMM=0 HLT=0
ES =da80 000da800 ffffffff 008f9300
CS =f000 000f0000 ffffffff 008f9b00
SS =0000 00000000 ffffffff 008f9300
DS =0000 00000000 ffffffff 008f9300
FS =0000 00000000 ffffffff 008f9300
GS =0000 00000000 ffffffff 008f9300
LDT=0000 00000000 0000ffff 00008200
TR =0000 00000000 0000ffff 00008b00
GDT=     00000000 00000000
IDT=     00000000 000003ff
CR0=00000010 CR2=00000000 CR3=00000000 CR4=00000000
DR0=0000000000000000 DR1=0000000000000000 DR2=0000000000000000 DR3=0000000000000000 
DR6=00000000ffff0ff0 DR7=0000000000000400
CCS=00000000 CCD=00006c78 CCO=ADDL
EFER=0000000000000000
SMM: after RSM
EAX=000000b5 EBX=000f7d2d ECX=00001234 EDX=00006cff
ESI=00006cb8 EDI=7effee71 EBP=00006c78 ESP=00006c78
EIP=000f7d2d EFL=00000046 [---Z-P-] CPL=0 II=0 A20=1 SMM=0 HLT=0
ES =0010 00000000 ffffffff 00c09300 DPL=0 DS   [-WA]
CS =0008 00000000 ffffffff 00c09b00 DPL=0 CS32 [-RA]
SS =0010 00000000 ffffffff 00c09300 DPL=0 DS   [-WA]
DS =0010 00000000 ffffffff 00c09300 DPL=0 DS   [-WA]
FS =0010 00000000 ffffffff 00c09300 DPL=0 DS   [-WA]
GS =0010 00000000 ffffffff 00c09300 DPL=0 DS   [-WA]
LDT=0000 00000000 0000ffff 00008200 DPL=0 LDT
TR =0000 00000000 0000ffff 00008b00 DPL=0 TSS32-busy
GDT=     000f6220 00000037
IDT=     000f625e 00000000
CR0=00000011 CR2=00000000 CR3=00000000 CR4=00000000
DR0=0000000000000000 DR1=0000000000000000 DR2=0000000000000000 DR3=0000000000000000 
DR6=00000000ffff0ff0 DR7=0000000000000400
CCS=00000044 CCD=00000000 CCO=EFLAGS
EFER=0000000000000000
SMM: enter
EAX=000000b5 EBX=00007d47 ECX=00005678 EDX=7efffe88
ESI=000e9780 EDI=7effee71 EBP=00006c78 ESP=00006c78
EIP=000f7d44 EFL=00000012 [----A--] CPL=0 II=0 A20=1 SMM=0 HLT=0
ES =0010 00000000 ffffffff 00c09300 DPL=0 DS   [-WA]
CS =0008 00000000 ffffffff 00c09b00 DPL=0 CS32 [-RA]
SS =0010 00000000 ffffffff 00c09300 DPL=0 DS   [-WA]
DS =0010 00000000 ffffffff 00c09300 DPL=0 DS   [-WA]
FS =0010 00000000 ffffffff 00c09300 DPL=0 DS   [-WA]
GS =0010 00000000 ffffffff 00c09300 DPL=0 DS   [-WA]
LDT=0000 00000000 0000ffff 00008200 DPL=0 LDT
TR =0000 00000000 0000ffff 00008b00 DPL=0 TSS32-busy
GDT=     000f6220 00000037
IDT=     000f625e 00000000
CR0=00000011 CR2=00000000 CR3=00000000 CR4=00000000
DR0=0000000000000000 DR1=0000000000000000 DR2=0000000000000000 DR3=0000000000000000 
DR6=00000000ffff0ff0 DR7=0000000000000400
CCS=00000008 CCD=00006c64 CCO=ADDL
EFER=0000000000000000
SMM: after RSM
EAX=000000b5 EBX=00007d47 ECX=00005678 EDX=7efffe88
ESI=000e9780 EDI=7effee71 EBP=00006c78 ESP=00006c78
EIP=00007d47 EFL=00000006 [-----P-] CPL=0 II=0 A20=1 SMM=0 HLT=0
ES =da80 000da800 ffffffff 00809300
CS =f000 000f0000 ffffffff 00809b00
SS =0000 00000000 ffffffff 00809300
DS =0000 00000000 ffffffff 00809300
FS =0000 00000000 ffffffff 00809300
GS =0000 00000000 ffffffff 00809300
LDT=0000 00000000 0000ffff 00008200
TR =0000 00000000 0000ffff 00008b00
GDT=     00000000 00000000
IDT=     00000000 000003ff
CR0=00000010 CR2=00000000 CR3=00000000 CR4=00000000
DR0=0000000000000000 DR1=0000000000000000 DR2=0000000000000000 DR3=0000000000000000 
DR6=00000000ffff0ff0 DR7=0000000000000400
CCS=00000004 CCD=00000001 CCO=EFLAGS
EFER=0000000000000000
SMM: enter
EAX=000000b5 EBX=000f7d2d ECX=00001234 EDX=000069ff
ESI=000069a2 EDI=7effee71 EBP=00006962 ESP=00006962
EIP=00007d2a EFL=00000002 [-------] CPL=0 II=0 A20=1 SMM=0 HLT=0
ES =da80 000da800 ffffffff 008f9300
CS =f000 000f0000 ffffffff 008f9b00
SS =0000 00000000 ffffffff 008f9300
DS =0000 00000000 ffffffff 008f9300
FS =0000 00000000 ffffffff 008f9300
GS =ca00 000ca000 ffffffff 008f9300
LDT=0000 00000000 0000ffff 00008200
TR =0000 00000000 0000ffff 00008b00
GDT=     00000000 00000000
IDT=     00000000 000003ff
CR0=00000010 CR2=00000000 CR3=00000000 CR4=00000000
DR0=0000000000000000 DR1=0000000000000000 DR2=0000000000000000 DR3=0000000000000000 
DR6=00000000ffff0ff0 DR7=0000000000000400
CCS=00000000 CCD=00006962 CCO=ADDL
EFER=0000000000000000
SMM: after RSM
EAX=000000b5 EBX=000f7d2d ECX=00001234 EDX=000069ff
ESI=000069a2 EDI=7effee71 EBP=00006962 ESP=00006962
EIP=000f7d2d EFL=00000046 [---Z-P-] CPL=0 II=0 A20=1 SMM=0 HLT=0
ES =0010 00000000 ffffffff 00c09300 DPL=0 DS   [-WA]
CS =0008 00000000 ffffffff 00c09b00 DPL=0 CS32 [-RA]
SS =0010 00000000 ffffffff 00c09300 DPL=0 DS   [-WA]
DS =0010 00000000 ffffffff 00c09300 DPL=0 DS   [-WA]
FS =0010 00000000 ffffffff 00c09300 DPL=0 DS   [-WA]
GS =0010 00000000 ffffffff 00c09300 DPL=0 DS   [-WA]
LDT=0000 00000000 0000ffff 00008200 DPL=0 LDT
TR =0000 00000000 0000ffff 00008b00 DPL=0 TSS32-busy
GDT=     000f6220 00000037
IDT=     000f625e 00000000
CR0=00000011 CR2=00000000 CR3=00000000 CR4=00000000
DR0=0000000000000000 DR1=0000000000000000 DR2=0000000000000000 DR3=0000000000000000 
DR6=00000000ffff0ff0 DR7=0000000000000400
CCS=00000044 CCD=00000000 CCO=EFLAGS
EFER=0000000000000000
SMM: enter
EAX=000000b5 EBX=00007d47 ECX=00005678 EDX=00000005
ESI=00000000 EDI=7effee71 EBP=00006962 ESP=00006962
EIP=000f7d44 EFL=00000006 [-----P-] CPL=0 II=0 A20=1 SMM=0 HLT=0
ES =0010 00000000 ffffffff 00c09300 DPL=0 DS   [-WA]
CS =0008 00000000 ffffffff 00c09b00 DPL=0 CS32 [-RA]
SS =0010 00000000 ffffffff 00c09300 DPL=0 DS   [-WA]
DS =0010 00000000 ffffffff 00c09300 DPL=0 DS   [-WA]
FS =0010 00000000 ffffffff 00c09300 DPL=0 DS   [-WA]
GS =0010 00000000 ffffffff 00c09300 DPL=0 DS   [-WA]
LDT=0000 00000000 0000ffff 00008200 DPL=0 LDT
TR =0000 00000000 0000ffff 00008b00 DPL=0 TSS32-busy
GDT=     000f6220 00000037
IDT=     000f625e 00000000
CR0=00000011 CR2=00000000 CR3=00000000 CR4=00000000
DR0=0000000000000000 DR1=0000000000000000 DR2=0000000000000000 DR3=0000000000000000 
DR6=00000000ffff0ff0 DR7=0000000000000400
CCS=00000008 CCD=0000694e CCO=ADDL
EFER=0000000000000000
SMM: after RSM
EAX=000000b5 EBX=00007d47 ECX=00005678 EDX=00000005
ESI=00000000 EDI=7effee71 EBP=00006962 ESP=00006962
EIP=00007d47 EFL=00000002 [-------] CPL=0 II=0 A20=1 SMM=0 HLT=0
ES =da80 000da800 ffffffff 00809300
CS =f000 000f0000 ffffffff 00809b00
SS =0000 00000000 ffffffff 00809300
DS =0000 00000000 ffffffff 00809300
FS =0000 00000000 ffffffff 00809300
GS =ca00 000ca000 ffffffff 00809300
LDT=0000 00000000 0000ffff 00008200
TR =0000 00000000 0000ffff 00008b00
GDT=     00000000 00000000
IDT=     00000000 000003ff
CR0=00000010 CR2=00000000 CR3=00000000 CR4=00000000
DR0=0000000000000000 DR1=0000000000000000 DR2=0000000000000000 DR3=0000000000000000 
DR6=00000000ffff0ff0 DR7=0000000000000400
CCS=00000000 CCD=00000001 CCO=EFLAGS
EFER=0000000000000000
SMM: enter
EAX=000000b5 EBX=000f7d2d ECX=00001234 EDX=000069ff
ESI=0000699c EDI=7effee71 EBP=0000695c ESP=0000695c
EIP=00007d2a EFL=00000006 [-----P-] CPL=0 II=0 A20=1 SMM=0 HLT=0
ES =da80 000da800 ffffffff 00809300
CS =f000 000f0000 ffffffff 00809b00
SS =0000 00000000 ffffffff 00809300
DS =0000 00000000 ffffffff 00809300
FS =0000 00000000 ffffffff 00809300
GS =ca00 000ca000 ffffffff 00809300
LDT=0000 00000000 0000ffff 00008200
TR =0000 00000000 0000ffff 00008b00
GDT=     00000000 00000000
IDT=     00000000 000003ff
CR0=00000010 CR2=00000000 CR3=00000000 CR4=00000000
DR0=0000000000000000 DR1=0000000000000000 DR2=0000000000000000 DR3=0000000000000000 
DR6=00000000ffff0ff0 DR7=0000000000000400
CCS=00000000 CCD=0000695c CCO=ADDL
EFER=0000000000000000
SMM: after RSM
EAX=000000b5 EBX=000f7d2d ECX=00001234 EDX=000069ff
ESI=0000699c EDI=7effee71 EBP=0000695c ESP=0000695c
EIP=000f7d2d EFL=00000046 [---Z-P-] CPL=0 II=0 A20=1 SMM=0 HLT=0
ES =0010 00000000 ffffffff 00c09300 DPL=0 DS   [-WA]
CS =0008 00000000 ffffffff 00c09b00 DPL=0 CS32 [-RA]
SS =0010 00000000 ffffffff 00c09300 DPL=0 DS   [-WA]
DS =0010 00000000 ffffffff 00c09300 DPL=0 DS   [-WA]
FS =0010 00000000 ffffffff 00c09300 DPL=0 DS   [-WA]
GS =0010 00000000 ffffffff 00c09300 DPL=0 DS   [-WA]
LDT=0000 00000000 0000ffff 00008200 DPL=0 LDT
TR =0000 00000000 0000ffff 00008b00 DPL=0 TSS32-busy
GDT=     000f6220 00000037
IDT=     000f625e 00000000
CR0=00000011 CR2=00000000 CR3=00000000 CR4=00000000
DR0=0000000000000000 DR1=0000000000000000 DR2=0000000000000000 DR3=0000000000000000 
DR6=00000000ffff0ff0 DR7=0000000000000400
CCS=00000044 CCD=00000000 CCO=EFLAGS
EFER=0000000000000000
SMM: enter
EAX=000000b5 EBX=00007d47 ECX=00005678 EDX=00000003
ESI=7efd1c60 EDI=7effee71 EBP=0000695c ESP=0000695c
EIP=000f7d44 EFL=00000006 [-----P-] CPL=0 II=0 A20=1 SMM=0 HLT=0
ES =0010 00000000 ffffffff 00c09300 DPL=0 DS   [-WA]
CS =0008 00000000 ffffffff 00c09b00 DPL=0 CS32 [-RA]
SS =0010 00000000 ffffffff 00c09300 DPL=0 DS   [-WA]
DS =0010 00000000 ffffffff 00c09300 DPL=0 DS   [-WA]
FS =0010 00000000 ffffffff 00c09300 DPL=0 DS   [-WA]
GS =0010 00000000 ffffffff 00c09300 DPL=0 DS   [-WA]
LDT=0000 00000000 0000ffff 00008200 DPL=0 LDT
TR =0000 00000000 0000ffff 00008b00 DPL=0 TSS32-busy
GDT=     000f6220 00000037
IDT=     000f625e 00000000
CR0=00000011 CR2=00000000 CR3=00000000 CR4=00000000
DR0=0000000000000000 DR1=0000000000000000 DR2=0000000000000000 DR3=0000000000000000 
DR6=00000000ffff0ff0 DR7=0000000000000400
CCS=00000008 CCD=00006948 CCO=ADDL
EFER=0000000000000000
SMM: after RSM
EAX=000000b5 EBX=00007d47 ECX=00005678 EDX=00000003
ESI=7efd1c60 EDI=7effee71 EBP=0000695c ESP=0000695c
EIP=00007d47 EFL=00000006 [-----P-] CPL=0 II=0 A20=1 SMM=0 HLT=0
ES =da80 000da800 ffffffff 00809300
CS =f000 000f0000 ffffffff 00809b00
SS =0000 00000000 ffffffff 00809300
DS =0000 00000000 ffffffff 00809300
FS =0000 00000000 ffffffff 00809300
GS =ca00 000ca000 ffffffff 00809300
LDT=0000 00000000 0000ffff 00008200
TR =0000 00000000 0000ffff 00008b00
GDT=     00000000 00000000
IDT=     00000000 000003ff
CR0=00000010 CR2=00000000 CR3=00000000 CR4=00000000
DR0=0000000000000000 DR1=0000000000000000 DR2=0000000000000000 DR3=0000000000000000 
DR6=00000000ffff0ff0 DR7=0000000000000400
CCS=00000004 CCD=00000001 CCO=EFLAGS
EFER=0000000000000000
SMM: enter
EAX=000000b5 EBX=000f7d2d ECX=00001234 EDX=000069ff
ESI=000069a2 EDI=7effee71 EBP=00006962 ESP=00006962
EIP=00007d2a EFL=00000002 [-------] CPL=0 II=0 A20=1 SMM=0 HLT=0
ES =da80 000da800 ffffffff 00809300
CS =f000 000f0000 ffffffff 00809b00
SS =0000 00000000 ffffffff 00809300
DS =0000 00000000 ffffffff 00809300
FS =0000 00000000 ffffffff 00809300
GS =ca00 000ca000 ffffffff 00809300
LDT=0000 00000000 0000ffff 00008200
TR =0000 00000000 0000ffff 00008b00
GDT=     00000000 00000000
IDT=     00000000 000003ff
CR0=00000010 CR2=00000000 CR3=00000000 CR4=00000000
DR0=0000000000000000 DR1=0000000000000000 DR2=0000000000000000 DR3=0000000000000000 
DR6=00000000ffff0ff0 DR7=0000000000000400
CCS=00000000 CCD=00006962 CCO=ADDL
EFER=0000000000000000
SMM: after RSM
EAX=000000b5 EBX=000f7d2d ECX=00001234 EDX=000069ff
ESI=000069a2 EDI=7effee71 EBP=00006962 ESP=00006962
EIP=000f7d2d EFL=00000046 [---Z-P-] CPL=0 II=0 A20=1 SMM=0 HLT=0
ES =0010 00000000 ffffffff 00c09300 DPL=0 DS   [-WA]
CS =0008 00000000 ffffffff 00c09b00 DPL=0 CS32 [-RA]
SS =0010 00000000 ffffffff 00c09300 DPL=0 DS   [-WA]
DS =0010 00000000 ffffffff 00c09300 DPL=0 DS   [-WA]
FS =0010 00000000 ffffffff 00c09300 DPL=0 DS   [-WA]
GS =0010 00000000 ffffffff 00c09300 DPL=0 DS   [-WA]
LDT=0000 00000000 0000ffff 00008200 DPL=0 LDT
TR =0000 00000000 0000ffff 00008b00 DPL=0 TSS32-busy
GDT=     000f6220 00000037
IDT=     000f625e 00000000
CR0=00000011 CR2=00000000 CR3=00000000 CR4=00000000
DR0=0000000000000000 DR1=0000000000000000 DR2=0000000000000000 DR3=0000000000000000 
DR6=00000000ffff0ff0 DR7=0000000000000400
CCS=00000044 CCD=00000000 CCO=EFLAGS
EFER=0000000000000000
SMM: enter
EAX=000000b5 EBX=00007d47 ECX=00005678 EDX=00000005
ESI=00000000 EDI=7effee71 EBP=00006962 ESP=00006962
EIP=000f7d44 EFL=00000006 [-----P-] CPL=0 II=0 A20=1 SMM=0 HLT=0
ES =0010 00000000 ffffffff 00c09300 DPL=0 DS   [-WA]
CS =0008 00000000 ffffffff 00c09b00 DPL=0 CS32 [-RA]
SS =0010 00000000 ffffffff 00c09300 DPL=0 DS   [-WA]
DS =0010 00000000 ffffffff 00c09300 DPL=0 DS   [-WA]
FS =0010 00000000 ffffffff 00c09300 DPL=0 DS   [-WA]
GS =0010 00000000 ffffffff 00c09300 DPL=0 DS   [-WA]
LDT=0000 00000000 0000ffff 00008200 DPL=0 LDT
TR =0000 00000000 0000ffff 00008b00 DPL=0 TSS32-busy
GDT=     000f6220 00000037
IDT=     000f625e 00000000
CR0=00000011 CR2=00000000 CR3=00000000 CR4=00000000
DR0=0000000000000000 DR1=0000000000000000 DR2=0000000000000000 DR3=0000000000000000 
DR6=00000000ffff0ff0 DR7=0000000000000400
CCS=00000008 CCD=0000694e CCO=ADDL
EFER=0000000000000000
SMM: after RSM
EAX=000000b5 EBX=00007d47 ECX=00005678 EDX=00000005
ESI=00000000 EDI=7effee71 EBP=00006962 ESP=00006962
EIP=00007d47 EFL=00000002 [-------] CPL=0 II=0 A20=1 SMM=0 HLT=0
ES =da80 000da800 ffffffff 00809300
CS =f000 000f0000 ffffffff 00809b00
SS =0000 00000000 ffffffff 00809300
DS =0000 00000000 ffffffff 00809300
FS =0000 00000000 ffffffff 00809300
GS =ca00 000ca000 ffffffff 00809300
LDT=0000 00000000 0000ffff 00008200
TR =0000 00000000 0000ffff 00008b00
GDT=     00000000 00000000
IDT=     00000000 000003ff
CR0=00000010 CR2=00000000 CR3=00000000 CR4=00000000
DR0=0000000000000000 DR1=0000000000000000 DR2=0000000000000000 DR3=0000000000000000 
DR6=00000000ffff0ff0 DR7=0000000000000400
CCS=00000000 CCD=00000001 CCO=EFLAGS
EFER=0000000000000000
SMM: enter
EAX=000000b5 EBX=000f7d2d ECX=00001234 EDX=000069ff
ESI=0000699c EDI=7effee71 EBP=0000695c ESP=0000695c
EIP=00007d2a EFL=00000006 [-----P-] CPL=0 II=0 A20=1 SMM=0 HLT=0
ES =da80 000da800 ffffffff 00809300
CS =f000 000f0000 ffffffff 00809b00
SS =0000 00000000 ffffffff 00809300
DS =0000 00000000 ffffffff 00809300
FS =0000 00000000 ffffffff 00809300
GS =ca00 000ca000 ffffffff 00809300
LDT=0000 00000000 0000ffff 00008200
TR =0000 00000000 0000ffff 00008b00
GDT=     00000000 00000000
IDT=     00000000 000003ff
CR0=00000010 CR2=00000000 CR3=00000000 CR4=00000000
DR0=0000000000000000 DR1=0000000000000000 DR2=0000000000000000 DR3=0000000000000000 
DR6=00000000ffff0ff0 DR7=0000000000000400
CCS=00000000 CCD=0000695c CCO=ADDL
EFER=0000000000000000
SMM: after RSM
EAX=000000b5 EBX=000f7d2d ECX=00001234 EDX=000069ff
ESI=0000699c EDI=7effee71 EBP=0000695c ESP=0000695c
EIP=000f7d2d EFL=00000046 [---Z-P-] CPL=0 II=0 A20=1 SMM=0 HLT=0
ES =0010 00000000 ffffffff 00c09300 DPL=0 DS   [-WA]
CS =0008 00000000 ffffffff 00c09b00 DPL=0 CS32 [-RA]
SS =0010 00000000 ffffffff 00c09300 DPL=0 DS   [-WA]
DS =0010 00000000 ffffffff 00c09300 DPL=0 DS   [-WA]
FS =0010 00000000 ffffffff 00c09300 DPL=0 DS   [-WA]
GS =0010 00000000 ffffffff 00c09300 DPL=0 DS   [-WA]
LDT=0000 00000000 0000ffff 00008200 DPL=0 LDT
TR =0000 00000000 0000ffff 00008b00 DPL=0 TSS32-busy
GDT=     000f6220 00000037
IDT=     000f625e 00000000
CR0=00000011 CR2=00000000 CR3=00000000 CR4=00000000
DR0=0000000000000000 DR1=0000000000000000 DR2=0000000000000000 DR3=0000000000000000 
DR6=00000000ffff0ff0 DR7=0000000000000400
CCS=00000044 CCD=00000000 CCO=EFLAGS
EFER=0000000000000000
SMM: enter
EAX=000000b5 EBX=00007d47 ECX=00005678 EDX=00000003
ESI=7ef31c60 EDI=7effee71 EBP=0000695c ESP=0000695c
EIP=000f7d44 EFL=00000006 [-----P-] CPL=0 II=0 A20=1 SMM=0 HLT=0
ES =0010 00000000 ffffffff 00c09300 DPL=0 DS   [-WA]
CS =0008 00000000 ffffffff 00c09b00 DPL=0 CS32 [-RA]
SS =0010 00000000 ffffffff 00c09300 DPL=0 DS   [-WA]
DS =0010 00000000 ffffffff 00c09300 DPL=0 DS   [-WA]
FS =0010 00000000 ffffffff 00c09300 DPL=0 DS   [-WA]
GS =0010 00000000 ffffffff 00c09300 DPL=0 DS   [-WA]
LDT=0000 00000000 0000ffff 00008200 DPL=0 LDT
TR =0000 00000000 0000ffff 00008b00 DPL=0 TSS32-busy
GDT=     000f6220 00000037
IDT=     000f625e 00000000
CR0=00000011 CR2=00000000 CR3=00000000 CR4=00000000
DR0=0000000000000000 DR1=0000000000000000 DR2=0000000000000000 DR3=0000000000000000 
DR6=00000000ffff0ff0 DR7=0000000000000400
CCS=00000008 CCD=00006948 CCO=ADDL
EFER=0000000000000000
SMM: after RSM
EAX=000000b5 EBX=00007d47 ECX=00005678 EDX=00000003
ESI=7ef31c60 EDI=7effee71 EBP=0000695c ESP=0000695c
EIP=00007d47 EFL=00000006 [-----P-] CPL=0 II=0 A20=1 SMM=0 HLT=0
ES =da80 000da800 ffffffff 00809300
CS =f000 000f0000 ffffffff 00809b00
SS =0000 00000000 ffffffff 00809300
DS =0000 00000000 ffffffff 00809300
FS =0000 00000000 ffffffff 00809300
GS =ca00 000ca000 ffffffff 00809300
LDT=0000 00000000 0000ffff 00008200
TR =0000 00000000 0000ffff 00008b00
GDT=     00000000 00000000
IDT=     00000000 000003ff
CR0=00000010 CR2=00000000 CR3=00000000 CR4=00000000
DR0=0000000000000000 DR1=0000000000000000 DR2=0000000000000000 DR3=0000000000000000 
DR6=00000000ffff0ff0 DR7=0000000000000400
CCS=00000004 CCD=00000001 CCO=EFLAGS
EFER=0000000000000000
SMM: enter
EAX=000000b5 EBX=000f7d2d ECX=00001234 EDX=000ea1ff
ESI=000ea1c0 EDI=000ef164 EBP=0000f990 ESP=000ea190
EIP=00007d2a EFL=00000006 [-----P-] CPL=0 II=0 A20=1 SMM=0 HLT=0
ES =da80 000da800 0000ffff 00009300
CS =f000 000f0000 0000ffff 00009b00
SS =da80 000da800 0000ffff 00009300
DS =da80 000da800 0000ffff 00009300
FS =0000 00000000 0000ffff 00009300
GS =0000 00000000 0000ffff 00009300
LDT=0000 00000000 0000ffff 00008200
TR =0000 00000000 0000ffff 00008b00
GDT=     00000000 00000000
IDT=     00000000 000003ff
CR0=00000010 CR2=00000000 CR3=00000000 CR4=00000000
DR0=0000000000000000 DR1=0000000000000000 DR2=0000000000000000 DR3=0000000000000000 
DR6=00000000ffff0ff0 DR7=0000000000000400
CCS=000da800 CCD=000ea190 CCO=ADDL
EFER=0000000000000000
SMM: after RSM
EAX=000000b5 EBX=000f7d2d ECX=00001234 EDX=000ea1ff
ESI=000ea1c0 EDI=000ef164 EBP=0000f990 ESP=000ea190
EIP=000f7d2d EFL=00000046 [---Z-P-] CPL=0 II=0 A20=1 SMM=0 HLT=0
ES =0010 00000000 ffffffff 00c09300 DPL=0 DS   [-WA]
CS =0008 00000000 ffffffff 00c09b00 DPL=0 CS32 [-RA]
SS =0010 00000000 ffffffff 00c09300 DPL=0 DS   [-WA]
DS =0010 00000000 ffffffff 00c09300 DPL=0 DS   [-WA]
FS =0010 00000000 ffffffff 00c09300 DPL=0 DS   [-WA]
GS =0010 00000000 ffffffff 00c09300 DPL=0 DS   [-WA]
LDT=0000 00000000 0000ffff 00008200 DPL=0 LDT
TR =0000 00000000 0000ffff 00008b00 DPL=0 TSS32-busy
GDT=     000f6220 00000037
IDT=     000f625e 00000000
CR0=00000011 CR2=00000000 CR3=00000000 CR4=00000000
DR0=0000000000000000 DR1=0000000000000000 DR2=0000000000000000 DR3=0000000000000000 
DR6=00000000ffff0ff0 DR7=0000000000000400
CCS=00000044 CCD=00000000 CCO=EFLAGS
EFER=0000000000000000
SMM: enter
EAX=000000b5 EBX=00006270 ECX=00005678 EDX=00000000
ESI=00000000 EDI=000da800 EBP=000088f5 ESP=0000f938
EIP=000ecad9 EFL=00000002 [-------] CPL=0 II=0 A20=1 SMM=0 HLT=0
ES =0010 00000000 ffffffff 00c09300 DPL=0 DS   [-WA]
CS =0008 00000000 ffffffff 00c09b00 DPL=0 CS32 [-RA]
SS =0010 00000000 ffffffff 00c09300 DPL=0 DS   [-WA]
DS =0010 00000000 ffffffff 00c09300 DPL=0 DS   [-WA]
FS =0010 00000000 ffffffff 00c09300 DPL=0 DS   [-WA]
GS =0010 00000000 ffffffff 00c09300 DPL=0 DS   [-WA]
LDT=0000 00000000 0000ffff 00008200 DPL=0 LDT
TR =0000 00000000 0000ffff 00008b00 DPL=0 TSS32-busy
GDT=     000f6220 00000037
IDT=     000f625e 00000000
CR0=00000011 CR2=00000000 CR3=00000000 CR4=00000000
DR0=0000000000000000 DR1=0000000000000000 DR2=0000000000000000 DR3=0000000000000000 
DR6=00000000ffff0ff0 DR7=0000000000000400
CCS=000da800 CCD=0000f938 CCO=SUBL
EFER=0000000000000000
SMM: after RSM
EAX=000000b5 EBX=00006270 ECX=00005678 EDX=00000000
ESI=00000000 EDI=000da800 EBP=000088f5 ESP=0000f938
EIP=00006270 EFL=00000006 [-----P-] CPL=0 II=0 A20=1 SMM=0 HLT=0
ES =da80 000da800 0000ffff 00009300
CS =f000 000f0000 0000ffff 00009b00
SS =da80 000da800 0000ffff 00009300
DS =da80 000da800 0000ffff 00009300
FS =0000 00000000 0000ffff 00009300
GS =0000 00000000 0000ffff 00009300
LDT=0000 00000000 0000ffff 00008200
TR =0000 00000000 0000ffff 00008b00
GDT=     00000000 00000000
IDT=     00000000 000003ff
CR0=00000010 CR2=00000000 CR3=00000000 CR4=00000000
DR0=0000000000000000 DR1=0000000000000000 DR2=0000000000000000 DR3=0000000000000000 
DR6=00000000ffff0ff0 DR7=0000000000000400
CCS=00000004 CCD=00000001 CCO=EFLAGS
EFER=0000000000000000
Servicing hardware INT=0x08
SMM: enter
EAX=000000b5 EBX=000ecadc ECX=00001234 EDX=000000ff
ESI=00000000 EDI=000da800 EBP=000088f5 ESP=0000f938
EIP=00006293 EFL=00000006 [-----P-] CPL=0 II=0 A20=1 SMM=0 HLT=0
ES =da80 000da800 0000ffff 00009300
CS =f000 000f0000 0000ffff 00009b00
SS =da80 000da800 0000ffff 00009300
DS =da80 000da800 0000ffff 00009300
FS =0000 00000000 0000ffff 00009300
GS =0000 00000000 0000ffff 00009300
LDT=0000 00000000 0000ffff 00008200
TR =0000 00000000 0000ffff 00008b00
GDT=     00000000 00000000
IDT=     00000000 000003ff
CR0=00000010 CR2=00000000 CR3=00000000 CR4=00000000
DR0=0000000000000000 DR1=0000000000000000 DR2=0000000000000000 DR3=0000000000000000 
DR6=00000000ffff0ff0 DR7=0000000000000400
CCS=00000008 CCD=0000f918 CCO=ADDL
EFER=0000000000000000
SMM: after RSM
EAX=000000b5 EBX=000ecadc ECX=00001234 EDX=000000ff
ESI=00000000 EDI=000da800 EBP=000088f5 ESP=0000f938
EIP=000ecadc EFL=00000046 [---Z-P-] CPL=0 II=0 A20=1 SMM=0 HLT=0
ES =0010 00000000 ffffffff 00c09300 DPL=0 DS   [-WA]
CS =0008 00000000 ffffffff 00c09b00 DPL=0 CS32 [-RA]
SS =0010 00000000 ffffffff 00c09300 DPL=0 DS   [-WA]
DS =0010 00000000 ffffffff 00c09300 DPL=0 DS   [-WA]
FS =0010 00000000 ffffffff 00c09300 DPL=0 DS   [-WA]
GS =0010 00000000 ffffffff 00c09300 DPL=0 DS   [-WA]
LDT=0000 00000000 0000ffff 00008200 DPL=0 LDT
TR =0000 00000000 0000ffff 00008b00 DPL=0 TSS32-busy
GDT=     000f6220 00000037
IDT=     000f625e 00000000
CR0=00000011 CR2=00000000 CR3=00000000 CR4=00000000
DR0=0000000000000000 DR1=0000000000000000 DR2=0000000000000000 DR3=0000000000000000 
DR6=00000000ffff0ff0 DR7=0000000000000400
CCS=00000044 CCD=00000000 CCO=EFLAGS
EFER=0000000000000000
SMM: enter
EAX=000000b5 EBX=00007d47 ECX=00005678 EDX=00007c00
ESI=00000000 EDI=000ef164 EBP=0000f990 ESP=000ea190
EIP=000f7d44 EFL=00000002 [-------] CPL=0 II=0 A20=1 SMM=0 HLT=0
ES =0010 00000000 ffffffff 00c09300 DPL=0 DS   [-WA]
CS =0008 00000000 ffffffff 00c09b00 DPL=0 CS32 [-RA]
SS =0010 00000000 ffffffff 00c09300 DPL=0 DS   [-WA]
DS =0010 00000000 ffffffff 00c09300 DPL=0 DS   [-WA]
FS =0010 00000000 ffffffff 00c09300 DPL=0 DS   [-WA]
GS =0010 00000000 ffffffff 00c09300 DPL=0 DS   [-WA]
LDT=0000 00000000 0000ffff 00008200 DPL=0 LDT
TR =0000 00000000 0000ffff 00008b00 DPL=0 TSS32-busy
GDT=     000f6220 00000037
IDT=     000f625e 00000000
CR0=00000011 CR2=00000000 CR3=00000000 CR4=00000000
DR0=0000000000000000 DR1=0000000000000000 DR2=0000000000000000 DR3=0000000000000000 
DR6=00000000ffff0ff0 DR7=0000000000000400
CCS=00000010 CCD=000ea17c CCO=ADDL
EFER=0000000000000000
SMM: after RSM
EAX=000000b5 EBX=00007d47 ECX=00005678 EDX=00007c00
ESI=00000000 EDI=000ef164 EBP=0000f990 ESP=000ea190
EIP=00007d47 EFL=00000006 [-----P-] CPL=0 II=0 A20=1 SMM=0 HLT=0
ES =da80 000da800 0000ffff 00009300
CS =f000 000f0000 0000ffff 00009b00
SS =da80 000da800 0000ffff 00009300
DS =da80 000da800 0000ffff 00009300
FS =0000 00000000 0000ffff 00009300
GS =0000 00000000 0000ffff 00009300
LDT=0000 00000000 0000ffff 00008200
TR =0000 00000000 0000ffff 00008b00
GDT=     00000000 00000000
IDT=     00000000 000003ff
CR0=00000010 CR2=00000000 CR3=00000000 CR4=00000000
DR0=0000000000000000 DR1=0000000000000000 DR2=0000000000000000 DR3=0000000000000000 
DR6=00000000ffff0ff0 DR7=0000000000000400
CCS=00000004 CCD=00000001 CCO=EFLAGS
EFER=0000000000000000
SMM: enter
EAX=000000b5 EBX=000f7d2d ECX=00001234 EDX=000ea1ff
ESI=000ea1c0 EDI=000ef164 EBP=0000f994 ESP=000ea194
EIP=00007d2a EFL=00000002 [-------] CPL=0 II=0 A20=1 SMM=0 HLT=0
ES =da80 000da800 0000ffff 00009300
CS =f000 000f0000 0000ffff 00009b00
SS =da80 000da800 0000ffff 00009300
DS =da80 000da800 0000ffff 00009300
FS =0000 00000000 0000ffff 00009300
GS =0000 00000000 0000ffff 00009300
LDT=0000 00000000 0000ffff 00008200
TR =0000 00000000 0000ffff 00008b00
GDT=     00000000 00000000
IDT=     00000000 000003ff
CR0=00000010 CR2=00000000 CR3=00000000 CR4=00000000
DR0=0000000000000000 DR1=0000000000000000 DR2=0000000000000000 DR3=0000000000000000 
DR6=00000000ffff0ff0 DR7=0000000000000400
CCS=000da800 CCD=000ea194 CCO=ADDL
EFER=0000000000000000
SMM: after RSM
EAX=000000b5 EBX=000f7d2d ECX=00001234 EDX=000ea1ff
ESI=000ea1c0 EDI=000ef164 EBP=0000f994 ESP=000ea194
EIP=000f7d2d EFL=00000046 [---Z-P-] CPL=0 II=0 A20=1 SMM=0 HLT=0
ES =0010 00000000 ffffffff 00c09300 DPL=0 DS   [-WA]
CS =0008 00000000 ffffffff 00c09b00 DPL=0 CS32 [-RA]
SS =0010 00000000 ffffffff 00c09300 DPL=0 DS   [-WA]
DS =0010 00000000 ffffffff 00c09300 DPL=0 DS   [-WA]
FS =0010 00000000 ffffffff 00c09300 DPL=0 DS   [-WA]
GS =0010 00000000 ffffffff 00c09300 DPL=0 DS   [-WA]
LDT=0000 00000000 0000ffff 00008200 DPL=0 LDT
TR =0000 00000000 0000ffff 00008b00 DPL=0 TSS32-busy
GDT=     000f6220 00000037
IDT=     000f625e 00000000
CR0=00000011 CR2=00000000 CR3=00000000 CR4=00000000
DR0=0000000000000000 DR1=0000000000000000 DR2=0000000000000000 DR3=0000000000000000 
DR6=00000000ffff0ff0 DR7=0000000000000400
CCS=00000044 CCD=00000000 CCO=EFLAGS
EFER=0000000000000000
SMM: enter
EAX=000000b5 EBX=00006270 ECX=00005678 EDX=00000000
ESI=00000000 EDI=000da800 EBP=000088f5 ESP=0000f93c
EIP=000ecad9 EFL=00000006 [-----P-] CPL=0 II=0 A20=1 SMM=0 HLT=0
ES =0010 00000000 ffffffff 00c09300 DPL=0 DS   [-WA]
CS =0008 00000000 ffffffff 00c09b00 DPL=0 CS32 [-RA]
SS =0010 00000000 ffffffff 00c09300 DPL=0 DS   [-WA]
DS =0010 00000000 ffffffff 00c09300 DPL=0 DS   [-WA]
FS =0010 00000000 ffffffff 00c09300 DPL=0 DS   [-WA]
GS =0010 00000000 ffffffff 00c09300 DPL=0 DS   [-WA]
LDT=0000 00000000 0000ffff 00008200 DPL=0 LDT
TR =0000 00000000 0000ffff 00008b00 DPL=0 TSS32-busy
GDT=     000f6220 00000037
IDT=     000f625e 00000000
CR0=00000011 CR2=00000000 CR3=00000000 CR4=00000000
DR0=0000000000000000 DR1=0000000000000000 DR2=0000000000000000 DR3=0000000000000000 
DR6=00000000ffff0ff0 DR7=0000000000000400
CCS=000da800 CCD=0000f93c CCO=SUBL
EFER=0000000000000000
SMM: after RSM
EAX=000000b5 EBX=00006270 ECX=00005678 EDX=00000000
ESI=00000000 EDI=000da800 EBP=000088f5 ESP=0000f93c
EIP=00006270 EFL=00000002 [-------] CPL=0 II=0 A20=1 SMM=0 HLT=0
ES =da80 000da800 0000ffff 00009300
CS =f000 000f0000 0000ffff 00009b00
SS =da80 000da800 0000ffff 00009300
DS =da80 000da800 0000ffff 00009300
FS =0000 00000000 0000ffff 00009300
GS =0000 00000000 0000ffff 00009300
LDT=0000 00000000 0000ffff 00008200
TR =0000 00000000 0000ffff 00008b00
GDT=     00000000 00000000
IDT=     00000000 000003ff
CR0=00000010 CR2=00000000 CR3=00000000 CR4=00000000
DR0=0000000000000000 DR1=0000000000000000 DR2=0000000000000000 DR3=0000000000000000 
DR6=00000000ffff0ff0 DR7=0000000000000400
CCS=00000000 CCD=00000001 CCO=EFLAGS
EFER=0000000000000000
SMM: enter
EAX=000000b5 EBX=000ecadc ECX=00001234 EDX=000000ff
ESI=00000000 EDI=000da800 EBP=000088f5 ESP=0000f93c
EIP=00006293 EFL=00000002 [-------] CPL=0 II=0 A20=1 SMM=0 HLT=0
ES =da80 000da800 0000ffff 00009300
CS =f000 000f0000 0000ffff 00009b00
SS =da80 000da800 0000ffff 00009300
DS =da80 000da800 0000ffff 00009300
FS =0000 00000000 0000ffff 00009300
GS =0000 00000000 0000ffff 00009300
LDT=0000 00000000 0000ffff 00008200
TR =0000 00000000 0000ffff 00008b00
GDT=     00000000 00000000
IDT=     00000000 000003ff
CR0=00000010 CR2=00000000 CR3=00000000 CR4=00000000
DR0=0000000000000000 DR1=0000000000000000 DR2=0000000000000000 DR3=0000000000000000 
DR6=00000000ffff0ff0 DR7=0000000000000400
CCS=00000008 CCD=0000f91c CCO=ADDL
EFER=0000000000000000
SMM: after RSM
EAX=000000b5 EBX=000ecadc ECX=00001234 EDX=000000ff
ESI=00000000 EDI=000da800 EBP=000088f5 ESP=0000f93c
EIP=000ecadc EFL=00000046 [---Z-P-] CPL=0 II=0 A20=1 SMM=0 HLT=0
ES =0010 00000000 ffffffff 00c09300 DPL=0 DS   [-WA]
CS =0008 00000000 ffffffff 00c09b00 DPL=0 CS32 [-RA]
SS =0010 00000000 ffffffff 00c09300 DPL=0 DS   [-WA]
DS =0010 00000000 ffffffff 00c09300 DPL=0 DS   [-WA]
FS =0010 00000000 ffffffff 00c09300 DPL=0 DS   [-WA]
GS =0010 00000000 ffffffff 00c09300 DPL=0 DS   [-WA]
LDT=0000 00000000 0000ffff 00008200 DPL=0 LDT
TR =0000 00000000 0000ffff 00008b00 DPL=0 TSS32-busy
GDT=     000f6220 00000037
IDT=     000f625e 00000000
CR0=00000011 CR2=00000000 CR3=00000000 CR4=00000000
DR0=0000000000000000 DR1=0000000000000000 DR2=0000000000000000 DR3=0000000000000000 
DR6=00000000ffff0ff0 DR7=0000000000000400
CCS=00000044 CCD=00000000 CCO=EFLAGS
EFER=0000000000000000
SMM: enter
EAX=000000b5 EBX=00006270 ECX=00005678 EDX=00000000
ESI=00000000 EDI=000da800 EBP=000088f5 ESP=0000f93c
EIP=000ecad9 EFL=00000006 [-----P-] CPL=0 II=0 A20=1 SMM=0 HLT=0
ES =0010 00000000 ffffffff 00c09300 DPL=0 DS   [-WA]
CS =0008 00000000 ffffffff 00c09b00 DPL=0 CS32 [-RA]
SS =0010 00000000 ffffffff 00c09300 DPL=0 DS   [-WA]
DS =0010 00000000 ffffffff 00c09300 DPL=0 DS   [-WA]
FS =0010 00000000 ffffffff 00c09300 DPL=0 DS   [-WA]
GS =0010 00000000 ffffffff 00c09300 DPL=0 DS   [-WA]
LDT=0000 00000000 0000ffff 00008200 DPL=0 LDT
TR =0000 00000000 0000ffff 00008b00 DPL=0 TSS32-busy
GDT=     000f6220 00000037
IDT=     000f625e 00000000
CR0=00000011 CR2=00000000 CR3=00000000 CR4=00000000
DR0=0000000000000000 DR1=0000000000000000 DR2=0000000000000000 DR3=0000000000000000 
DR6=00000000ffff0ff0 DR7=0000000000000400
CCS=000da800 CCD=0000f93c CCO=SUBL
EFER=0000000000000000
SMM: after RSM
EAX=000000b5 EBX=00006270 ECX=00005678 EDX=00000000
ESI=00000000 EDI=000da800 EBP=000088f5 ESP=0000f93c
EIP=00006270 EFL=00000002 [-------] CPL=0 II=0 A20=1 SMM=0 HLT=0
ES =da80 000da800 0000ffff 00009300
CS =f000 000f0000 0000ffff 00009b00
SS =da80 000da800 0000ffff 00009300
DS =da80 000da800 0000ffff 00009300
FS =0000 00000000 0000ffff 00009300
GS =0000 00000000 0000ffff 00009300
LDT=0000 00000000 0000ffff 00008200
TR =0000 00000000 0000ffff 00008b00
GDT=     00000000 00000000
IDT=     00000000 000003ff
CR0=00000010 CR2=00000000 CR3=00000000 CR4=00000000
DR0=0000000000000000 DR1=0000000000000000 DR2=0000000000000000 DR3=0000000000000000 
DR6=00000000ffff0ff0 DR7=0000000000000400
CCS=00000000 CCD=00000001 CCO=EFLAGS
EFER=0000000000000000
SMM: enter
EAX=000000b5 EBX=000ecadc ECX=00001234 EDX=000000ff
ESI=00000000 EDI=000da800 EBP=000088f5 ESP=0000f93c
EIP=00006293 EFL=00000002 [-------] CPL=0 II=0 A20=1 SMM=0 HLT=0
ES =da80 000da800 0000ffff 00009300
CS =f000 000f0000 0000ffff 00009b00
SS =da80 000da800 0000ffff 00009300
DS =da80 000da800 0000ffff 00009300
FS =0000 00000000 0000ffff 00009300
GS =0000 00000000 0000ffff 00009300
LDT=0000 00000000 0000ffff 00008200
TR =0000 00000000 0000ffff 00008b00
GDT=     00000000 00000000
IDT=     00000000 000003ff
CR0=00000010 CR2=00000000 CR3=00000000 CR4=00000000
DR0=0000000000000000 DR1=0000000000000000 DR2=0000000000000000 DR3=0000000000000000 
DR6=00000000ffff0ff0 DR7=0000000000000400
CCS=00000008 CCD=0000f91c CCO=ADDL
EFER=0000000000000000
SMM: after RSM
EAX=000000b5 EBX=000ecadc ECX=00001234 EDX=000000ff
ESI=00000000 EDI=000da800 EBP=000088f5 ESP=0000f93c
EIP=000ecadc EFL=00000046 [---Z-P-] CPL=0 II=0 A20=1 SMM=0 HLT=0
ES =0010 00000000 ffffffff 00c09300 DPL=0 DS   [-WA]
CS =0008 00000000 ffffffff 00c09b00 DPL=0 CS32 [-RA]
SS =0010 00000000 ffffffff 00c09300 DPL=0 DS   [-WA]
DS =0010 00000000 ffffffff 00c09300 DPL=0 DS   [-WA]
FS =0010 00000000 ffffffff 00c09300 DPL=0 DS   [-WA]
GS =0010 00000000 ffffffff 00c09300 DPL=0 DS   [-WA]
LDT=0000 00000000 0000ffff 00008200 DPL=0 LDT
TR =0000 00000000 0000ffff 00008b00 DPL=0 TSS32-busy
GDT=     000f6220 00000037
IDT=     000f625e 00000000
CR0=00000011 CR2=00000000 CR3=00000000 CR4=00000000
DR0=0000000000000000 DR1=0000000000000000 DR2=0000000000000000 DR3=0000000000000000 
DR6=00000000ffff0ff0 DR7=0000000000000400
CCS=00000044 CCD=00000000 CCO=EFLAGS
EFER=0000000000000000
SMM: enter
EAX=000000b5 EBX=00007d47 ECX=00005678 EDX=00007e00
ESI=00000000 EDI=000ef164 EBP=0000f994 ESP=000ea194
EIP=000f7d44 EFL=00000002 [-------] CPL=0 II=0 A20=1 SMM=0 HLT=0
ES =0010 00000000 ffffffff 00c09300 DPL=0 DS   [-WA]
CS =0008 00000000 ffffffff 00c09b00 DPL=0 CS32 [-RA]
SS =0010 00000000 ffffffff 00c09300 DPL=0 DS   [-WA]
DS =0010 00000000 ffffffff 00c09300 DPL=0 DS   [-WA]
FS =0010 00000000 ffffffff 00c09300 DPL=0 DS   [-WA]
GS =0010 00000000 ffffffff 00c09300 DPL=0 DS   [-WA]
LDT=0000 00000000 0000ffff 00008200 DPL=0 LDT
TR =0000 00000000 0000ffff 00008b00 DPL=0 TSS32-busy
GDT=     000f6220 00000037
IDT=     000f625e 00000000
CR0=00000011 CR2=00000000 CR3=00000000 CR4=00000000
DR0=0000000000000000 DR1=0000000000000000 DR2=0000000000000000 DR3=0000000000000000 
DR6=00000000ffff0ff0 DR7=0000000000000400
CCS=00000010 CCD=000ea180 CCO=ADDL
EFER=0000000000000000
SMM: after RSM
EAX=000000b5 EBX=00007d47 ECX=00005678 EDX=00007e00
ESI=00000000 EDI=000ef164 EBP=0000f994 ESP=000ea194
EIP=00007d47 EFL=00000002 [-------] CPL=0 II=0 A20=1 SMM=0 HLT=0
ES =da80 000da800 0000ffff 00009300
CS =f000 000f0000 0000ffff 00009b00
SS =da80 000da800 0000ffff 00009300
DS =da80 000da800 0000ffff 00009300
FS =0000 00000000 0000ffff 00009300
GS =0000 00000000 0000ffff 00009300
LDT=0000 00000000 0000ffff 00008200
TR =0000 00000000 0000ffff 00008b00
GDT=     00000000 00000000
IDT=     00000000 000003ff
CR0=00000010 CR2=00000000 CR3=00000000 CR4=00000000
DR0=0000000000000000 DR1=0000000000000000 DR2=0000000000000000 DR3=0000000000000000 
DR6=00000000ffff0ff0 DR7=0000000000000400
CCS=00000000 CCD=00000001 CCO=EFLAGS
EFER=0000000000000000
SMM: enter
EAX=000000b5 EBX=000f7d2d ECX=00001234 EDX=000ea1ff
ESI=000ea1c0 EDI=000ef164 EBP=0000f994 ESP=000ea194
EIP=00007d2a EFL=00000002 [-------] CPL=0 II=0 A20=1 SMM=0 HLT=0
ES =da80 000da800 0000ffff 00009300
CS =f000 000f0000 0000ffff 00009b00
SS =da80 000da800 0000ffff 00009300
DS =da80 000da800 0000ffff 00009300
FS =0000 00000000 0000ffff 00009300
GS =0000 00000000 0000ffff 00009300
LDT=0000 00000000 0000ffff 00008200
TR =0000 00000000 0000ffff 00008b00
GDT=     00000000 00000000
IDT=     00000000 000003ff
CR0=00000010 CR2=00000000 CR3=00000000 CR4=00000000
DR0=0000000000000000 DR1=0000000000000000 DR2=0000000000000000 DR3=0000000000000000 
DR6=00000000ffff0ff0 DR7=0000000000000400
CCS=000da800 CCD=000ea194 CCO=ADDL
EFER=0000000000000000
SMM: after RSM
EAX=000000b5 EBX=000f7d2d ECX=00001234 EDX=000ea1ff
ESI=000ea1c0 EDI=000ef164 EBP=0000f994 ESP=000ea194
EIP=000f7d2d EFL=00000046 [---Z-P-] CPL=0 II=0 A20=1 SMM=0 HLT=0
ES =0010 00000000 ffffffff 00c09300 DPL=0 DS   [-WA]
CS =0008 00000000 ffffffff 00c09b00 DPL=0 CS32 [-RA]
SS =0010 00000000 ffffffff 00c09300 DPL=0 DS   [-WA]
DS =0010 00000000 ffffffff 00c09300 DPL=0 DS   [-WA]
FS =0010 00000000 ffffffff 00c09300 DPL=0 DS   [-WA]
GS =0010 00000000 ffffffff 00c09300 DPL=0 DS   [-WA]
LDT=0000 00000000 0000ffff 00008200 DPL=0 LDT
TR =0000 00000000 0000ffff 00008b00 DPL=0 TSS32-busy
GDT=     000f6220 00000037
IDT=     000f625e 00000000
CR0=00000011 CR2=00000000 CR3=00000000 CR4=00000000
DR0=0000000000000000 DR1=0000000000000000 DR2=0000000000000000 DR3=0000000000000000 
DR6=00000000ffff0ff0 DR7=0000000000000400
CCS=00000044 CCD=00000000 CCO=EFLAGS
EFER=0000000000000000
SMM: enter
EAX=000000b5 EBX=00006270 ECX=00005678 EDX=00000000
ESI=00000000 EDI=000da800 EBP=000088f5 ESP=0000f93c
EIP=000ecad9 EFL=00000006 [-----P-] CPL=0 II=0 A20=1 SMM=0 HLT=0
ES =0010 00000000 ffffffff 00c09300 DPL=0 DS   [-WA]
CS =0008 00000000 ffffffff 00c09b00 DPL=0 CS32 [-RA]
SS =0010 00000000 ffffffff 00c09300 DPL=0 DS   [-WA]
DS =0010 00000000 ffffffff 00c09300 DPL=0 DS   [-WA]
FS =0010 00000000 ffffffff 00c09300 DPL=0 DS   [-WA]
GS =0010 00000000 ffffffff 00c09300 DPL=0 DS   [-WA]
LDT=0000 00000000 0000ffff 00008200 DPL=0 LDT
TR =0000 00000000 0000ffff 00008b00 DPL=0 TSS32-busy
GDT=     000f6220 00000037
IDT=     000f625e 00000000
CR0=00000011 CR2=00000000 CR3=00000000 CR4=00000000
DR0=0000000000000000 DR1=0000000000000000 DR2=0000000000000000 DR3=0000000000000000 
DR6=00000000ffff0ff0 DR7=0000000000000400
CCS=000da800 CCD=0000f93c CCO=SUBL
EFER=0000000000000000
SMM: after RSM
EAX=000000b5 EBX=00006270 ECX=00005678 EDX=00000000
ESI=00000000 EDI=000da800 EBP=000088f5 ESP=0000f93c
EIP=00006270 EFL=00000002 [-------] CPL=0 II=0 A20=1 SMM=0 HLT=0
ES =da80 000da800 0000ffff 00009300
CS =f000 000f0000 0000ffff 00009b00
SS =da80 000da800 0000ffff 00009300
DS =da80 000da800 0000ffff 00009300
FS =0000 00000000 0000ffff 00009300
GS =0000 00000000 0000ffff 00009300
LDT=0000 00000000 0000ffff 00008200
TR =0000 00000000 0000ffff 00008b00
GDT=     00000000 00000000
IDT=     00000000 000003ff
CR0=00000010 CR2=00000000 CR3=00000000 CR4=00000000
DR0=0000000000000000 DR1=0000000000000000 DR2=0000000000000000 DR3=0000000000000000 
DR6=00000000ffff0ff0 DR7=0000000000000400
CCS=00000000 CCD=00000001 CCO=EFLAGS
EFER=0000000000000000
SMM: enter
EAX=000000b5 EBX=000ecadc ECX=00001234 EDX=000000ff
ESI=00000000 EDI=000da800 EBP=000088f5 ESP=0000f93c
EIP=00006293 EFL=00000002 [-------] CPL=0 II=0 A20=1 SMM=0 HLT=0
ES =da80 000da800 0000ffff 00009300
CS =f000 000f0000 0000ffff 00009b00
SS =da80 000da800 0000ffff 00009300
DS =da80 000da800 0000ffff 00009300
FS =0000 00000000 0000ffff 00009300
GS =0000 00000000 0000ffff 00009300
LDT=0000 00000000 0000ffff 00008200
TR =0000 00000000 0000ffff 00008b00
GDT=     00000000 00000000
IDT=     00000000 000003ff
CR0=00000010 CR2=00000000 CR3=00000000 CR4=00000000
DR0=0000000000000000 DR1=0000000000000000 DR2=0000000000000000 DR3=0000000000000000 
DR6=00000000ffff0ff0 DR7=0000000000000400
CCS=00000008 CCD=0000f91c CCO=ADDL
EFER=0000000000000000
SMM: after RSM
EAX=000000b5 EBX=000ecadc ECX=00001234 EDX=000000ff
ESI=00000000 EDI=000da800 EBP=000088f5 ESP=0000f93c
EIP=000ecadc EFL=00000046 [---Z-P-] CPL=0 II=0 A20=1 SMM=0 HLT=0
ES =0010 00000000 ffffffff 00c09300 DPL=0 DS   [-WA]
CS =0008 00000000 ffffffff 00c09b00 DPL=0 CS32 [-RA]
SS =0010 00000000 ffffffff 00c09300 DPL=0 DS   [-WA]
DS =0010 00000000 ffffffff 00c09300 DPL=0 DS   [-WA]
FS =0010 00000000 ffffffff 00c09300 DPL=0 DS   [-WA]
GS =0010 00000000 ffffffff 00c09300 DPL=0 DS   [-WA]
LDT=0000 00000000 0000ffff 00008200 DPL=0 LDT
TR =0000 00000000 0000ffff 00008b00 DPL=0 TSS32-busy
GDT=     000f6220 00000037
IDT=     000f625e 00000000
CR0=00000011 CR2=00000000 CR3=00000000 CR4=00000000
DR0=0000000000000000 DR1=0000000000000000 DR2=0000000000000000 DR3=0000000000000000 
DR6=00000000ffff0ff0 DR7=0000000000000400
CCS=00000044 CCD=00000000 CCO=EFLAGS
EFER=0000000000000000
SMM: enter
EAX=000000b5 EBX=00007d47 ECX=00005678 EDX=00001000
ESI=00000000 EDI=000ef164 EBP=0000f994 ESP=000ea194
EIP=000f7d44 EFL=00000002 [-------] CPL=0 II=0 A20=1 SMM=0 HLT=0
ES =0010 00000000 ffffffff 00c09300 DPL=0 DS   [-WA]
CS =0008 00000000 ffffffff 00c09b00 DPL=0 CS32 [-RA]
SS =0010 00000000 ffffffff 00c09300 DPL=0 DS   [-WA]
DS =0010 00000000 ffffffff 00c09300 DPL=0 DS   [-WA]
FS =0010 00000000 ffffffff 00c09300 DPL=0 DS   [-WA]
GS =0010 00000000 ffffffff 00c09300 DPL=0 DS   [-WA]
LDT=0000 00000000 0000ffff 00008200 DPL=0 LDT
TR =0000 00000000 0000ffff 00008b00 DPL=0 TSS32-busy
GDT=     000f6220 00000037
IDT=     000f625e 00000000
CR0=00000011 CR2=00000000 CR3=00000000 CR4=00000000
DR0=0000000000000000 DR1=0000000000000000 DR2=0000000000000000 DR3=0000000000000000 
DR6=00000000ffff0ff0 DR7=0000000000000400
CCS=00000010 CCD=000ea180 CCO=ADDL
EFER=0000000000000000
SMM: after RSM
EAX=000000b5 EBX=00007d47 ECX=00005678 EDX=00001000
ESI=00000000 EDI=000ef164 EBP=0000f994 ESP=000ea194
EIP=00007d47 EFL=00000002 [-------] CPL=0 II=0 A20=1 SMM=0 HLT=0
ES =da80 000da800 0000ffff 00009300
CS =f000 000f0000 0000ffff 00009b00
SS =da80 000da800 0000ffff 00009300
DS =da80 000da800 0000ffff 00009300
FS =0000 00000000 0000ffff 00009300
GS =0000 00000000 0000ffff 00009300
LDT=0000 00000000 0000ffff 00008200
TR =0000 00000000 0000ffff 00008b00
GDT=     00000000 00000000
IDT=     00000000 000003ff
CR0=00000010 CR2=00000000 CR3=00000000 CR4=00000000
DR0=0000000000000000 DR1=0000000000000000 DR2=0000000000000000 DR3=0000000000000000 
DR6=00000000ffff0ff0 DR7=0000000000000400
CCS=00000000 CCD=00000001 CCO=EFLAGS
EFER=0000000000000000
Servicing hardware INT=0x21
     0: v=21 e=0000 i=0 cpl=0 IP=0018:0000000000001cf9 pc=0000000000001cf9 SP=0010:0000000000067000 env->regs[R_EAX]=00000000000b81ee
RAX=00000000000b81ee RBX=00000000000b81ee RCX=000000000000000a RDX=0000000000006e00
RSI=0000000000001096 RDI=0000000000080420 RBP=0000000000000000 RSP=0000000000067000
R8 =0000000080001808 R9 =0000000000000001 R10=000000000000000a R11=0000000000006e21
R12=0000000000007a1c R13=0000000000000000 R14=0000000000000000 R15=0000000000000004
RIP=0000000000001cf9 RFL=00000246 [---Z-P-] CPL=0 II=0 A20=1 SMM=0 HLT=0
ES =0010 0000000000000000 ffffffff 00cf9300 DPL=0 DS   [-WA]
CS =0018 0000000000000000 00000000 00209a00 DPL=0 CS64 [-R-]
SS =0010 0000000000000000 ffffffff 00cf9300 DPL=0 DS   [-WA]
DS =0010 0000000000000000 ffffffff 00cf9300 DPL=0 DS   [-WA]
FS =0010 0000000000000000 ffffffff 00cf9300 DPL=0 DS   [-WA]
GS =0010 0000000000000000 ffffffff 00cf9300 DPL=0 DS   [-WA]
LDT=0000 0000000000000000 0000ffff 00008200 DPL=0 LDT
TR =0000 0000000000000000 0000ffff 00008b00 DPL=0 TSS64-busy
GDT=     0000000000001058 0000001f
IDT=     0000000000080210 00000fff
CR0=e0000031 CR2=0000000000000000 CR3=0000000000070000 CR4=00000620
DR0=0000000000000000 DR1=0000000000000000 DR2=0000000000000000 DR3=0000000000000000 
DR6=00000000ffff0ff0 DR7=0000000000000400
CCS=0000000000000000 CCD=0000000000006e00 CCO=SUBB
EFER=0000000000000500
Servicing hardware INT=0x21
     1: v=21 e=0000 i=0 cpl=0 IP=0018:0000000000001cf9 pc=0000000000001cf9 SP=0010:0000000000067000 env->regs[R_EAX]=00000000000b81f0
RAX=00000000000b81f0 RBX=00000000000b81ee RCX=000000000000000a RDX=0000000000006e00
RSI=0000000000001096 RDI=0000000000080420 RBP=0000000000000000 RSP=0000000000067000
R8 =0000000080001808 R9 =0000000000000001 R10=000000000000000a R11=0000000000006e21
R12=0000000000007a1c R13=0000000000000000 R14=0000000000000000 R15=0000000000000004
RIP=0000000000001cf9 RFL=00000246 [---Z-P-] CPL=0 II=0 A20=1 SMM=0 HLT=0
ES =0010 0000000000000000 ffffffff 00cf9300 DPL=0 DS   [-WA]
CS =0018 0000000000000000 00000000 00209a00 DPL=0 CS64 [-R-]
SS =0010 0000000000000000 ffffffff 00cf9300 DPL=0 DS   [-WA]
DS =0010 0000000000000000 ffffffff 00cf9300 DPL=0 DS   [-WA]
FS =0010 0000000000000000 ffffffff 00cf9300 DPL=0 DS   [-WA]
GS =0010 0000000000000000 ffffffff 00cf9300 DPL=0 DS   [-WA]
LDT=0000 0000000000000000 0000ffff 00008200 DPL=0 LDT
TR =0000 0000000000000000 0000ffff 00008b00 DPL=0 TSS64-busy
GDT=     0000000000001058 0000001f
IDT=     0000000000080210 00000fff
CR0=e0000031 CR2=0000000000000000 CR3=0000000000070000 CR4=00000620
DR0=0000000000000000 DR1=0000000000000000 DR2=0000000000000000 DR3=0000000000000000 
DR6=00000000ffff0ff0 DR7=0000000000000400
CCS=0000000000000000 CCD=0000000000006e00 CCO=SUBB
EFER=0000000000000500
Servicing hardware INT=0x21
     2: v=21 e=0000 i=0 cpl=0 IP=0018:0000000000001cf9 pc=0000000000001cf9 SP=0010:0000000000067000 env->regs[R_EAX]=00000000000b81f0
RAX=00000000000b81f0 RBX=00000000000b81ee RCX=000000000000000a RDX=0000000000006e00
RSI=0000000000001096 RDI=0000000000080420 RBP=0000000000000000 RSP=0000000000067000
R8 =0000000080001808 R9 =0000000000000001 R10=000000000000000a R11=0000000000006e21
R12=0000000000007a1c R13=0000000000000000 R14=0000000000000000 R15=0000000000000004
RIP=0000000000001cf9 RFL=00000246 [---Z-P-] CPL=0 II=0 A20=1 SMM=0 HLT=0
ES =0010 0000000000000000 ffffffff 00cf9300 DPL=0 DS   [-WA]
CS =0018 0000000000000000 00000000 00209a00 DPL=0 CS64 [-R-]
SS =0010 0000000000000000 ffffffff 00cf9300 DPL=0 DS   [-WA]
DS =0010 0000000000000000 ffffffff 00cf9300 DPL=0 DS   [-WA]
FS =0010 0000000000000000 ffffffff 00cf9300 DPL=0 DS   [-WA]
GS =0010 0000000000000000 ffffffff 00cf9300 DPL=0 DS   [-WA]
LDT=0000 0000000000000000 0000ffff 00008200 DPL=0 LDT
TR =0000 0000000000000000 0000ffff 00008b00 DPL=0 TSS64-busy
GDT=     0000000000001058 0000001f
IDT=     0000000000080210 00000fff
CR0=e0000031 CR2=0000000000000000 CR3=0000000000070000 CR4=00000620
DR0=0000000000000000 DR1=0000000000000000 DR2=0000000000000000 DR3=0000000000000000 
DR6=00000000ffff0ff0 DR7=0000000000000400
CCS=0000000000000000 CCD=0000000000006e00 CCO=SUBB
EFER=0000000000000500
Servicing hardware INT=0x21
     3: v=21 e=0000 i=0 cpl=0 IP=0018:0000000000001cf9 pc=0000000000001cf9 SP=0010:0000000000067000 env->regs[R_EAX]=00000000000b81f0
RAX=00000000000b81f0 RBX=00000000000b81ee RCX=000000000000000a RDX=0000000000006e00
RSI=0000000000001096 RDI=0000000000080420 RBP=0000000000000000 RSP=0000000000067000
R8 =0000000080001808 R9 =0000000000000001 R10=000000000000000a R11=0000000000006e21
R12=0000000000007a1c R13=0000000000000000 R14=0000000000000000 R15=0000000000000004
RIP=0000000000001cf9 RFL=00000246 [---Z-P-] CPL=0 II=0 A20=1 SMM=0 HLT=0
ES =0010 0000000000000000 ffffffff 00cf9300 DPL=0 DS   [-WA]
CS =0018 0000000000000000 00000000 00209a00 DPL=0 CS64 [-R-]
SS =0010 0000000000000000 ffffffff 00cf9300 DPL=0 DS   [-WA]
DS =0010 0000000000000000 ffffffff 00cf9300 DPL=0 DS   [-WA]
FS =0010 0000000000000000 ffffffff 00cf9300 DPL=0 DS   [-WA]
GS =0010 0000000000000000 ffffffff 00cf9300 DPL=0 DS   [-WA]
LDT=0000 0000000000000000 0000ffff 00008200 DPL=0 LDT
TR =0000 0000000000000000 0000ffff 00008b00 DPL=0 TSS64-busy
GDT=     0000000000001058 0000001f
IDT=     0000000000080210 00000fff
CR0=e0000031 CR2=0000000000000000 CR3=0000000000070000 CR4=00000620
DR0=0000000000000000 DR1=0000000000000000 DR2=0000000000000000 DR3=0000000000000000 
DR6=00000000ffff0ff0 DR7=0000000000000400
CCS=0000000000000000 CCD=0000000000006e00 CCO=SUBB
EFER=0000000000000500
Servicing hardware INT=0x21
     4: v=21 e=0000 i=0 cpl=0 IP=0018:0000000000001cf9 pc=0000000000001cf9 SP=0010:0000000000067000 env->regs[R_EAX]=00000000000b81f0
RAX=00000000000b81f0 RBX=00000000000b81ee RCX=000000000000000a RDX=0000000000006e00
RSI=0000000000001096 RDI=0000000000080420 RBP=0000000000000000 RSP=0000000000067000
R8 =0000000080001808 R9 =0000000000000001 R10=000000000000000a R11=0000000000006e21
R12=0000000000007a1c R13=0000000000000000 R14=0000000000000000 R15=0000000000000004
RIP=0000000000001cf9 RFL=00000246 [---Z-P-] CPL=0 II=0 A20=1 SMM=0 HLT=0
ES =0010 0000000000000000 ffffffff 00cf9300 DPL=0 DS   [-WA]
CS =0018 0000000000000000 00000000 00209a00 DPL=0 CS64 [-R-]
SS =0010 0000000000000000 ffffffff 00cf9300 DPL=0 DS   [-WA]
DS =0010 0000000000000000 ffffffff 00cf9300 DPL=0 DS   [-WA]
FS =0010 0000000000000000 ffffffff 00cf9300 DPL=0 DS   [-WA]
GS =0010 0000000000000000 ffffffff 00cf9300 DPL=0 DS   [-WA]
LDT=0000 0000000000000000 0000ffff 00008200 DPL=0 LDT
TR =0000 0000000000000000 0000ffff 00008b00 DPL=0 TSS64-busy
GDT=     0000000000001058 0000001f
IDT=     0000000000080210 00000fff
CR0=e0000031 CR2=0000000000000000 CR3=0000000000070000 CR4=00000620
DR0=0000000000000000 DR1=0000000000000000 DR2=0000000000000000 DR3=0000000000000000 
DR6=00000000ffff0ff0 DR7=0000000000000400
CCS=0000000000000000 CCD=0000000000006e00 CCO=SUBB
EFER=0000000000000500
Servicing hardware INT=0x21
     5: v=21 e=0000 i=0 cpl=0 IP=0018:0000000000001cf9 pc=0000000000001cf9 SP=0010:0000000000067000 env->regs[R_EAX]=00000000000b81f0
RAX=00000000000b81f0 RBX=00000000000b81ee RCX=000000000000000a RDX=0000000000006e00
RSI=0000000000001096 RDI=0000000000080420 RBP=0000000000000000 RSP=0000000000067000
R8 =0000000080001808 R9 =0000000000000001 R10=000000000000000a R11=0000000000006e21
R12=0000000000007a1c R13=0000000000000000 R14=0000000000000000 R15=0000000000000004
RIP=0000000000001cf9 RFL=00000246 [---Z-P-] CPL=0 II=0 A20=1 SMM=0 HLT=0
ES =0010 0000000000000000 ffffffff 00cf9300 DPL=0 DS   [-WA]
CS =0018 0000000000000000 00000000 00209a00 DPL=0 CS64 [-R-]
SS =0010 0000000000000000 ffffffff 00cf9300 DPL=0 DS   [-WA]
DS =0010 0000000000000000 ffffffff 00cf9300 DPL=0 DS   [-WA]
FS =0010 0000000000000000 ffffffff 00cf9300 DPL=0 DS   [-WA]
GS =0010 0000000000000000 ffffffff 00cf9300 DPL=0 DS   [-WA]
LDT=0000 0000000000000000 0000ffff 00008200 DPL=0 LDT
TR =0000 0000000000000000 0000ffff 00008b00 DPL=0 TSS64-busy
GDT=     0000000000001058 0000001f
IDT=     0000000000080210 00000fff
CR0=e0000031 CR2=0000000000000000 CR3=0000000000070000 CR4=00000620
DR0=0000000000000000 DR1=0000000000000000 DR2=0000000000000000 DR3=0000000000000000 
DR6=00000000ffff0ff0 DR7=0000000000000400
CCS=0000000000000000 CCD=0000000000006e00 CCO=SUBB
EFER=0000000000000500
Servicing hardware INT=0x21
     6: v=21 e=0000 i=0 cpl=0 IP=0018:0000000000001cf9 pc=0000000000001cf9 SP=0010:0000000000067000 env->regs[R_EAX]=00000000000b81f0
RAX=00000000000b81f0 RBX=00000000000b81ee RCX=000000000000000a RDX=0000000000006e00
RSI=0000000000001096 RDI=0000000000080420 RBP=0000000000000000 RSP=0000000000067000
R8 =0000000080001808 R9 =0000000000000001 R10=000000000000000a R11=0000000000006e21
R12=0000000000007a1c R13=0000000000000000 R14=0000000000000000 R15=0000000000000004
RIP=0000000000001cf9 RFL=00000246 [---Z-P-] CPL=0 II=0 A20=1 SMM=0 HLT=0
ES =0010 0000000000000000 ffffffff 00cf9300 DPL=0 DS   [-WA]
CS =0018 0000000000000000 00000000 00209a00 DPL=0 CS64 [-R-]
SS =0010 0000000000000000 ffffffff 00cf9300 DPL=0 DS   [-WA]
DS =0010 0000000000000000 ffffffff 00cf9300 DPL=0 DS   [-WA]
FS =0010 0000000000000000 ffffffff 00cf9300 DPL=0 DS   [-WA]
GS =0010 0000000000000000 ffffffff 00cf9300 DPL=0 DS   [-WA]
LDT=0000 0000000000000000 0000ffff 00008200 DPL=0 LDT
TR =0000 0000000000000000 0000ffff 00008b00 DPL=0 TSS64-busy
GDT=     0000000000001058 0000001f
IDT=     0000000000080210 00000fff
CR0=e0000031 CR2=0000000000000000 CR3=0000000000070000 CR4=00000620
DR0=0000000000000000 DR1=0000000000000000 DR2=0000000000000000 DR3=0000000000000000 
DR6=00000000ffff0ff0 DR7=0000000000000400
CCS=0000000000000000 CCD=0000000000006e00 CCO=SUBB
EFER=0000000000000500
Servicing hardware INT=0x21
     7: v=21 e=0000 i=0 cpl=0 IP=0018:0000000000001cf9 pc=0000000000001cf9 SP=0010:0000000000067000 env->regs[R_EAX]=00000000000b81f0
RAX=00000000000b81f0 RBX=00000000000b81ee RCX=000000000000000a RDX=0000000000006e00
RSI=0000000000001096 RDI=0000000000080420 RBP=0000000000000000 RSP=0000000000067000
R8 =0000000080001808 R9 =0000000000000001 R10=000000000000000a R11=0000000000006e21
R12=0000000000007a1c R13=0000000000000000 R14=0000000000000000 R15=0000000000000004
RIP=0000000000001cf9 RFL=00000246 [---Z-P-] CPL=0 II=0 A20=1 SMM=0 HLT=0
ES =0010 0000000000000000 ffffffff 00cf9300 DPL=0 DS   [-WA]
CS =0018 0000000000000000 00000000 00209a00 DPL=0 CS64 [-R-]
SS =0010 0000000000000000 ffffffff 00cf9300 DPL=0 DS   [-WA]
DS =0010 0000000000000000 ffffffff 00cf9300 DPL=0 DS   [-WA]
FS =0010 0000000000000000 ffffffff 00cf9300 DPL=0 DS   [-WA]
GS =0010 0000000000000000 ffffffff 00cf9300 DPL=0 DS   [-WA]
LDT=0000 0000000000000000 0000ffff 00008200 DPL=0 LDT
TR =0000 0000000000000000 0000ffff 00008b00 DPL=0 TSS64-busy
GDT=     0000000000001058 0000001f
IDT=     0000000000080210 00000fff
CR0=e0000031 CR2=0000000000000000 CR3=0000000000070000 CR4=00000620
DR0=0000000000000000 DR1=0000000000000000 DR2=0000000000000000 DR3=0000000000000000 
DR6=00000000ffff0ff0 DR7=0000000000000400
CCS=0000000000000000 CCD=0000000000006e00 CCO=SUBB
EFER=0000000000000500
Servicing hardware INT=0x21
     8: v=21 e=0000 i=0 cpl=0 IP=0018:0000000000001cf9 pc=0000000000001cf9 SP=0010:0000000000067000 env->regs[R_EAX]=00000000000b81f0
RAX=00000000000b81f0 RBX=00000000000b81ee RCX=000000000000000a RDX=0000000000006e00
RSI=0000000000001096 RDI=0000000000080420 RBP=0000000000000000 RSP=0000000000067000
R8 =0000000080001808 R9 =0000000000000001 R10=000000000000000a R11=0000000000006e21
R12=0000000000007a1c R13=0000000000000000 R14=0000000000000000 R15=0000000000000004
RIP=0000000000001cf9 RFL=00000246 [---Z-P-] CPL=0 II=0 A20=1 SMM=0 HLT=0
ES =0010 0000000000000000 ffffffff 00cf9300 DPL=0 DS   [-WA]
CS =0018 0000000000000000 00000000 00209a00 DPL=0 CS64 [-R-]
SS =0010 0000000000000000 ffffffff 00cf9300 DPL=0 DS   [-WA]
DS =0010 0000000000000000 ffffffff 00cf9300 DPL=0 DS   [-WA]
FS =0010 0000000000000000 ffffffff 00cf9300 DPL=0 DS   [-WA]
GS =0010 0000000000000000 ffffffff 00cf9300 DPL=0 DS   [-WA]
LDT=0000 0000000000000000 0000ffff 00008200 DPL=0 LDT
TR =0000 0000000000000000 0000ffff 00008b00 DPL=0 TSS64-busy
GDT=     0000000000001058 0000001f
IDT=     0000000000080210 00000fff
CR0=e0000031 CR2=0000000000000000 CR3=0000000000070000 CR4=00000620
DR0=0000000000000000 DR1=0000000000000000 DR2=0000000000000000 DR3=0000000000000000 
DR6=00000000ffff0ff0 DR7=0000000000000400
CCS=0000000000000000 CCD=0000000000006e00 CCO=SUBB
EFER=0000000000000500
Servicing hardware INT=0x21
     9: v=21 e=0000 i=0 cpl=0 IP=0018:0000000000001cf9 pc=0000000000001cf9 SP=0010:0000000000067000 env->regs[R_EAX]=00000000000b81f0
RAX=00000000000b81f0 RBX=00000000000b81ee RCX=000000000000000a RDX=0000000000006e00
RSI=0000000000001096 RDI=0000000000080420 RBP=0000000000000000 RSP=0000000000067000
R8 =0000000080001808 R9 =0000000000000001 R10=000000000000000a R11=0000000000006e21
R12=0000000000007a1c R13=0000000000000000 R14=0000000000000000 R15=0000000000000004
RIP=0000000000001cf9 RFL=00000246 [---Z-P-] CPL=0 II=0 A20=1 SMM=0 HLT=0
ES =0010 0000000000000000 ffffffff 00cf9300 DPL=0 DS   [-WA]
CS =0018 0000000000000000 00000000 00209a00 DPL=0 CS64 [-R-]
SS =0010 0000000000000000 ffffffff 00cf9300 DPL=0 DS   [-WA]
DS =0010 0000000000000000 ffffffff 00cf9300 DPL=0 DS   [-WA]
FS =0010 0000000000000000 ffffffff 00cf9300 DPL=0 DS   [-WA]
GS =0010 0000000000000000 ffffffff 00cf9300 DPL=0 DS   [-WA]
LDT=0000 0000000000000000 0000ffff 00008200 DPL=0 LDT
TR =0000 0000000000000000 0000ffff 00008b00 DPL=0 TSS64-busy
GDT=     0000000000001058 0000001f
IDT=     0000000000080210 00000fff
CR0=e0000031 CR2=0000000000000000 CR3=0000000000070000 CR4=00000620
DR0=0000000000000000 DR1=0000000000000000 DR2=0000000000000000 DR3=0000000000000000 
DR6=00000000ffff0ff0 DR7=0000000000000400
CCS=0000000000000000 CCD=0000000000006e00 CCO=SUBB
EFER=0000000000000500
Servicing hardware INT=0x21
    10: v=21 e=0000 i=0 cpl=0 IP=0018:0000000000001cf9 pc=0000000000001cf9 SP=0010:0000000000067000 env->regs[R_EAX]=00000000000b81f0
RAX=00000000000b81f0 RBX=00000000000b81ee RCX=000000000000000a RDX=0000000000006e00
RSI=0000000000001096 RDI=0000000000080420 RBP=0000000000000000 RSP=0000000000067000
R8 =0000000080001808 R9 =0000000000000001 R10=000000000000000a R11=0000000000006e21
R12=0000000000007a1c R13=0000000000000000 R14=0000000000000000 R15=0000000000000004
RIP=0000000000001cf9 RFL=00000246 [---Z-P-] CPL=0 II=0 A20=1 SMM=0 HLT=0
ES =0010 0000000000000000 ffffffff 00cf9300 DPL=0 DS   [-WA]
CS =0018 0000000000000000 00000000 00209a00 DPL=0 CS64 [-R-]
SS =0010 0000000000000000 ffffffff 00cf9300 DPL=0 DS   [-WA]
DS =0010 0000000000000000 ffffffff 00cf9300 DPL=0 DS   [-WA]
FS =0010 0000000000000000 ffffffff 00cf9300 DPL=0 DS   [-WA]
GS =0010 0000000000000000 ffffffff 00cf9300 DPL=0 DS   [-WA]
LDT=0000 0000000000000000 0000ffff 00008200 DPL=0 LDT
TR =0000 0000000000000000 0000ffff 00008b00 DPL=0 TSS64-busy
GDT=     0000000000001058 0000001f
IDT=     0000000000080210 00000fff
CR0=e0000031 CR2=0000000000000000 CR3=0000000000070000 CR4=00000620
DR0=0000000000000000 DR1=0000000000000000 DR2=0000000000000000 DR3=0000000000000000 
DR6=00000000ffff0ff0 DR7=0000000000000400
CCS=0000000000000000 CCD=0000000000006e00 CCO=SUBB
EFER=0000000000000500
Servicing hardware INT=0x21
    11: v=21 e=0000 i=0 cpl=0 IP=0018:0000000000001cf9 pc=0000000000001cf9 SP=0010:0000000000067000 env->regs[R_EAX]=00000000000b81f2
RAX=00000000000b81f2 RBX=00000000000b81ee RCX=000000000000000a RDX=0000000000006e00
RSI=0000000000001096 RDI=0000000000080420 RBP=0000000000000000 RSP=0000000000067000
R8 =0000000080001808 R9 =0000000000000001 R10=000000000000000a R11=0000000000006e21
R12=0000000000007a1c R13=0000000000000000 R14=0000000000000000 R15=0000000000000004
RIP=0000000000001cf9 RFL=00000246 [---Z-P-] CPL=0 II=0 A20=1 SMM=0 HLT=0
ES =0010 0000000000000000 ffffffff 00cf9300 DPL=0 DS   [-WA]
CS =0018 0000000000000000 00000000 00209a00 DPL=0 CS64 [-R-]
SS =0010 0000000000000000 ffffffff 00cf9300 DPL=0 DS   [-WA]
DS =0010 0000000000000000 ffffffff 00cf9300 DPL=0 DS   [-WA]
FS =0010 0000000000000000 ffffffff 00cf9300 DPL=0 DS   [-WA]
GS =0010 0000000000000000 ffffffff 00cf9300 DPL=0 DS   [-WA]
LDT=0000 0000000000000000 0000ffff 00008200 DPL=0 LDT
TR =0000 0000000000000000 0000ffff 00008b00 DPL=0 TSS64-busy
GDT=     0000000000001058 0000001f
IDT=     0000000000080210 00000fff
CR0=e0000031 CR2=0000000000000000 CR3=0000000000070000 CR4=00000620
DR0=0000000000000000 DR1=0000000000000000 DR2=0000000000000000 DR3=0000000000000000 
DR6=00000000ffff0ff0 DR7=0000000000000400
CCS=0000000000000000 CCD=0000000000006e00 CCO=SUBB
EFER=0000000000000500
Servicing hardware INT=0x21
    12: v=21 e=0000 i=0 cpl=0 IP=0018:0000000000001cf9 pc=0000000000001cf9 SP=0010:0000000000067000 env->regs[R_EAX]=00000000000b81f2
RAX=00000000000b81f2 RBX=00000000000b81ee RCX=000000000000000a RDX=0000000000006e00
RSI=0000000000001096 RDI=0000000000080420 RBP=0000000000000000 RSP=0000000000067000
R8 =0000000080001808 R9 =0000000000000001 R10=000000000000000a R11=0000000000006e21
R12=0000000000007a1c R13=0000000000000000 R14=0000000000000000 R15=0000000000000004
RIP=0000000000001cf9 RFL=00000246 [---Z-P-] CPL=0 II=0 A20=1 SMM=0 HLT=0
ES =0010 0000000000000000 ffffffff 00cf9300 DPL=0 DS   [-WA]
CS =0018 0000000000000000 00000000 00209a00 DPL=0 CS64 [-R-]
SS =0010 0000000000000000 ffffffff 00cf9300 DPL=0 DS   [-WA]
DS =0010 0000000000000000 ffffffff 00cf9300 DPL=0 DS   [-WA]
FS =0010 0000000000000000 ffffffff 00cf9300 DPL=0 DS   [-WA]
GS =0010 0000000000000000 ffffffff 00cf9300 DPL=0 DS   [-WA]
LDT=0000 0000000000000000 0000ffff 00008200 DPL=0 LDT
TR =0000 0000000000000000 0000ffff 00008b00 DPL=0 TSS64-busy
GDT=     0000000000001058 0000001f
IDT=     0000000000080210 00000fff
CR0=e0000031 CR2=0000000000000000 CR3=0000000000070000 CR4=00000620
DR0=0000000000000000 DR1=0000000000000000 DR2=0000000000000000 DR3=0000000000000000 
DR6=00000000ffff0ff0 DR7=0000000000000400
CCS=0000000000000000 CCD=0000000000006e00 CCO=SUBB
EFER=0000000000000500
Servicing hardware INT=0x21
    13: v=21 e=0000 i=0 cpl=0 IP=0018:0000000000001cf9 pc=0000000000001cf9 SP=0010:0000000000067000 env->regs[R_EAX]=00000000000b81f2
RAX=00000000000b81f2 RBX=00000000000b81ee RCX=000000000000000a RDX=0000000000006e00
RSI=0000000000001096 RDI=0000000000080420 RBP=0000000000000000 RSP=0000000000067000
R8 =0000000080001808 R9 =0000000000000001 R10=000000000000000a R11=0000000000006e21
R12=0000000000007a1c R13=0000000000000000 R14=0000000000000000 R15=0000000000000004
RIP=0000000000001cf9 RFL=00000246 [---Z-P-] CPL=0 II=0 A20=1 SMM=0 HLT=0
ES =0010 0000000000000000 ffffffff 00cf9300 DPL=0 DS   [-WA]
CS =0018 0000000000000000 00000000 00209a00 DPL=0 CS64 [-R-]
SS =0010 0000000000000000 ffffffff 00cf9300 DPL=0 DS   [-WA]
DS =0010 0000000000000000 ffffffff 00cf9300 DPL=0 DS   [-WA]
FS =0010 0000000000000000 ffffffff 00cf9300 DPL=0 DS   [-WA]
GS =0010 0000000000000000 ffffffff 00cf9300 DPL=0 DS   [-WA]
LDT=0000 0000000000000000 0000ffff 00008200 DPL=0 LDT
TR =0000 0000000000000000 0000ffff 00008b00 DPL=0 TSS64-busy
GDT=     0000000000001058 0000001f
IDT=     0000000000080210 00000fff
CR0=e0000031 CR2=0000000000000000 CR3=0000000000070000 CR4=00000620
DR0=0000000000000000 DR1=0000000000000000 DR2=0000000000000000 DR3=0000000000000000 
DR6=00000000ffff0ff0 DR7=0000000000000400
CCS=0000000000000000 CCD=0000000000006e00 CCO=SUBB
EFER=0000000000000500
Servicing hardware INT=0x21
    14: v=21 e=0000 i=0 cpl=0 IP=0018:0000000000001cf9 pc=0000000000001cf9 SP=0010:0000000000067000 env->regs[R_EAX]=00000000000b81f2
RAX=00000000000b81f2 RBX=00000000000b81ee RCX=000000000000000a RDX=0000000000006e00
RSI=0000000000001096 RDI=0000000000080420 RBP=0000000000000000 RSP=0000000000067000
R8 =0000000080001808 R9 =0000000000000001 R10=000000000000000a R11=0000000000006e21
R12=0000000000007a1c R13=0000000000000000 R14=0000000000000000 R15=0000000000000004
RIP=0000000000001cf9 RFL=00000246 [---Z-P-] CPL=0 II=0 A20=1 SMM=0 HLT=0
ES =0010 0000000000000000 ffffffff 00cf9300 DPL=0 DS   [-WA]
CS =0018 0000000000000000 00000000 00209a00 DPL=0 CS64 [-R-]
SS =0010 0000000000000000 ffffffff 00cf9300 DPL=0 DS   [-WA]
DS =0010 0000000000000000 ffffffff 00cf9300 DPL=0 DS   [-WA]
FS =0010 0000000000000000 ffffffff 00cf9300 DPL=0 DS   [-WA]
GS =0010 0000000000000000 ffffffff 00cf9300 DPL=0 DS   [-WA]
LDT=0000 0000000000000000 0000ffff 00008200 DPL=0 LDT
TR =0000 0000000000000000 0000ffff 00008b00 DPL=0 TSS64-busy
GDT=     0000000000001058 0000001f
IDT=     0000000000080210 00000fff
CR0=e0000031 CR2=0000000000000000 CR3=0000000000070000 CR4=00000620
DR0=0000000000000000 DR1=0000000000000000 DR2=0000000000000000 DR3=0000000000000000 
DR6=00000000ffff0ff0 DR7=0000000000000400
CCS=0000000000000000 CCD=0000000000006e00 CCO=SUBB
EFER=0000000000000500
Servicing hardware INT=0x21
    15: v=21 e=0000 i=0 cpl=0 IP=0018:0000000000001cf9 pc=0000000000001cf9 SP=0010:0000000000067000 env->regs[R_EAX]=00000000000b81f2
RAX=00000000000b81f2 RBX=00000000000b81ee RCX=000000000000000a RDX=0000000000006e00
RSI=0000000000001096 RDI=0000000000080420 RBP=0000000000000000 RSP=0000000000067000
R8 =0000000080001808 R9 =0000000000000001 R10=000000000000000a R11=0000000000006e21
R12=0000000000007a1c R13=0000000000000000 R14=0000000000000000 R15=0000000000000004
RIP=0000000000001cf9 RFL=00000246 [---Z-P-] CPL=0 II=0 A20=1 SMM=0 HLT=0
ES =0010 0000000000000000 ffffffff 00cf9300 DPL=0 DS   [-WA]
CS =0018 0000000000000000 00000000 00209a00 DPL=0 CS64 [-R-]
SS =0010 0000000000000000 ffffffff 00cf9300 DPL=0 DS   [-WA]
DS =0010 0000000000000000 ffffffff 00cf9300 DPL=0 DS   [-WA]
FS =0010 0000000000000000 ffffffff 00cf9300 DPL=0 DS   [-WA]
GS =0010 0000000000000000 ffffffff 00cf9300 DPL=0 DS   [-WA]
LDT=0000 0000000000000000 0000ffff 00008200 DPL=0 LDT
TR =0000 0000000000000000 0000ffff 00008b00 DPL=0 TSS64-busy
GDT=     0000000000001058 0000001f
IDT=     0000000000080210 00000fff
CR0=e0000031 CR2=0000000000000000 CR3=0000000000070000 CR4=00000620
DR0=0000000000000000 DR1=0000000000000000 DR2=0000000000000000 DR3=0000000000000000 
DR6=00000000ffff0ff0 DR7=0000000000000400
CCS=0000000000000044 CCD=0000000000006e00 CCO=EFLAGS
EFER=0000000000000500
Servicing hardware INT=0x21
    16: v=21 e=0000 i=0 cpl=0 IP=0018:0000000000001cf9 pc=0000000000001cf9 SP=0010:0000000000067000 env->regs[R_EAX]=00000000000b81f2
RAX=00000000000b81f2 RBX=00000000000b81ee RCX=000000000000000a RDX=0000000000006e00
RSI=0000000000001096 RDI=0000000000080420 RBP=0000000000000000 RSP=0000000000067000
R8 =0000000080001808 R9 =0000000000000001 R10=000000000000000a R11=0000000000006e21
R12=0000000000007a1c R13=0000000000000000 R14=0000000000000000 R15=0000000000000004
RIP=0000000000001cf9 RFL=00000246 [---Z-P-] CPL=0 II=0 A20=1 SMM=0 HLT=0
ES =0010 0000000000000000 ffffffff 00cf9300 DPL=0 DS   [-WA]
CS =0018 0000000000000000 00000000 00209a00 DPL=0 CS64 [-R-]
SS =0010 0000000000000000 ffffffff 00cf9300 DPL=0 DS   [-WA]
DS =0010 0000000000000000 ffffffff 00cf9300 DPL=0 DS   [-WA]
FS =0010 0000000000000000 ffffffff 00cf9300 DPL=0 DS   [-WA]
GS =0010 0000000000000000 ffffffff 00cf9300 DPL=0 DS   [-WA]
LDT=0000 0000000000000000 0000ffff 00008200 DPL=0 LDT
TR =0000 0000000000000000 0000ffff 00008b00 DPL=0 TSS64-busy
GDT=     0000000000001058 0000001f
IDT=     0000000000080210 00000fff
CR0=e0000031 CR2=0000000000000000 CR3=0000000000070000 CR4=00000620
DR0=0000000000000000 DR1=0000000000000000 DR2=0000000000000000 DR3=0000000000000000 
DR6=00000000ffff0ff0 DR7=0000000000000400
CCS=0000000000000000 CCD=0000000000006e00 CCO=SUBB
EFER=0000000000000500
Servicing hardware INT=0x21
    17: v=21 e=0000 i=0 cpl=0 IP=0018:0000000000001cf9 pc=0000000000001cf9 SP=0010:0000000000067000 env->regs[R_EAX]=00000000000b81f4
RAX=00000000000b81f4 RBX=00000000000b81ee RCX=000000000000000a RDX=0000000000006e00
RSI=0000000000001096 RDI=0000000000080420 RBP=0000000000000000 RSP=0000000000067000
R8 =0000000080001808 R9 =0000000000000001 R10=000000000000000a R11=0000000000006e21
R12=0000000000007a1c R13=0000000000000000 R14=0000000000000000 R15=0000000000000004
RIP=0000000000001cf9 RFL=00000246 [---Z-P-] CPL=0 II=0 A20=1 SMM=0 HLT=0
ES =0010 0000000000000000 ffffffff 00cf9300 DPL=0 DS   [-WA]
CS =0018 0000000000000000 00000000 00209a00 DPL=0 CS64 [-R-]
SS =0010 0000000000000000 ffffffff 00cf9300 DPL=0 DS   [-WA]
DS =0010 0000000000000000 ffffffff 00cf9300 DPL=0 DS   [-WA]
FS =0010 0000000000000000 ffffffff 00cf9300 DPL=0 DS   [-WA]
GS =0010 0000000000000000 ffffffff 00cf9300 DPL=0 DS   [-WA]
LDT=0000 0000000000000000 0000ffff 00008200 DPL=0 LDT
TR =0000 0000000000000000 0000ffff 00008b00 DPL=0 TSS64-busy
GDT=     0000000000001058 0000001f
IDT=     0000000000080210 00000fff
CR0=e0000031 CR2=0000000000000000 CR3=0000000000070000 CR4=00000620
DR0=0000000000000000 DR1=0000000000000000 DR2=0000000000000000 DR3=0000000000000000 
DR6=00000000ffff0ff0 DR7=0000000000000400
CCS=0000000000000000 CCD=0000000000006e00 CCO=SUBB
EFER=0000000000000500
Servicing hardware INT=0x21
    18: v=21 e=0000 i=0 cpl=0 IP=0018:0000000000001cf9 pc=0000000000001cf9 SP=0010:0000000000067000 env->regs[R_EAX]=00000000000b81f4
RAX=00000000000b81f4 RBX=00000000000b81ee RCX=000000000000000a RDX=0000000000006e00
RSI=0000000000001096 RDI=0000000000080420 RBP=0000000000000000 RSP=0000000000067000
R8 =0000000080001808 R9 =0000000000000001 R10=000000000000000a R11=0000000000006e21
R12=0000000000007a1c R13=0000000000000000 R14=0000000000000000 R15=0000000000000004
RIP=0000000000001cf9 RFL=00000246 [---Z-P-] CPL=0 II=0 A20=1 SMM=0 HLT=0
ES =0010 0000000000000000 ffffffff 00cf9300 DPL=0 DS   [-WA]
CS =0018 0000000000000000 00000000 00209a00 DPL=0 CS64 [-R-]
SS =0010 0000000000000000 ffffffff 00cf9300 DPL=0 DS   [-WA]
DS =0010 0000000000000000 ffffffff 00cf9300 DPL=0 DS   [-WA]
FS =0010 0000000000000000 ffffffff 00cf9300 DPL=0 DS   [-WA]
GS =0010 0000000000000000 ffffffff 00cf9300 DPL=0 DS   [-WA]
LDT=0000 0000000000000000 0000ffff 00008200 DPL=0 LDT
TR =0000 0000000000000000 0000ffff 00008b00 DPL=0 TSS64-busy
GDT=     0000000000001058 0000001f
IDT=     0000000000080210 00000fff
CR0=e0000031 CR2=0000000000000000 CR3=0000000000070000 CR4=00000620
DR0=0000000000000000 DR1=0000000000000000 DR2=0000000000000000 DR3=0000000000000000 
DR6=00000000ffff0ff0 DR7=0000000000000400
CCS=0000000000000000 CCD=0000000000006e00 CCO=SUBB
EFER=0000000000000500
Servicing hardware INT=0x21
    19: v=21 e=0000 i=0 cpl=0 IP=0018:0000000000001cf9 pc=0000000000001cf9 SP=0010:0000000000067000 env->regs[R_EAX]=00000000000b81f4
RAX=00000000000b81f4 RBX=00000000000b81ee RCX=000000000000000a RDX=0000000000006e00
RSI=0000000000001096 RDI=0000000000080420 RBP=0000000000000000 RSP=0000000000067000
R8 =0000000080001808 R9 =0000000000000001 R10=000000000000000a R11=0000000000006e21
R12=0000000000007a1c R13=0000000000000000 R14=0000000000000000 R15=0000000000000004
RIP=0000000000001cf9 RFL=00000246 [---Z-P-] CPL=0 II=0 A20=1 SMM=0 HLT=0
ES =0010 0000000000000000 ffffffff 00cf9300 DPL=0 DS   [-WA]
CS =0018 0000000000000000 00000000 00209a00 DPL=0 CS64 [-R-]
SS =0010 0000000000000000 ffffffff 00cf9300 DPL=0 DS   [-WA]
DS =0010 0000000000000000 ffffffff 00cf9300 DPL=0 DS   [-WA]
FS =0010 0000000000000000 ffffffff 00cf9300 DPL=0 DS   [-WA]
GS =0010 0000000000000000 ffffffff 00cf9300 DPL=0 DS   [-WA]
LDT=0000 0000000000000000 0000ffff 00008200 DPL=0 LDT
TR =0000 0000000000000000 0000ffff 00008b00 DPL=0 TSS64-busy
GDT=     0000000000001058 0000001f
IDT=     0000000000080210 00000fff
CR0=e0000031 CR2=0000000000000000 CR3=0000000000070000 CR4=00000620
DR0=0000000000000000 DR1=0000000000000000 DR2=0000000000000000 DR3=0000000000000000 
DR6=00000000ffff0ff0 DR7=0000000000000400
CCS=0000000000000000 CCD=0000000000006e00 CCO=SUBB
EFER=0000000000000500
Servicing hardware INT=0x21
    20: v=21 e=0000 i=0 cpl=0 IP=0018:0000000000001cf9 pc=0000000000001cf9 SP=0010:0000000000067000 env->regs[R_EAX]=00000000000b81f4
RAX=00000000000b81f4 RBX=00000000000b81ee RCX=000000000000000a RDX=0000000000006e00
RSI=0000000000001096 RDI=0000000000080420 RBP=0000000000000000 RSP=0000000000067000
R8 =0000000080001808 R9 =0000000000000001 R10=000000000000000a R11=0000000000006e21
R12=0000000000007a1c R13=0000000000000000 R14=0000000000000000 R15=0000000000000004
RIP=0000000000001cf9 RFL=00000246 [---Z-P-] CPL=0 II=0 A20=1 SMM=0 HLT=0
ES =0010 0000000000000000 ffffffff 00cf9300 DPL=0 DS   [-WA]
CS =0018 0000000000000000 00000000 00209a00 DPL=0 CS64 [-R-]
SS =0010 0000000000000000 ffffffff 00cf9300 DPL=0 DS   [-WA]
DS =0010 0000000000000000 ffffffff 00cf9300 DPL=0 DS   [-WA]
FS =0010 0000000000000000 ffffffff 00cf9300 DPL=0 DS   [-WA]
GS =0010 0000000000000000 ffffffff 00cf9300 DPL=0 DS   [-WA]
LDT=0000 0000000000000000 0000ffff 00008200 DPL=0 LDT
TR =0000 0000000000000000 0000ffff 00008b00 DPL=0 TSS64-busy
GDT=     0000000000001058 0000001f
IDT=     0000000000080210 00000fff
CR0=e0000031 CR2=0000000000000000 CR3=0000000000070000 CR4=00000620
DR0=0000000000000000 DR1=0000000000000000 DR2=0000000000000000 DR3=0000000000000000 
DR6=00000000ffff0ff0 DR7=0000000000000400
CCS=0000000000000000 CCD=0000000000006e00 CCO=SUBB
EFER=0000000000000500
Servicing hardware INT=0x21
    21: v=21 e=0000 i=0 cpl=0 IP=0018:0000000000001cf9 pc=0000000000001cf9 SP=0010:0000000000067000 env->regs[R_EAX]=00000000000b81f4
RAX=00000000000b81f4 RBX=00000000000b81ee RCX=000000000000000a RDX=0000000000006e00
RSI=0000000000001096 RDI=0000000000080420 RBP=0000000000000000 RSP=0000000000067000
R8 =0000000080001808 R9 =0000000000000001 R10=000000000000000a R11=0000000000006e21
R12=0000000000007a1c R13=0000000000000000 R14=0000000000000000 R15=0000000000000004
RIP=0000000000001cf9 RFL=00000246 [---Z-P-] CPL=0 II=0 A20=1 SMM=0 HLT=0
ES =0010 0000000000000000 ffffffff 00cf9300 DPL=0 DS   [-WA]
CS =0018 0000000000000000 00000000 00209a00 DPL=0 CS64 [-R-]
SS =0010 0000000000000000 ffffffff 00cf9300 DPL=0 DS   [-WA]
DS =0010 0000000000000000 ffffffff 00cf9300 DPL=0 DS   [-WA]
FS =0010 0000000000000000 ffffffff 00cf9300 DPL=0 DS   [-WA]
GS =0010 0000000000000000 ffffffff 00cf9300 DPL=0 DS   [-WA]
LDT=0000 0000000000000000 0000ffff 00008200 DPL=0 LDT
TR =0000 0000000000000000 0000ffff 00008b00 DPL=0 TSS64-busy
GDT=     0000000000001058 0000001f
IDT=     0000000000080210 00000fff
CR0=e0000031 CR2=0000000000000000 CR3=0000000000070000 CR4=00000620
DR0=0000000000000000 DR1=0000000000000000 DR2=0000000000000000 DR3=0000000000000000 
DR6=00000000ffff0ff0 DR7=0000000000000400
CCS=0000000000000000 CCD=0000000000006e00 CCO=SUBB
EFER=0000000000000500
Servicing hardware INT=0x21
    22: v=21 e=0000 i=0 cpl=0 IP=0018:0000000000001cf9 pc=0000000000001cf9 SP=0010:0000000000067000 env->regs[R_EAX]=00000000000b81f4
RAX=00000000000b81f4 RBX=00000000000b81ee RCX=000000000000000a RDX=0000000000006e00
RSI=0000000000001096 RDI=0000000000080420 RBP=0000000000000000 RSP=0000000000067000
R8 =0000000080001808 R9 =0000000000000001 R10=000000000000000a R11=0000000000006e21
R12=0000000000007a1c R13=0000000000000000 R14=0000000000000000 R15=0000000000000004
RIP=0000000000001cf9 RFL=00000246 [---Z-P-] CPL=0 II=0 A20=1 SMM=0 HLT=0
ES =0010 0000000000000000 ffffffff 00cf9300 DPL=0 DS   [-WA]
CS =0018 0000000000000000 00000000 00209a00 DPL=0 CS64 [-R-]
SS =0010 0000000000000000 ffffffff 00cf9300 DPL=0 DS   [-WA]
DS =0010 0000000000000000 ffffffff 00cf9300 DPL=0 DS   [-WA]
FS =0010 0000000000000000 ffffffff 00cf9300 DPL=0 DS   [-WA]
GS =0010 0000000000000000 ffffffff 00cf9300 DPL=0 DS   [-WA]
LDT=0000 0000000000000000 0000ffff 00008200 DPL=0 LDT
TR =0000 0000000000000000 0000ffff 00008b00 DPL=0 TSS64-busy
GDT=     0000000000001058 0000001f
IDT=     0000000000080210 00000fff
CR0=e0000031 CR2=0000000000000000 CR3=0000000000070000 CR4=00000620
DR0=0000000000000000 DR1=0000000000000000 DR2=0000000000000000 DR3=0000000000000000 
DR6=00000000ffff0ff0 DR7=0000000000000400
CCS=0000000000000000 CCD=0000000000006e00 CCO=SUBB
EFER=0000000000000500
Servicing hardware INT=0x21
    23: v=21 e=0000 i=0 cpl=0 IP=0018:0000000000001cf9 pc=0000000000001cf9 SP=0010:0000000000067000 env->regs[R_EAX]=00000000000b81f6
RAX=00000000000b81f6 RBX=00000000000b81ee RCX=000000000000000a RDX=0000000000006e00
RSI=0000000000001096 RDI=0000000000080420 RBP=0000000000000000 RSP=0000000000067000
R8 =0000000080001808 R9 =0000000000000001 R10=000000000000000a R11=0000000000006e21
R12=0000000000007a1c R13=0000000000000000 R14=0000000000000000 R15=0000000000000004
RIP=0000000000001cf9 RFL=00000246 [---Z-P-] CPL=0 II=0 A20=1 SMM=0 HLT=0
ES =0010 0000000000000000 ffffffff 00cf9300 DPL=0 DS   [-WA]
CS =0018 0000000000000000 00000000 00209a00 DPL=0 CS64 [-R-]
SS =0010 0000000000000000 ffffffff 00cf9300 DPL=0 DS   [-WA]
DS =0010 0000000000000000 ffffffff 00cf9300 DPL=0 DS   [-WA]
FS =0010 0000000000000000 ffffffff 00cf9300 DPL=0 DS   [-WA]
GS =0010 0000000000000000 ffffffff 00cf9300 DPL=0 DS   [-WA]
LDT=0000 0000000000000000 0000ffff 00008200 DPL=0 LDT
TR =0000 0000000000000000 0000ffff 00008b00 DPL=0 TSS64-busy
GDT=     0000000000001058 0000001f
IDT=     0000000000080210 00000fff
CR0=e0000031 CR2=0000000000000000 CR3=0000000000070000 CR4=00000620
DR0=0000000000000000 DR1=0000000000000000 DR2=0000000000000000 DR3=0000000000000000 
DR6=00000000ffff0ff0 DR7=0000000000000400
CCS=0000000000000000 CCD=0000000000006e00 CCO=SUBB
EFER=0000000000000500
Servicing hardware INT=0x21
    24: v=21 e=0000 i=0 cpl=0 IP=0018:0000000000001cf9 pc=0000000000001cf9 SP=0010:0000000000067000 env->regs[R_EAX]=00000000000b81f6
RAX=00000000000b81f6 RBX=00000000000b81ee RCX=000000000000000a RDX=0000000000006e00
RSI=0000000000001096 RDI=0000000000080420 RBP=0000000000000000 RSP=0000000000067000
R8 =0000000080001808 R9 =0000000000000001 R10=000000000000000a R11=0000000000006e21
R12=0000000000007a1c R13=0000000000000000 R14=0000000000000000 R15=0000000000000004
RIP=0000000000001cf9 RFL=00000246 [---Z-P-] CPL=0 II=0 A20=1 SMM=0 HLT=0
ES =0010 0000000000000000 ffffffff 00cf9300 DPL=0 DS   [-WA]
CS =0018 0000000000000000 00000000 00209a00 DPL=0 CS64 [-R-]
SS =0010 0000000000000000 ffffffff 00cf9300 DPL=0 DS   [-WA]
DS =0010 0000000000000000 ffffffff 00cf9300 DPL=0 DS   [-WA]
FS =0010 0000000000000000 ffffffff 00cf9300 DPL=0 DS   [-WA]
GS =0010 0000000000000000 ffffffff 00cf9300 DPL=0 DS   [-WA]
LDT=0000 0000000000000000 0000ffff 00008200 DPL=0 LDT
TR =0000 0000000000000000 0000ffff 00008b00 DPL=0 TSS64-busy
GDT=     0000000000001058 0000001f
IDT=     0000000000080210 00000fff
CR0=e0000031 CR2=0000000000000000 CR3=0000000000070000 CR4=00000620
DR0=0000000000000000 DR1=0000000000000000 DR2=0000000000000000 DR3=0000000000000000 
DR6=00000000ffff0ff0 DR7=0000000000000400
CCS=0000000000000000 CCD=0000000000006e00 CCO=SUBB
EFER=0000000000000500
Servicing hardware INT=0x21
    25: v=21 e=0000 i=0 cpl=0 IP=0018:0000000000001cf9 pc=0000000000001cf9 SP=0010:0000000000067000 env->regs[R_EAX]=00000000000b8d2e
RAX=00000000000b8d2e RBX=00000000000b8d2e RCX=000000000000000a RDX=0000000000006e00
RSI=0000000000001096 RDI=0000000000080420 RBP=0000000000000000 RSP=0000000000067000
R8 =0000000080001808 R9 =0000000000000001 R10=000000000000000a R11=0000000000006e21
R12=0000000000007a1c R13=0000000000000000 R14=0000000000000000 R15=0000000000000004
RIP=0000000000001cf9 RFL=00000246 [---Z-P-] CPL=0 II=0 A20=1 SMM=0 HLT=0
ES =0010 0000000000000000 ffffffff 00cf9300 DPL=0 DS   [-WA]
CS =0018 0000000000000000 00000000 00209a00 DPL=0 CS64 [-R-]
SS =0010 0000000000000000 ffffffff 00cf9300 DPL=0 DS   [-WA]
DS =0010 0000000000000000 ffffffff 00cf9300 DPL=0 DS   [-WA]
FS =0010 0000000000000000 ffffffff 00cf9300 DPL=0 DS   [-WA]
GS =0010 0000000000000000 ffffffff 00cf9300 DPL=0 DS   [-WA]
LDT=0000 0000000000000000 0000ffff 00008200 DPL=0 LDT
TR =0000 0000000000000000 0000ffff 00008b00 DPL=0 TSS64-busy
GDT=     0000000000001058 0000001f
IDT=     0000000000080210 00000fff
CR0=e0000031 CR2=0000000000000000 CR3=0000000000070000 CR4=00000620
DR0=0000000000000000 DR1=0000000000000000 DR2=0000000000000000 DR3=0000000000000000 
DR6=00000000ffff0ff0 DR7=0000000000000400
CCS=0000000000000000 CCD=0000000000006e00 CCO=SUBB
EFER=0000000000000500
Servicing hardware INT=0x21
    26: v=21 e=0000 i=0 cpl=0 IP=0018:0000000000001cf9 pc=0000000000001cf9 SP=0010:0000000000067000 env->regs[R_EAX]=00000000000b8d2e
RAX=00000000000b8d2e RBX=00000000000b8d2e RCX=000000000000000a RDX=0000000000006e00
RSI=0000000000001096 RDI=0000000000080420 RBP=0000000000000000 RSP=0000000000067000
R8 =0000000080001808 R9 =0000000000000001 R10=000000000000000a R11=0000000000006e21
R12=0000000000007a1c R13=0000000000000000 R14=0000000000000000 R15=0000000000000004
RIP=0000000000001cf9 RFL=00000246 [---Z-P-] CPL=0 II=0 A20=1 SMM=0 HLT=0
ES =0010 0000000000000000 ffffffff 00cf9300 DPL=0 DS   [-WA]
CS =0018 0000000000000000 00000000 00209a00 DPL=0 CS64 [-R-]
SS =0010 0000000000000000 ffffffff 00cf9300 DPL=0 DS   [-WA]
DS =0010 0000000000000000 ffffffff 00cf9300 DPL=0 DS   [-WA]
FS =0010 0000000000000000 ffffffff 00cf9300 DPL=0 DS   [-WA]
GS =0010 0000000000000000 ffffffff 00cf9300 DPL=0 DS   [-WA]
LDT=0000 0000000000000000 0000ffff 00008200 DPL=0 LDT
TR =0000 0000000000000000 0000ffff 00008b00 DPL=0 TSS64-busy
GDT=     0000000000001058 0000001f
IDT=     0000000000080210 00000fff
CR0=e0000031 CR2=0000000000000000 CR3=0000000000070000 CR4=00000620
DR0=0000000000000000 DR1=0000000000000000 DR2=0000000000000000 DR3=0000000000000000 
DR6=00000000ffff0ff0 DR7=0000000000000400
CCS=0000000000000000 CCD=0000000000006e00 CCO=SUBB
EFER=0000000000000500
Servicing hardware INT=0x21
    27: v=21 e=0000 i=0 cpl=0 IP=0018:0000000000001cf9 pc=0000000000001cf9 SP=0010:0000000000067000 env->regs[R_EAX]=00000000000b8d30
RAX=00000000000b8d30 RBX=00000000000b8d2e RCX=000000000000000a RDX=0000000000006e00
RSI=0000000000001096 RDI=0000000000080420 RBP=0000000000000000 RSP=0000000000067000
R8 =0000000080001808 R9 =0000000000000001 R10=000000000000000a R11=0000000000006e21
R12=0000000000007a1c R13=0000000000000000 R14=0000000000000000 R15=0000000000000004
RIP=0000000000001cf9 RFL=00000246 [---Z-P-] CPL=0 II=0 A20=1 SMM=0 HLT=0
ES =0010 0000000000000000 ffffffff 00cf9300 DPL=0 DS   [-WA]
CS =0018 0000000000000000 00000000 00209a00 DPL=0 CS64 [-R-]
SS =0010 0000000000000000 ffffffff 00cf9300 DPL=0 DS   [-WA]
DS =0010 0000000000000000 ffffffff 00cf9300 DPL=0 DS   [-WA]
FS =0010 0000000000000000 ffffffff 00cf9300 DPL=0 DS   [-WA]
GS =0010 0000000000000000 ffffffff 00cf9300 DPL=0 DS   [-WA]
LDT=0000 0000000000000000 0000ffff 00008200 DPL=0 LDT
TR =0000 0000000000000000 0000ffff 00008b00 DPL=0 TSS64-busy
GDT=     0000000000001058 0000001f
IDT=     0000000000080210 00000fff
CR0=e0000031 CR2=0000000000000000 CR3=0000000000070000 CR4=00000620
DR0=0000000000000000 DR1=0000000000000000 DR2=0000000000000000 DR3=0000000000000000 
DR6=00000000ffff0ff0 DR7=0000000000000400
CCS=0000000000000000 CCD=0000000000006e00 CCO=SUBB
EFER=0000000000000500
Servicing hardware INT=0x21
    28: v=21 e=0000 i=0 cpl=0 IP=0018:0000000000001cf9 pc=0000000000001cf9 SP=0010:0000000000067000 env->regs[R_EAX]=00000000000b8d30
RAX=00000000000b8d30 RBX=00000000000b8d2e RCX=000000000000000a RDX=0000000000006e00
RSI=0000000000001096 RDI=0000000000080420 RBP=0000000000000000 RSP=0000000000067000
R8 =0000000080001808 R9 =0000000000000001 R10=000000000000000a R11=0000000000006e21
R12=0000000000007a1c R13=0000000000000000 R14=0000000000000000 R15=0000000000000004
RIP=0000000000001cf9 RFL=00000246 [---Z-P-] CPL=0 II=0 A20=1 SMM=0 HLT=0
ES =0010 0000000000000000 ffffffff 00cf9300 DPL=0 DS   [-WA]
CS =0018 0000000000000000 00000000 00209a00 DPL=0 CS64 [-R-]
SS =0010 0000000000000000 ffffffff 00cf9300 DPL=0 DS   [-WA]
DS =0010 0000000000000000 ffffffff 00cf9300 DPL=0 DS   [-WA]
FS =0010 0000000000000000 ffffffff 00cf9300 DPL=0 DS   [-WA]
GS =0010 0000000000000000 ffffffff 00cf9300 DPL=0 DS   [-WA]
LDT=0000 0000000000000000 0000ffff 00008200 DPL=0 LDT
TR =0000 0000000000000000 0000ffff 00008b00 DPL=0 TSS64-busy
GDT=     0000000000001058 0000001f
IDT=     0000000000080210 00000fff
CR0=e0000031 CR2=0000000000000000 CR3=0000000000070000 CR4=00000620
DR0=0000000000000000 DR1=0000000000000000 DR2=0000000000000000 DR3=0000000000000000 
DR6=00000000ffff0ff0 DR7=0000000000000400
CCS=0000000000000000 CCD=0000000000006e00 CCO=SUBB
EFER=0000000000000500
Servicing hardware INT=0x21
    29: v=21 e=0000 i=0 cpl=0 IP=0018:0000000000001cf9 pc=0000000000001cf9 SP=0010:0000000000067000 env->regs[R_EAX]=00000000000b8d30
RAX=00000000000b8d30 RBX=00000000000b8d2e RCX=000000000000000a RDX=0000000000006e00
RSI=0000000000001096 RDI=0000000000080420 RBP=0000000000000000 RSP=0000000000067000
R8 =0000000080001808 R9 =0000000000000001 R10=000000000000000a R11=0000000000006e21
R12=0000000000007a1c R13=0000000000000000 R14=0000000000000000 R15=0000000000000004
RIP=0000000000001cf9 RFL=00000246 [---Z-P-] CPL=0 II=0 A20=1 SMM=0 HLT=0
ES =0010 0000000000000000 ffffffff 00cf9300 DPL=0 DS   [-WA]
CS =0018 0000000000000000 00000000 00209a00 DPL=0 CS64 [-R-]
SS =0010 0000000000000000 ffffffff 00cf9300 DPL=0 DS   [-WA]
DS =0010 0000000000000000 ffffffff 00cf9300 DPL=0 DS   [-WA]
FS =0010 0000000000000000 ffffffff 00cf9300 DPL=0 DS   [-WA]
GS =0010 0000000000000000 ffffffff 00cf9300 DPL=0 DS   [-WA]
LDT=0000 0000000000000000 0000ffff 00008200 DPL=0 LDT
TR =0000 0000000000000000 0000ffff 00008b00 DPL=0 TSS64-busy
GDT=     0000000000001058 0000001f
IDT=     0000000000080210 00000fff
CR0=e0000031 CR2=0000000000000000 CR3=0000000000070000 CR4=00000620
DR0=0000000000000000 DR1=0000000000000000 DR2=0000000000000000 DR3=0000000000000000 
DR6=00000000ffff0ff0 DR7=0000000000000400
CCS=0000000000000000 CCD=0000000000006e00 CCO=SUBB
EFER=0000000000000500
Servicing hardware INT=0x21
    30: v=21 e=0000 i=0 cpl=0 IP=0018:0000000000001cf9 pc=0000000000001cf9 SP=0010:0000000000067000 env->regs[R_EAX]=00000000000b8d30
RAX=00000000000b8d30 RBX=00000000000b8d2e RCX=000000000000000a RDX=0000000000006e00
RSI=0000000000001096 RDI=0000000000080420 RBP=0000000000000000 RSP=0000000000067000
R8 =0000000080001808 R9 =0000000000000001 R10=000000000000000a R11=0000000000006e21
R12=0000000000007a1c R13=0000000000000000 R14=0000000000000000 R15=0000000000000004
RIP=0000000000001cf9 RFL=00000246 [---Z-P-] CPL=0 II=0 A20=1 SMM=0 HLT=0
ES =0010 0000000000000000 ffffffff 00cf9300 DPL=0 DS   [-WA]
CS =0018 0000000000000000 00000000 00209a00 DPL=0 CS64 [-R-]
SS =0010 0000000000000000 ffffffff 00cf9300 DPL=0 DS   [-WA]
DS =0010 0000000000000000 ffffffff 00cf9300 DPL=0 DS   [-WA]
FS =0010 0000000000000000 ffffffff 00cf9300 DPL=0 DS   [-WA]
GS =0010 0000000000000000 ffffffff 00cf9300 DPL=0 DS   [-WA]
LDT=0000 0000000000000000 0000ffff 00008200 DPL=0 LDT
TR =0000 0000000000000000 0000ffff 00008b00 DPL=0 TSS64-busy
GDT=     0000000000001058 0000001f
IDT=     0000000000080210 00000fff
CR0=e0000031 CR2=0000000000000000 CR3=0000000000070000 CR4=00000620
DR0=0000000000000000 DR1=0000000000000000 DR2=0000000000000000 DR3=0000000000000000 
DR6=00000000ffff0ff0 DR7=0000000000000400
CCS=0000000000000000 CCD=0000000000006e00 CCO=SUBB
EFER=0000000000000500
Servicing hardware INT=0x21
    31: v=21 e=0000 i=0 cpl=0 IP=0018:0000000000001cf9 pc=0000000000001cf9 SP=0010:0000000000067000 env->regs[R_EAX]=00000000000b8d30
RAX=00000000000b8d30 RBX=00000000000b8d2e RCX=000000000000000a RDX=0000000000006e00
RSI=0000000000001096 RDI=0000000000080420 RBP=0000000000000000 RSP=0000000000067000
R8 =0000000080001808 R9 =0000000000000001 R10=000000000000000a R11=0000000000006e21
R12=0000000000007a1c R13=0000000000000000 R14=0000000000000000 R15=0000000000000004
RIP=0000000000001cf9 RFL=00000246 [---Z-P-] CPL=0 II=0 A20=1 SMM=0 HLT=0
ES =0010 0000000000000000 ffffffff 00cf9300 DPL=0 DS   [-WA]
CS =0018 0000000000000000 00000000 00209a00 DPL=0 CS64 [-R-]
SS =0010 0000000000000000 ffffffff 00cf9300 DPL=0 DS   [-WA]
DS =0010 0000000000000000 ffffffff 00cf9300 DPL=0 DS   [-WA]
FS =0010 0000000000000000 ffffffff 00cf9300 DPL=0 DS   [-WA]
GS =0010 0000000000000000 ffffffff 00cf9300 DPL=0 DS   [-WA]
LDT=0000 0000000000000000 0000ffff 00008200 DPL=0 LDT
TR =0000 0000000000000000 0000ffff 00008b00 DPL=0 TSS64-busy
GDT=     0000000000001058 0000001f
IDT=     0000000000080210 00000fff
CR0=e0000031 CR2=0000000000000000 CR3=0000000000070000 CR4=00000620
DR0=0000000000000000 DR1=0000000000000000 DR2=0000000000000000 DR3=0000000000000000 
DR6=00000000ffff0ff0 DR7=0000000000000400
CCS=0000000000000000 CCD=0000000000006e00 CCO=SUBB
EFER=0000000000000500
Servicing hardware INT=0x21
    32: v=21 e=0000 i=0 cpl=0 IP=0018:0000000000001cf9 pc=0000000000001cf9 SP=0010:0000000000067000 env->regs[R_EAX]=00000000000b8d30
RAX=00000000000b8d30 RBX=00000000000b8d2e RCX=000000000000000a RDX=0000000000006e00
RSI=0000000000001096 RDI=0000000000080420 RBP=0000000000000000 RSP=0000000000067000
R8 =0000000080001808 R9 =0000000000000001 R10=000000000000000a R11=0000000000006e21
R12=0000000000007a1c R13=0000000000000000 R14=0000000000000000 R15=0000000000000004
RIP=0000000000001cf9 RFL=00000246 [---Z-P-] CPL=0 II=0 A20=1 SMM=0 HLT=0
ES =0010 0000000000000000 ffffffff 00cf9300 DPL=0 DS   [-WA]
CS =0018 0000000000000000 00000000 00209a00 DPL=0 CS64 [-R-]
SS =0010 0000000000000000 ffffffff 00cf9300 DPL=0 DS   [-WA]
DS =0010 0000000000000000 ffffffff 00cf9300 DPL=0 DS   [-WA]
FS =0010 0000000000000000 ffffffff 00cf9300 DPL=0 DS   [-WA]
GS =0010 0000000000000000 ffffffff 00cf9300 DPL=0 DS   [-WA]
LDT=0000 0000000000000000 0000ffff 00008200 DPL=0 LDT
TR =0000 0000000000000000 0000ffff 00008b00 DPL=0 TSS64-busy
GDT=     0000000000001058 0000001f
IDT=     0000000000080210 00000fff
CR0=e0000031 CR2=0000000000000000 CR3=0000000000070000 CR4=00000620
DR0=0000000000000000 DR1=0000000000000000 DR2=0000000000000000 DR3=0000000000000000 
DR6=00000000ffff0ff0 DR7=0000000000000400
CCS=0000000000000000 CCD=0000000000006e00 CCO=SUBB
EFER=0000000000000500
Servicing hardware INT=0x21
    33: v=21 e=0000 i=0 cpl=0 IP=0018:0000000000001cf9 pc=0000000000001cf9 SP=0010:0000000000067000 env->regs[R_EAX]=00000000000b8d30
RAX=00000000000b8d30 RBX=00000000000b8d2e RCX=000000000000000a RDX=0000000000006e00
RSI=0000000000001096 RDI=0000000000080420 RBP=0000000000000000 RSP=0000000000067000
R8 =0000000080001808 R9 =0000000000000001 R10=000000000000000a R11=0000000000006e21
R12=0000000000007a1c R13=0000000000000000 R14=0000000000000000 R15=0000000000000004
RIP=0000000000001cf9 RFL=00000246 [---Z-P-] CPL=0 II=0 A20=1 SMM=0 HLT=0
ES =0010 0000000000000000 ffffffff 00cf9300 DPL=0 DS   [-WA]
CS =0018 0000000000000000 00000000 00209a00 DPL=0 CS64 [-R-]
SS =0010 0000000000000000 ffffffff 00cf9300 DPL=0 DS   [-WA]
DS =0010 0000000000000000 ffffffff 00cf9300 DPL=0 DS   [-WA]
FS =0010 0000000000000000 ffffffff 00cf9300 DPL=0 DS   [-WA]
GS =0010 0000000000000000 ffffffff 00cf9300 DPL=0 DS   [-WA]
LDT=0000 0000000000000000 0000ffff 00008200 DPL=0 LDT
TR =0000 0000000000000000 0000ffff 00008b00 DPL=0 TSS64-busy
GDT=     0000000000001058 0000001f
IDT=     0000000000080210 00000fff
CR0=e0000031 CR2=0000000000000000 CR3=0000000000070000 CR4=00000620
DR0=0000000000000000 DR1=0000000000000000 DR2=0000000000000000 DR3=0000000000000000 
DR6=00000000ffff0ff0 DR7=0000000000000400
CCS=0000000000000000 CCD=0000000000006e00 CCO=SUBB
EFER=0000000000000500
Servicing hardware INT=0x21
    34: v=21 e=0000 i=0 cpl=0 IP=0018:0000000000001cf9 pc=0000000000001cf9 SP=0010:0000000000067000 env->regs[R_EAX]=00000000000b8d30
RAX=00000000000b8d30 RBX=00000000000b8d2e RCX=000000000000000a RDX=0000000000006e00
RSI=0000000000001096 RDI=0000000000080420 RBP=0000000000000000 RSP=0000000000067000
R8 =0000000080001808 R9 =0000000000000001 R10=000000000000000a R11=0000000000006e21
R12=0000000000007a1c R13=0000000000000000 R14=0000000000000000 R15=0000000000000004
RIP=0000000000001cf9 RFL=00000246 [---Z-P-] CPL=0 II=0 A20=1 SMM=0 HLT=0
ES =0010 0000000000000000 ffffffff 00cf9300 DPL=0 DS   [-WA]
CS =0018 0000000000000000 00000000 00209a00 DPL=0 CS64 [-R-]
SS =0010 0000000000000000 ffffffff 00cf9300 DPL=0 DS   [-WA]
DS =0010 0000000000000000 ffffffff 00cf9300 DPL=0 DS   [-WA]
FS =0010 0000000000000000 ffffffff 00cf9300 DPL=0 DS   [-WA]
GS =0010 0000000000000000 ffffffff 00cf9300 DPL=0 DS   [-WA]
LDT=0000 0000000000000000 0000ffff 00008200 DPL=0 LDT
TR =0000 0000000000000000 0000ffff 00008b00 DPL=0 TSS64-busy
GDT=     0000000000001058 0000001f
IDT=     0000000000080210 00000fff
CR0=e0000031 CR2=0000000000000000 CR3=0000000000070000 CR4=00000620
DR0=0000000000000000 DR1=0000000000000000 DR2=0000000000000000 DR3=0000000000000000 
DR6=00000000ffff0ff0 DR7=0000000000000400
CCS=0000000000000000 CCD=0000000000006e00 CCO=SUBB
EFER=0000000000000500
Servicing hardware INT=0x21
    35: v=21 e=0000 i=0 cpl=0 IP=0018:0000000000001cf9 pc=0000000000001cf9 SP=0010:0000000000067000 env->regs[R_EAX]=00000000000b8d30
RAX=00000000000b8d30 RBX=00000000000b8d2e RCX=000000000000000a RDX=0000000000006e00
RSI=0000000000001096 RDI=0000000000080420 RBP=0000000000000000 RSP=0000000000067000
R8 =0000000080001808 R9 =0000000000000001 R10=000000000000000a R11=0000000000006e21
R12=0000000000007a1c R13=0000000000000000 R14=0000000000000000 R15=0000000000000004
RIP=0000000000001cf9 RFL=00000246 [---Z-P-] CPL=0 II=0 A20=1 SMM=0 HLT=0
ES =0010 0000000000000000 ffffffff 00cf9300 DPL=0 DS   [-WA]
CS =0018 0000000000000000 00000000 00209a00 DPL=0 CS64 [-R-]
SS =0010 0000000000000000 ffffffff 00cf9300 DPL=0 DS   [-WA]
DS =0010 0000000000000000 ffffffff 00cf9300 DPL=0 DS   [-WA]
FS =0010 0000000000000000 ffffffff 00cf9300 DPL=0 DS   [-WA]
GS =0010 0000000000000000 ffffffff 00cf9300 DPL=0 DS   [-WA]
LDT=0000 0000000000000000 0000ffff 00008200 DPL=0 LDT
TR =0000 0000000000000000 0000ffff 00008b00 DPL=0 TSS64-busy
GDT=     0000000000001058 0000001f
IDT=     0000000000080210 00000fff
CR0=e0000031 CR2=0000000000000000 CR3=0000000000070000 CR4=00000620
DR0=0000000000000000 DR1=0000000000000000 DR2=0000000000000000 DR3=0000000000000000 
DR6=00000000ffff0ff0 DR7=0000000000000400
CCS=0000000000000000 CCD=0000000000006e00 CCO=SUBB
EFER=0000000000000500
Servicing hardware INT=0x21
    36: v=21 e=0000 i=0 cpl=0 IP=0018:0000000000001cf9 pc=0000000000001cf9 SP=0010:0000000000067000 env->regs[R_EAX]=00000000000b8d30
RAX=00000000000b8d30 RBX=00000000000b8d2e RCX=000000000000000a RDX=0000000000006e00
RSI=0000000000001096 RDI=0000000000080420 RBP=0000000000000000 RSP=0000000000067000
R8 =0000000080001808 R9 =0000000000000001 R10=000000000000000a R11=0000000000006e21
R12=0000000000007a1c R13=0000000000000000 R14=0000000000000000 R15=0000000000000004
RIP=0000000000001cf9 RFL=00000246 [---Z-P-] CPL=0 II=0 A20=1 SMM=0 HLT=0
ES =0010 0000000000000000 ffffffff 00cf9300 DPL=0 DS   [-WA]
CS =0018 0000000000000000 00000000 00209a00 DPL=0 CS64 [-R-]
SS =0010 0000000000000000 ffffffff 00cf9300 DPL=0 DS   [-WA]
DS =0010 0000000000000000 ffffffff 00cf9300 DPL=0 DS   [-WA]
FS =0010 0000000000000000 ffffffff 00cf9300 DPL=0 DS   [-WA]
GS =0010 0000000000000000 ffffffff 00cf9300 DPL=0 DS   [-WA]
LDT=0000 0000000000000000 0000ffff 00008200 DPL=0 LDT
TR =0000 0000000000000000 0000ffff 00008b00 DPL=0 TSS64-busy
GDT=     0000000000001058 0000001f
IDT=     0000000000080210 00000fff
CR0=e0000031 CR2=0000000000000000 CR3=0000000000070000 CR4=00000620
DR0=0000000000000000 DR1=0000000000000000 DR2=0000000000000000 DR3=0000000000000000 
DR6=00000000ffff0ff0 DR7=0000000000000400
CCS=0000000000000000 CCD=0000000000006e00 CCO=SUBB
EFER=0000000000000500
Servicing hardware INT=0x21
    37: v=21 e=0000 i=0 cpl=0 IP=0018:0000000000001cf9 pc=0000000000001cf9 SP=0010:0000000000067000 env->regs[R_EAX]=00000000000b8d30
RAX=00000000000b8d30 RBX=00000000000b8d2e RCX=000000000000000a RDX=0000000000006e00
RSI=0000000000001096 RDI=0000000000080420 RBP=0000000000000000 RSP=0000000000067000
R8 =0000000080001808 R9 =0000000000000001 R10=000000000000000a R11=0000000000006e21
R12=0000000000007a1c R13=0000000000000000 R14=0000000000000000 R15=0000000000000004
RIP=0000000000001cf9 RFL=00000246 [---Z-P-] CPL=0 II=0 A20=1 SMM=0 HLT=0
ES =0010 0000000000000000 ffffffff 00cf9300 DPL=0 DS   [-WA]
CS =0018 0000000000000000 00000000 00209a00 DPL=0 CS64 [-R-]
SS =0010 0000000000000000 ffffffff 00cf9300 DPL=0 DS   [-WA]
DS =0010 0000000000000000 ffffffff 00cf9300 DPL=0 DS   [-WA]
FS =0010 0000000000000000 ffffffff 00cf9300 DPL=0 DS   [-WA]
GS =0010 0000000000000000 ffffffff 00cf9300 DPL=0 DS   [-WA]
LDT=0000 0000000000000000 0000ffff 00008200 DPL=0 LDT
TR =0000 0000000000000000 0000ffff 00008b00 DPL=0 TSS64-busy
GDT=     0000000000001058 0000001f
IDT=     0000000000080210 00000fff
CR0=e0000031 CR2=0000000000000000 CR3=0000000000070000 CR4=00000620
DR0=0000000000000000 DR1=0000000000000000 DR2=0000000000000000 DR3=0000000000000000 
DR6=00000000ffff0ff0 DR7=0000000000000400
CCS=0000000000000000 CCD=0000000000006e00 CCO=SUBB
EFER=0000000000000500
Servicing hardware INT=0x21
    38: v=21 e=0000 i=0 cpl=0 IP=0018:0000000000001cf9 pc=0000000000001cf9 SP=0010:0000000000067000 env->regs[R_EAX]=00000000000b8d30
RAX=00000000000b8d30 RBX=00000000000b8d2e RCX=000000000000000a RDX=0000000000006e00
RSI=0000000000001096 RDI=0000000000080420 RBP=0000000000000000 RSP=0000000000067000
R8 =0000000080001808 R9 =0000000000000001 R10=000000000000000a R11=0000000000006e21
R12=0000000000007a1c R13=0000000000000000 R14=0000000000000000 R15=0000000000000004
RIP=0000000000001cf9 RFL=00000246 [---Z-P-] CPL=0 II=0 A20=1 SMM=0 HLT=0
ES =0010 0000000000000000 ffffffff 00cf9300 DPL=0 DS   [-WA]
CS =0018 0000000000000000 00000000 00209a00 DPL=0 CS64 [-R-]
SS =0010 0000000000000000 ffffffff 00cf9300 DPL=0 DS   [-WA]
DS =0010 0000000000000000 ffffffff 00cf9300 DPL=0 DS   [-WA]
FS =0010 0000000000000000 ffffffff 00cf9300 DPL=0 DS   [-WA]
GS =0010 0000000000000000 ffffffff 00cf9300 DPL=0 DS   [-WA]
LDT=0000 0000000000000000 0000ffff 00008200 DPL=0 LDT
TR =0000 0000000000000000 0000ffff 00008b00 DPL=0 TSS64-busy
GDT=     0000000000001058 0000001f
IDT=     0000000000080210 00000fff
CR0=e0000031 CR2=0000000000000000 CR3=0000000000070000 CR4=00000620
DR0=0000000000000000 DR1=0000000000000000 DR2=0000000000000000 DR3=0000000000000000 
DR6=00000000ffff0ff0 DR7=0000000000000400
CCS=0000000000000000 CCD=0000000000006e00 CCO=SUBB
EFER=0000000000000500
Servicing hardware INT=0x21
    39: v=21 e=0000 i=0 cpl=0 IP=0018:0000000000001cf9 pc=0000000000001cf9 SP=0010:0000000000067000 env->regs[R_EAX]=00000000000b8d30
RAX=00000000000b8d30 RBX=00000000000b8d2e RCX=000000000000000a RDX=0000000000006e00
RSI=0000000000001096 RDI=0000000000080420 RBP=0000000000000000 RSP=0000000000067000
R8 =0000000080001808 R9 =0000000000000001 R10=000000000000000a R11=0000000000006e21
R12=0000000000007a1c R13=0000000000000000 R14=0000000000000000 R15=0000000000000004
RIP=0000000000001cf9 RFL=00000246 [---Z-P-] CPL=0 II=0 A20=1 SMM=0 HLT=0
ES =0010 0000000000000000 ffffffff 00cf9300 DPL=0 DS   [-WA]
CS =0018 0000000000000000 00000000 00209a00 DPL=0 CS64 [-R-]
SS =0010 0000000000000000 ffffffff 00cf9300 DPL=0 DS   [-WA]
DS =0010 0000000000000000 ffffffff 00cf9300 DPL=0 DS   [-WA]
FS =0010 0000000000000000 ffffffff 00cf9300 DPL=0 DS   [-WA]
GS =0010 0000000000000000 ffffffff 00cf9300 DPL=0 DS   [-WA]
LDT=0000 0000000000000000 0000ffff 00008200 DPL=0 LDT
TR =0000 0000000000000000 0000ffff 00008b00 DPL=0 TSS64-busy
GDT=     0000000000001058 0000001f
IDT=     0000000000080210 00000fff
CR0=e0000031 CR2=0000000000000000 CR3=0000000000070000 CR4=00000620
DR0=0000000000000000 DR1=0000000000000000 DR2=0000000000000000 DR3=0000000000000000 
DR6=00000000ffff0ff0 DR7=0000000000000400
CCS=0000000000000000 CCD=0000000000006e00 CCO=SUBB
EFER=0000000000000500
Servicing hardware INT=0x21
    40: v=21 e=0000 i=0 cpl=0 IP=0018:0000000000001cf9 pc=0000000000001cf9 SP=0010:0000000000067000 env->regs[R_EAX]=00000000000b8d30
RAX=00000000000b8d30 RBX=00000000000b8d2e RCX=000000000000000a RDX=0000000000006e00
RSI=0000000000001096 RDI=0000000000080420 RBP=0000000000000000 RSP=0000000000067000
R8 =0000000080001808 R9 =0000000000000001 R10=000000000000000a R11=0000000000006e21
R12=0000000000007a1c R13=0000000000000000 R14=0000000000000000 R15=0000000000000004
RIP=0000000000001cf9 RFL=00000246 [---Z-P-] CPL=0 II=0 A20=1 SMM=0 HLT=0
ES =0010 0000000000000000 ffffffff 00cf9300 DPL=0 DS   [-WA]
CS =0018 0000000000000000 00000000 00209a00 DPL=0 CS64 [-R-]
SS =0010 0000000000000000 ffffffff 00cf9300 DPL=0 DS   [-WA]
DS =0010 0000000000000000 ffffffff 00cf9300 DPL=0 DS   [-WA]
FS =0010 0000000000000000 ffffffff 00cf9300 DPL=0 DS   [-WA]
GS =0010 0000000000000000 ffffffff 00cf9300 DPL=0 DS   [-WA]
LDT=0000 0000000000000000 0000ffff 00008200 DPL=0 LDT
TR =0000 0000000000000000 0000ffff 00008b00 DPL=0 TSS64-busy
GDT=     0000000000001058 0000001f
IDT=     0000000000080210 00000fff
CR0=e0000031 CR2=0000000000000000 CR3=0000000000070000 CR4=00000620
DR0=0000000000000000 DR1=0000000000000000 DR2=0000000000000000 DR3=0000000000000000 
DR6=00000000ffff0ff0 DR7=0000000000000400
CCS=0000000000000000 CCD=0000000000006e00 CCO=SUBB
EFER=0000000000000500
Servicing hardware INT=0x21
    41: v=21 e=0000 i=0 cpl=0 IP=0018:0000000000001cf9 pc=0000000000001cf9 SP=0010:0000000000067000 env->regs[R_EAX]=00000000000b8d30
RAX=00000000000b8d30 RBX=00000000000b8d2e RCX=000000000000000a RDX=0000000000006e00
RSI=0000000000001096 RDI=0000000000080420 RBP=0000000000000000 RSP=0000000000067000
R8 =0000000080001808 R9 =0000000000000001 R10=000000000000000a R11=0000000000006e21
R12=0000000000007a1c R13=0000000000000000 R14=0000000000000000 R15=0000000000000004
RIP=0000000000001cf9 RFL=00000246 [---Z-P-] CPL=0 II=0 A20=1 SMM=0 HLT=0
ES =0010 0000000000000000 ffffffff 00cf9300 DPL=0 DS   [-WA]
CS =0018 0000000000000000 00000000 00209a00 DPL=0 CS64 [-R-]
SS =0010 0000000000000000 ffffffff 00cf9300 DPL=0 DS   [-WA]
DS =0010 0000000000000000 ffffffff 00cf9300 DPL=0 DS   [-WA]
FS =0010 0000000000000000 ffffffff 00cf9300 DPL=0 DS   [-WA]
GS =0010 0000000000000000 ffffffff 00cf9300 DPL=0 DS   [-WA]
LDT=0000 0000000000000000 0000ffff 00008200 DPL=0 LDT
TR =0000 0000000000000000 0000ffff 00008b00 DPL=0 TSS64-busy
GDT=     0000000000001058 0000001f
IDT=     0000000000080210 00000fff
CR0=e0000031 CR2=0000000000000000 CR3=0000000000070000 CR4=00000620
DR0=0000000000000000 DR1=0000000000000000 DR2=0000000000000000 DR3=0000000000000000 
DR6=00000000ffff0ff0 DR7=0000000000000400
CCS=0000000000000000 CCD=0000000000006e00 CCO=SUBB
EFER=0000000000000500
Servicing hardware INT=0x21
    42: v=21 e=0000 i=0 cpl=0 IP=0018:0000000000001cf9 pc=0000000000001cf9 SP=0010:0000000000067000 env->regs[R_EAX]=00000000000b8d30
RAX=00000000000b8d30 RBX=00000000000b8d2e RCX=000000000000000a RDX=0000000000006e00
RSI=0000000000001096 RDI=0000000000080420 RBP=0000000000000000 RSP=0000000000067000
R8 =0000000080001808 R9 =0000000000000001 R10=000000000000000a R11=0000000000006e21
R12=0000000000007a1c R13=0000000000000000 R14=0000000000000000 R15=0000000000000004
RIP=0000000000001cf9 RFL=00000246 [---Z-P-] CPL=0 II=0 A20=1 SMM=0 HLT=0
ES =0010 0000000000000000 ffffffff 00cf9300 DPL=0 DS   [-WA]
CS =0018 0000000000000000 00000000 00209a00 DPL=0 CS64 [-R-]
SS =0010 0000000000000000 ffffffff 00cf9300 DPL=0 DS   [-WA]
DS =0010 0000000000000000 ffffffff 00cf9300 DPL=0 DS   [-WA]
FS =0010 0000000000000000 ffffffff 00cf9300 DPL=0 DS   [-WA]
GS =0010 0000000000000000 ffffffff 00cf9300 DPL=0 DS   [-WA]
LDT=0000 0000000000000000 0000ffff 00008200 DPL=0 LDT
TR =0000 0000000000000000 0000ffff 00008b00 DPL=0 TSS64-busy
GDT=     0000000000001058 0000001f
IDT=     0000000000080210 00000fff
CR0=e0000031 CR2=0000000000000000 CR3=0000000000070000 CR4=00000620
DR0=0000000000000000 DR1=0000000000000000 DR2=0000000000000000 DR3=0000000000000000 
DR6=00000000ffff0ff0 DR7=0000000000000400
CCS=0000000000000000 CCD=0000000000006e00 CCO=SUBB
EFER=0000000000000500
Servicing hardware INT=0x21
    43: v=21 e=0000 i=0 cpl=0 IP=0018:0000000000001cf9 pc=0000000000001cf9 SP=0010:0000000000067000 env->regs[R_EAX]=00000000000b8d30
RAX=00000000000b8d30 RBX=00000000000b8d2e RCX=000000000000000a RDX=0000000000006e00
RSI=0000000000001096 RDI=0000000000080420 RBP=0000000000000000 RSP=0000000000067000
R8 =0000000080001808 R9 =0000000000000001 R10=000000000000000a R11=0000000000006e21
R12=0000000000007a1c R13=0000000000000000 R14=0000000000000000 R15=0000000000000004
RIP=0000000000001cf9 RFL=00000246 [---Z-P-] CPL=0 II=0 A20=1 SMM=0 HLT=0
ES =0010 0000000000000000 ffffffff 00cf9300 DPL=0 DS   [-WA]
CS =0018 0000000000000000 00000000 00209a00 DPL=0 CS64 [-R-]
SS =0010 0000000000000000 ffffffff 00cf9300 DPL=0 DS   [-WA]
DS =0010 0000000000000000 ffffffff 00cf9300 DPL=0 DS   [-WA]
FS =0010 0000000000000000 ffffffff 00cf9300 DPL=0 DS   [-WA]
GS =0010 0000000000000000 ffffffff 00cf9300 DPL=0 DS   [-WA]
LDT=0000 0000000000000000 0000ffff 00008200 DPL=0 LDT
TR =0000 0000000000000000 0000ffff 00008b00 DPL=0 TSS64-busy
GDT=     0000000000001058 0000001f
IDT=     0000000000080210 00000fff
CR0=e0000031 CR2=0000000000000000 CR3=0000000000070000 CR4=00000620
DR0=0000000000000000 DR1=0000000000000000 DR2=0000000000000000 DR3=0000000000000000 
DR6=00000000ffff0ff0 DR7=0000000000000400
CCS=0000000000000000 CCD=0000000000006e00 CCO=SUBB
EFER=0000000000000500
Servicing hardware INT=0x21
    44: v=21 e=0000 i=0 cpl=0 IP=0018:0000000000001cf9 pc=0000000000001cf9 SP=0010:0000000000067000 env->regs[R_EAX]=00000000000b8d30
RAX=00000000000b8d30 RBX=00000000000b8d2e RCX=000000000000000a RDX=0000000000006e00
RSI=0000000000001096 RDI=0000000000080420 RBP=0000000000000000 RSP=0000000000067000
R8 =0000000080001808 R9 =0000000000000001 R10=000000000000000a R11=0000000000006e21
R12=0000000000007a1c R13=0000000000000000 R14=0000000000000000 R15=0000000000000004
RIP=0000000000001cf9 RFL=00000246 [---Z-P-] CPL=0 II=0 A20=1 SMM=0 HLT=0
ES =0010 0000000000000000 ffffffff 00cf9300 DPL=0 DS   [-WA]
CS =0018 0000000000000000 00000000 00209a00 DPL=0 CS64 [-R-]
SS =0010 0000000000000000 ffffffff 00cf9300 DPL=0 DS   [-WA]
DS =0010 0000000000000000 ffffffff 00cf9300 DPL=0 DS   [-WA]
FS =0010 0000000000000000 ffffffff 00cf9300 DPL=0 DS   [-WA]
GS =0010 0000000000000000 ffffffff 00cf9300 DPL=0 DS   [-WA]
LDT=0000 0000000000000000 0000ffff 00008200 DPL=0 LDT
TR =0000 0000000000000000 0000ffff 00008b00 DPL=0 TSS64-busy
GDT=     0000000000001058 0000001f
IDT=     0000000000080210 00000fff
CR0=e0000031 CR2=0000000000000000 CR3=0000000000070000 CR4=00000620
DR0=0000000000000000 DR1=0000000000000000 DR2=0000000000000000 DR3=0000000000000000 
DR6=00000000ffff0ff0 DR7=0000000000000400
CCS=0000000000000000 CCD=0000000000006e00 CCO=SUBB
EFER=0000000000000500
Servicing hardware INT=0x21
    45: v=21 e=0000 i=0 cpl=0 IP=0018:0000000000001cf9 pc=0000000000001cf9 SP=0010:0000000000067000 env->regs[R_EAX]=00000000000b8d32
RAX=00000000000b8d32 RBX=00000000000b8d2e RCX=000000000000000a RDX=0000000000006e00
RSI=0000000000001096 RDI=0000000000080420 RBP=0000000000000000 RSP=0000000000067000
R8 =0000000080001808 R9 =0000000000000001 R10=000000000000000a R11=0000000000006e21
R12=0000000000007a1c R13=0000000000000000 R14=0000000000000000 R15=0000000000000004
RIP=0000000000001cf9 RFL=00000246 [---Z-P-] CPL=0 II=0 A20=1 SMM=0 HLT=0
ES =0010 0000000000000000 ffffffff 00cf9300 DPL=0 DS   [-WA]
CS =0018 0000000000000000 00000000 00209a00 DPL=0 CS64 [-R-]
SS =0010 0000000000000000 ffffffff 00cf9300 DPL=0 DS   [-WA]
DS =0010 0000000000000000 ffffffff 00cf9300 DPL=0 DS   [-WA]
FS =0010 0000000000000000 ffffffff 00cf9300 DPL=0 DS   [-WA]
GS =0010 0000000000000000 ffffffff 00cf9300 DPL=0 DS   [-WA]
LDT=0000 0000000000000000 0000ffff 00008200 DPL=0 LDT
TR =0000 0000000000000000 0000ffff 00008b00 DPL=0 TSS64-busy
GDT=     0000000000001058 0000001f
IDT=     0000000000080210 00000fff
CR0=e0000031 CR2=0000000000000000 CR3=0000000000070000 CR4=00000620
DR0=0000000000000000 DR1=0000000000000000 DR2=0000000000000000 DR3=0000000000000000 
DR6=00000000ffff0ff0 DR7=0000000000000400
CCS=0000000000000000 CCD=0000000000006e00 CCO=SUBB
EFER=0000000000000500
Servicing hardware INT=0x21
    46: v=21 e=0000 i=0 cpl=0 IP=0018:0000000000001cf9 pc=0000000000001cf9 SP=0010:0000000000067000 env->regs[R_EAX]=00000000000b8d32
RAX=00000000000b8d32 RBX=00000000000b8d2e RCX=000000000000000a RDX=0000000000006e00
RSI=0000000000001096 RDI=0000000000080420 RBP=0000000000000000 RSP=0000000000067000
R8 =0000000080001808 R9 =0000000000000001 R10=000000000000000a R11=0000000000006e21
R12=0000000000007a1c R13=0000000000000000 R14=0000000000000000 R15=0000000000000004
RIP=0000000000001cf9 RFL=00000246 [---Z-P-] CPL=0 II=0 A20=1 SMM=0 HLT=0
ES =0010 0000000000000000 ffffffff 00cf9300 DPL=0 DS   [-WA]
CS =0018 0000000000000000 00000000 00209a00 DPL=0 CS64 [-R-]
SS =0010 0000000000000000 ffffffff 00cf9300 DPL=0 DS   [-WA]
DS =0010 0000000000000000 ffffffff 00cf9300 DPL=0 DS   [-WA]
FS =0010 0000000000000000 ffffffff 00cf9300 DPL=0 DS   [-WA]
GS =0010 0000000000000000 ffffffff 00cf9300 DPL=0 DS   [-WA]
LDT=0000 0000000000000000 0000ffff 00008200 DPL=0 LDT
TR =0000 0000000000000000 0000ffff 00008b00 DPL=0 TSS64-busy
GDT=     0000000000001058 0000001f
IDT=     0000000000080210 00000fff
CR0=e0000031 CR2=0000000000000000 CR3=0000000000070000 CR4=00000620
DR0=0000000000000000 DR1=0000000000000000 DR2=0000000000000000 DR3=0000000000000000 
DR6=00000000ffff0ff0 DR7=0000000000000400
CCS=0000000000000000 CCD=0000000000006e00 CCO=SUBB
EFER=0000000000000500
Servicing hardware INT=0x21
    47: v=21 e=0000 i=0 cpl=0 IP=0018:0000000000001cf9 pc=0000000000001cf9 SP=0010:0000000000067000 env->regs[R_EAX]=00000000000b8d32
RAX=00000000000b8d32 RBX=00000000000b8d2e RCX=000000000000000a RDX=0000000000006e00
RSI=0000000000001096 RDI=0000000000080420 RBP=0000000000000000 RSP=0000000000067000
R8 =0000000080001808 R9 =0000000000000001 R10=000000000000000a R11=0000000000006e21
R12=0000000000007a1c R13=0000000000000000 R14=0000000000000000 R15=0000000000000004
RIP=0000000000001cf9 RFL=00000246 [---Z-P-] CPL=0 II=0 A20=1 SMM=0 HLT=0
ES =0010 0000000000000000 ffffffff 00cf9300 DPL=0 DS   [-WA]
CS =0018 0000000000000000 00000000 00209a00 DPL=0 CS64 [-R-]
SS =0010 0000000000000000 ffffffff 00cf9300 DPL=0 DS   [-WA]
DS =0010 0000000000000000 ffffffff 00cf9300 DPL=0 DS   [-WA]
FS =0010 0000000000000000 ffffffff 00cf9300 DPL=0 DS   [-WA]
GS =0010 0000000000000000 ffffffff 00cf9300 DPL=0 DS   [-WA]
LDT=0000 0000000000000000 0000ffff 00008200 DPL=0 LDT
TR =0000 0000000000000000 0000ffff 00008b00 DPL=0 TSS64-busy
GDT=     0000000000001058 0000001f
IDT=     0000000000080210 00000fff
CR0=e0000031 CR2=0000000000000000 CR3=0000000000070000 CR4=00000620
DR0=0000000000000000 DR1=0000000000000000 DR2=0000000000000000 DR3=0000000000000000 
DR6=00000000ffff0ff0 DR7=0000000000000400
CCS=0000000000000000 CCD=0000000000006e00 CCO=SUBB
EFER=0000000000000500
Servicing hardware INT=0x21
    48: v=21 e=0000 i=0 cpl=0 IP=0018:0000000000001cf9 pc=0000000000001cf9 SP=0010:0000000000067000 env->regs[R_EAX]=00000000000b8d32
RAX=00000000000b8d32 RBX=00000000000b8d2e RCX=000000000000000a RDX=0000000000006e00
RSI=0000000000001096 RDI=0000000000080420 RBP=0000000000000000 RSP=0000000000067000
R8 =0000000080001808 R9 =0000000000000001 R10=000000000000000a R11=0000000000006e21
R12=0000000000007a1c R13=0000000000000000 R14=0000000000000000 R15=0000000000000004
RIP=0000000000001cf9 RFL=00000246 [---Z-P-] CPL=0 II=0 A20=1 SMM=0 HLT=0
ES =0010 0000000000000000 ffffffff 00cf9300 DPL=0 DS   [-WA]
CS =0018 0000000000000000 00000000 00209a00 DPL=0 CS64 [-R-]
SS =0010 0000000000000000 ffffffff 00cf9300 DPL=0 DS   [-WA]
DS =0010 0000000000000000 ffffffff 00cf9300 DPL=0 DS   [-WA]
FS =0010 0000000000000000 ffffffff 00cf9300 DPL=0 DS   [-WA]
GS =0010 0000000000000000 ffffffff 00cf9300 DPL=0 DS   [-WA]
LDT=0000 0000000000000000 0000ffff 00008200 DPL=0 LDT
TR =0000 0000000000000000 0000ffff 00008b00 DPL=0 TSS64-busy
GDT=     0000000000001058 0000001f
IDT=     0000000000080210 00000fff
CR0=e0000031 CR2=0000000000000000 CR3=0000000000070000 CR4=00000620
DR0=0000000000000000 DR1=0000000000000000 DR2=0000000000000000 DR3=0000000000000000 
DR6=00000000ffff0ff0 DR7=0000000000000400
CCS=0000000000000000 CCD=0000000000006e00 CCO=SUBB
EFER=0000000000000500
Servicing hardware INT=0x21
    49: v=21 e=0000 i=0 cpl=0 IP=0018:0000000000001cf9 pc=0000000000001cf9 SP=0010:0000000000067000 env->regs[R_EAX]=00000000000b8d32
RAX=00000000000b8d32 RBX=00000000000b8d2e RCX=000000000000000a RDX=0000000000006e00
RSI=0000000000001096 RDI=0000000000080420 RBP=0000000000000000 RSP=0000000000067000
R8 =0000000080001808 R9 =0000000000000001 R10=000000000000000a R11=0000000000006e21
R12=0000000000007a1c R13=0000000000000000 R14=0000000000000000 R15=0000000000000004
RIP=0000000000001cf9 RFL=00000246 [---Z-P-] CPL=0 II=0 A20=1 SMM=0 HLT=0
ES =0010 0000000000000000 ffffffff 00cf9300 DPL=0 DS   [-WA]
CS =0018 0000000000000000 00000000 00209a00 DPL=0 CS64 [-R-]
SS =0010 0000000000000000 ffffffff 00cf9300 DPL=0 DS   [-WA]
DS =0010 0000000000000000 ffffffff 00cf9300 DPL=0 DS   [-WA]
FS =0010 0000000000000000 ffffffff 00cf9300 DPL=0 DS   [-WA]
GS =0010 0000000000000000 ffffffff 00cf9300 DPL=0 DS   [-WA]
LDT=0000 0000000000000000 0000ffff 00008200 DPL=0 LDT
TR =0000 0000000000000000 0000ffff 00008b00 DPL=0 TSS64-busy
GDT=     0000000000001058 0000001f
IDT=     0000000000080210 00000fff
CR0=e0000031 CR2=0000000000000000 CR3=0000000000070000 CR4=00000620
DR0=0000000000000000 DR1=0000000000000000 DR2=0000000000000000 DR3=0000000000000000 
DR6=00000000ffff0ff0 DR7=0000000000000400
CCS=0000000000000000 CCD=0000000000006e00 CCO=SUBB
EFER=0000000000000500
Servicing hardware INT=0x21
    50: v=21 e=0000 i=0 cpl=0 IP=0018:0000000000001cf9 pc=0000000000001cf9 SP=0010:0000000000067000 env->regs[R_EAX]=00000000000b8d32
RAX=00000000000b8d32 RBX=00000000000b8d2e RCX=000000000000000a RDX=0000000000006e00
RSI=0000000000001096 RDI=0000000000080420 RBP=0000000000000000 RSP=0000000000067000
R8 =0000000080001808 R9 =0000000000000001 R10=000000000000000a R11=0000000000006e21
R12=0000000000007a1c R13=0000000000000000 R14=0000000000000000 R15=0000000000000004
RIP=0000000000001cf9 RFL=00000246 [---Z-P-] CPL=0 II=0 A20=1 SMM=0 HLT=0
ES =0010 0000000000000000 ffffffff 00cf9300 DPL=0 DS   [-WA]
CS =0018 0000000000000000 00000000 00209a00 DPL=0 CS64 [-R-]
SS =0010 0000000000000000 ffffffff 00cf9300 DPL=0 DS   [-WA]
DS =0010 0000000000000000 ffffffff 00cf9300 DPL=0 DS   [-WA]
FS =0010 0000000000000000 ffffffff 00cf9300 DPL=0 DS   [-WA]
GS =0010 0000000000000000 ffffffff 00cf9300 DPL=0 DS   [-WA]
LDT=0000 0000000000000000 0000ffff 00008200 DPL=0 LDT
TR =0000 0000000000000000 0000ffff 00008b00 DPL=0 TSS64-busy
GDT=     0000000000001058 0000001f
IDT=     0000000000080210 00000fff
CR0=e0000031 CR2=0000000000000000 CR3=0000000000070000 CR4=00000620
DR0=0000000000000000 DR1=0000000000000000 DR2=0000000000000000 DR3=0000000000000000 
DR6=00000000ffff0ff0 DR7=0000000000000400
CCS=0000000000000000 CCD=0000000000006e00 CCO=SUBB
EFER=0000000000000500
Servicing hardware INT=0x21
    51: v=21 e=0000 i=0 cpl=0 IP=0018:0000000000001cf9 pc=0000000000001cf9 SP=0010:0000000000067000 env->regs[R_EAX]=00000000000b8d32
RAX=00000000000b8d32 RBX=00000000000b8d2e RCX=000000000000000a RDX=0000000000006e00
RSI=0000000000001096 RDI=0000000000080420 RBP=0000000000000000 RSP=0000000000067000
R8 =0000000080001808 R9 =0000000000000001 R10=000000000000000a R11=0000000000006e21
R12=0000000000007a1c R13=0000000000000000 R14=0000000000000000 R15=0000000000000004
RIP=0000000000001cf9 RFL=00000246 [---Z-P-] CPL=0 II=0 A20=1 SMM=0 HLT=0
ES =0010 0000000000000000 ffffffff 00cf9300 DPL=0 DS   [-WA]
CS =0018 0000000000000000 00000000 00209a00 DPL=0 CS64 [-R-]
SS =0010 0000000000000000 ffffffff 00cf9300 DPL=0 DS   [-WA]
DS =0010 0000000000000000 ffffffff 00cf9300 DPL=0 DS   [-WA]
FS =0010 0000000000000000 ffffffff 00cf9300 DPL=0 DS   [-WA]
GS =0010 0000000000000000 ffffffff 00cf9300 DPL=0 DS   [-WA]
LDT=0000 0000000000000000 0000ffff 00008200 DPL=0 LDT
TR =0000 0000000000000000 0000ffff 00008b00 DPL=0 TSS64-busy
GDT=     0000000000001058 0000001f
IDT=     0000000000080210 00000fff
CR0=e0000031 CR2=0000000000000000 CR3=0000000000070000 CR4=00000620
DR0=0000000000000000 DR1=0000000000000000 DR2=0000000000000000 DR3=0000000000000000 
DR6=00000000ffff0ff0 DR7=0000000000000400
CCS=0000000000000000 CCD=0000000000006e00 CCO=SUBB
EFER=0000000000000500
Servicing hardware INT=0x21
    52: v=21 e=0000 i=0 cpl=0 IP=0018:0000000000001cf9 pc=0000000000001cf9 SP=0010:0000000000067000 env->regs[R_EAX]=00000000000b8d32
RAX=00000000000b8d32 RBX=00000000000b8d2e RCX=000000000000000a RDX=0000000000006e00
RSI=0000000000001096 RDI=0000000000080420 RBP=0000000000000000 RSP=0000000000067000
R8 =0000000080001808 R9 =0000000000000001 R10=000000000000000a R11=0000000000006e21
R12=0000000000007a1c R13=0000000000000000 R14=0000000000000000 R15=0000000000000004
RIP=0000000000001cf9 RFL=00000246 [---Z-P-] CPL=0 II=0 A20=1 SMM=0 HLT=0
ES =0010 0000000000000000 ffffffff 00cf9300 DPL=0 DS   [-WA]
CS =0018 0000000000000000 00000000 00209a00 DPL=0 CS64 [-R-]
SS =0010 0000000000000000 ffffffff 00cf9300 DPL=0 DS   [-WA]
DS =0010 0000000000000000 ffffffff 00cf9300 DPL=0 DS   [-WA]
FS =0010 0000000000000000 ffffffff 00cf9300 DPL=0 DS   [-WA]
GS =0010 0000000000000000 ffffffff 00cf9300 DPL=0 DS   [-WA]
LDT=0000 0000000000000000 0000ffff 00008200 DPL=0 LDT
TR =0000 0000000000000000 0000ffff 00008b00 DPL=0 TSS64-busy
GDT=     0000000000001058 0000001f
IDT=     0000000000080210 00000fff
CR0=e0000031 CR2=0000000000000000 CR3=0000000000070000 CR4=00000620
DR0=0000000000000000 DR1=0000000000000000 DR2=0000000000000000 DR3=0000000000000000 
DR6=00000000ffff0ff0 DR7=0000000000000400
CCS=0000000000000000 CCD=0000000000006e00 CCO=SUBB
EFER=0000000000000500
Servicing hardware INT=0x21
    53: v=21 e=0000 i=0 cpl=0 IP=0018:0000000000001cf9 pc=0000000000001cf9 SP=0010:0000000000067000 env->regs[R_EAX]=00000000000b8d32
RAX=00000000000b8d32 RBX=00000000000b8d2e RCX=000000000000000a RDX=0000000000006e00
RSI=0000000000001096 RDI=0000000000080420 RBP=0000000000000000 RSP=0000000000067000
R8 =0000000080001808 R9 =0000000000000001 R10=000000000000000a R11=0000000000006e21
R12=0000000000007a1c R13=0000000000000000 R14=0000000000000000 R15=0000000000000004
RIP=0000000000001cf9 RFL=00000246 [---Z-P-] CPL=0 II=0 A20=1 SMM=0 HLT=0
ES =0010 0000000000000000 ffffffff 00cf9300 DPL=0 DS   [-WA]
CS =0018 0000000000000000 00000000 00209a00 DPL=0 CS64 [-R-]
SS =0010 0000000000000000 ffffffff 00cf9300 DPL=0 DS   [-WA]
DS =0010 0000000000000000 ffffffff 00cf9300 DPL=0 DS   [-WA]
FS =0010 0000000000000000 ffffffff 00cf9300 DPL=0 DS   [-WA]
GS =0010 0000000000000000 ffffffff 00cf9300 DPL=0 DS   [-WA]
LDT=0000 0000000000000000 0000ffff 00008200 DPL=0 LDT
TR =0000 0000000000000000 0000ffff 00008b00 DPL=0 TSS64-busy
GDT=     0000000000001058 0000001f
IDT=     0000000000080210 00000fff
CR0=e0000031 CR2=0000000000000000 CR3=0000000000070000 CR4=00000620
DR0=0000000000000000 DR1=0000000000000000 DR2=0000000000000000 DR3=0000000000000000 
DR6=00000000ffff0ff0 DR7=0000000000000400
CCS=0000000000000000 CCD=0000000000006e00 CCO=SUBB
EFER=0000000000000500
Servicing hardware INT=0x21
    54: v=21 e=0000 i=0 cpl=0 IP=0018:0000000000001cf9 pc=0000000000001cf9 SP=0010:0000000000067000 env->regs[R_EAX]=00000000000b8d32
RAX=00000000000b8d32 RBX=00000000000b8d2e RCX=000000000000000a RDX=0000000000006e00
RSI=0000000000001096 RDI=0000000000080420 RBP=0000000000000000 RSP=0000000000067000
R8 =0000000080001808 R9 =0000000000000001 R10=000000000000000a R11=0000000000006e21
R12=0000000000007a1c R13=0000000000000000 R14=0000000000000000 R15=0000000000000004
RIP=0000000000001cf9 RFL=00000246 [---Z-P-] CPL=0 II=0 A20=1 SMM=0 HLT=0
ES =0010 0000000000000000 ffffffff 00cf9300 DPL=0 DS   [-WA]
CS =0018 0000000000000000 00000000 00209a00 DPL=0 CS64 [-R-]
SS =0010 0000000000000000 ffffffff 00cf9300 DPL=0 DS   [-WA]
DS =0010 0000000000000000 ffffffff 00cf9300 DPL=0 DS   [-WA]
FS =0010 0000000000000000 ffffffff 00cf9300 DPL=0 DS   [-WA]
GS =0010 0000000000000000 ffffffff 00cf9300 DPL=0 DS   [-WA]
LDT=0000 0000000000000000 0000ffff 00008200 DPL=0 LDT
TR =0000 0000000000000000 0000ffff 00008b00 DPL=0 TSS64-busy
GDT=     0000000000001058 0000001f
IDT=     0000000000080210 00000fff
CR0=e0000031 CR2=0000000000000000 CR3=0000000000070000 CR4=00000620
DR0=0000000000000000 DR1=0000000000000000 DR2=0000000000000000 DR3=0000000000000000 
DR6=00000000ffff0ff0 DR7=0000000000000400
CCS=0000000000000000 CCD=0000000000006e00 CCO=SUBB
EFER=0000000000000500
Servicing hardware INT=0x21
    55: v=21 e=0000 i=0 cpl=0 IP=0018:0000000000001cf9 pc=0000000000001cf9 SP=0010:0000000000067000 env->regs[R_EAX]=00000000000b8d34
RAX=00000000000b8d34 RBX=00000000000b8d2e RCX=000000000000000a RDX=0000000000006e00
RSI=0000000000001096 RDI=0000000000080420 RBP=0000000000000000 RSP=0000000000067000
R8 =0000000080001808 R9 =0000000000000001 R10=000000000000000a R11=0000000000006e21
R12=0000000000007a1c R13=0000000000000000 R14=0000000000000000 R15=0000000000000004
RIP=0000000000001cf9 RFL=00000246 [---Z-P-] CPL=0 II=0 A20=1 SMM=0 HLT=0
ES =0010 0000000000000000 ffffffff 00cf9300 DPL=0 DS   [-WA]
CS =0018 0000000000000000 00000000 00209a00 DPL=0 CS64 [-R-]
SS =0010 0000000000000000 ffffffff 00cf9300 DPL=0 DS   [-WA]
DS =0010 0000000000000000 ffffffff 00cf9300 DPL=0 DS   [-WA]
FS =0010 0000000000000000 ffffffff 00cf9300 DPL=0 DS   [-WA]
GS =0010 0000000000000000 ffffffff 00cf9300 DPL=0 DS   [-WA]
LDT=0000 0000000000000000 0000ffff 00008200 DPL=0 LDT
TR =0000 0000000000000000 0000ffff 00008b00 DPL=0 TSS64-busy
GDT=     0000000000001058 0000001f
IDT=     0000000000080210 00000fff
CR0=e0000031 CR2=0000000000000000 CR3=0000000000070000 CR4=00000620
DR0=0000000000000000 DR1=0000000000000000 DR2=0000000000000000 DR3=0000000000000000 
DR6=00000000ffff0ff0 DR7=0000000000000400
CCS=0000000000000000 CCD=0000000000006e00 CCO=SUBB
EFER=0000000000000500
Servicing hardware INT=0x21
    56: v=21 e=0000 i=0 cpl=0 IP=0018:0000000000001cf9 pc=0000000000001cf9 SP=0010:0000000000067000 env->regs[R_EAX]=00000000000b8d34
RAX=00000000000b8d34 RBX=00000000000b8d2e RCX=000000000000000a RDX=0000000000006e00
RSI=0000000000001096 RDI=0000000000080420 RBP=0000000000000000 RSP=0000000000067000
R8 =0000000080001808 R9 =0000000000000001 R10=000000000000000a R11=0000000000006e21
R12=0000000000007a1c R13=0000000000000000 R14=0000000000000000 R15=0000000000000004
RIP=0000000000001cf9 RFL=00000246 [---Z-P-] CPL=0 II=0 A20=1 SMM=0 HLT=0
ES =0010 0000000000000000 ffffffff 00cf9300 DPL=0 DS   [-WA]
CS =0018 0000000000000000 00000000 00209a00 DPL=0 CS64 [-R-]
SS =0010 0000000000000000 ffffffff 00cf9300 DPL=0 DS   [-WA]
DS =0010 0000000000000000 ffffffff 00cf9300 DPL=0 DS   [-WA]
FS =0010 0000000000000000 ffffffff 00cf9300 DPL=0 DS   [-WA]
GS =0010 0000000000000000 ffffffff 00cf9300 DPL=0 DS   [-WA]
LDT=0000 0000000000000000 0000ffff 00008200 DPL=0 LDT
TR =0000 0000000000000000 0000ffff 00008b00 DPL=0 TSS64-busy
GDT=     0000000000001058 0000001f
IDT=     0000000000080210 00000fff
CR0=e0000031 CR2=0000000000000000 CR3=0000000000070000 CR4=00000620
DR0=0000000000000000 DR1=0000000000000000 DR2=0000000000000000 DR3=0000000000000000 
DR6=00000000ffff0ff0 DR7=0000000000000400
CCS=0000000000000000 CCD=0000000000006e00 CCO=SUBB
EFER=0000000000000500
Servicing hardware INT=0x21
    57: v=21 e=0000 i=0 cpl=0 IP=0018:0000000000001cf9 pc=0000000000001cf9 SP=0010:0000000000067000 env->regs[R_EAX]=00000000000b8d34
RAX=00000000000b8d34 RBX=00000000000b8d2e RCX=000000000000000a RDX=0000000000006e00
RSI=0000000000001096 RDI=0000000000080420 RBP=0000000000000000 RSP=0000000000067000
R8 =0000000080001808 R9 =0000000000000001 R10=000000000000000a R11=0000000000006e21
R12=0000000000007a1c R13=0000000000000000 R14=0000000000000000 R15=0000000000000004
RIP=0000000000001cf9 RFL=00000246 [---Z-P-] CPL=0 II=0 A20=1 SMM=0 HLT=0
ES =0010 0000000000000000 ffffffff 00cf9300 DPL=0 DS   [-WA]
CS =0018 0000000000000000 00000000 00209a00 DPL=0 CS64 [-R-]
SS =0010 0000000000000000 ffffffff 00cf9300 DPL=0 DS   [-WA]
DS =0010 0000000000000000 ffffffff 00cf9300 DPL=0 DS   [-WA]
FS =0010 0000000000000000 ffffffff 00cf9300 DPL=0 DS   [-WA]
GS =0010 0000000000000000 ffffffff 00cf9300 DPL=0 DS   [-WA]
LDT=0000 0000000000000000 0000ffff 00008200 DPL=0 LDT
TR =0000 0000000000000000 0000ffff 00008b00 DPL=0 TSS64-busy
GDT=     0000000000001058 0000001f
IDT=     0000000000080210 00000fff
CR0=e0000031 CR2=0000000000000000 CR3=0000000000070000 CR4=00000620
DR0=0000000000000000 DR1=0000000000000000 DR2=0000000000000000 DR3=0000000000000000 
DR6=00000000ffff0ff0 DR7=0000000000000400
CCS=0000000000000000 CCD=0000000000006e00 CCO=SUBB
EFER=0000000000000500
Servicing hardware INT=0x21
    58: v=21 e=0000 i=0 cpl=0 IP=0018:0000000000001cf9 pc=0000000000001cf9 SP=0010:0000000000067000 env->regs[R_EAX]=00000000000b8d34
RAX=00000000000b8d34 RBX=00000000000b8d2e RCX=000000000000000a RDX=0000000000006e00
RSI=0000000000001096 RDI=0000000000080420 RBP=0000000000000000 RSP=0000000000067000
R8 =0000000080001808 R9 =0000000000000001 R10=000000000000000a R11=0000000000006e21
R12=0000000000007a1c R13=0000000000000000 R14=0000000000000000 R15=0000000000000004
RIP=0000000000001cf9 RFL=00000246 [---Z-P-] CPL=0 II=0 A20=1 SMM=0 HLT=0
ES =0010 0000000000000000 ffffffff 00cf9300 DPL=0 DS   [-WA]
CS =0018 0000000000000000 00000000 00209a00 DPL=0 CS64 [-R-]
SS =0010 0000000000000000 ffffffff 00cf9300 DPL=0 DS   [-WA]
DS =0010 0000000000000000 ffffffff 00cf9300 DPL=0 DS   [-WA]
FS =0010 0000000000000000 ffffffff 00cf9300 DPL=0 DS   [-WA]
GS =0010 0000000000000000 ffffffff 00cf9300 DPL=0 DS   [-WA]
LDT=0000 0000000000000000 0000ffff 00008200 DPL=0 LDT
TR =0000 0000000000000000 0000ffff 00008b00 DPL=0 TSS64-busy
GDT=     0000000000001058 0000001f
IDT=     0000000000080210 00000fff
CR0=e0000031 CR2=0000000000000000 CR3=0000000000070000 CR4=00000620
DR0=0000000000000000 DR1=0000000000000000 DR2=0000000000000000 DR3=0000000000000000 
DR6=00000000ffff0ff0 DR7=0000000000000400
CCS=0000000000000000 CCD=0000000000006e00 CCO=SUBB
EFER=0000000000000500
Servicing hardware INT=0x21
    59: v=21 e=0000 i=0 cpl=0 IP=0018:0000000000001cf9 pc=0000000000001cf9 SP=0010:0000000000067000 env->regs[R_EAX]=00000000000b8d34
RAX=00000000000b8d34 RBX=00000000000b8d2e RCX=000000000000000a RDX=0000000000006e00
RSI=0000000000001096 RDI=0000000000080420 RBP=0000000000000000 RSP=0000000000067000
R8 =0000000080001808 R9 =0000000000000001 R10=000000000000000a R11=0000000000006e21
R12=0000000000007a1c R13=0000000000000000 R14=0000000000000000 R15=0000000000000004
RIP=0000000000001cf9 RFL=00000246 [---Z-P-] CPL=0 II=0 A20=1 SMM=0 HLT=0
ES =0010 0000000000000000 ffffffff 00cf9300 DPL=0 DS   [-WA]
CS =0018 0000000000000000 00000000 00209a00 DPL=0 CS64 [-R-]
SS =0010 0000000000000000 ffffffff 00cf9300 DPL=0 DS   [-WA]
DS =0010 0000000000000000 ffffffff 00cf9300 DPL=0 DS   [-WA]
FS =0010 0000000000000000 ffffffff 00cf9300 DPL=0 DS   [-WA]
GS =0010 0000000000000000 ffffffff 00cf9300 DPL=0 DS   [-WA]
LDT=0000 0000000000000000 0000ffff 00008200 DPL=0 LDT
TR =0000 0000000000000000 0000ffff 00008b00 DPL=0 TSS64-busy
GDT=     0000000000001058 0000001f
IDT=     0000000000080210 00000fff
CR0=e0000031 CR2=0000000000000000 CR3=0000000000070000 CR4=00000620
DR0=0000000000000000 DR1=0000000000000000 DR2=0000000000000000 DR3=0000000000000000 
DR6=00000000ffff0ff0 DR7=0000000000000400
CCS=0000000000000000 CCD=0000000000006e00 CCO=SUBB
EFER=0000000000000500
Servicing hardware INT=0x21
    60: v=21 e=0000 i=0 cpl=0 IP=0018:0000000000001cf9 pc=0000000000001cf9 SP=0010:0000000000067000 env->regs[R_EAX]=00000000000b8d34
RAX=00000000000b8d34 RBX=00000000000b8d2e RCX=000000000000000a RDX=0000000000006e00
RSI=0000000000001096 RDI=0000000000080420 RBP=0000000000000000 RSP=0000000000067000
R8 =0000000080001808 R9 =0000000000000001 R10=000000000000000a R11=0000000000006e21
R12=0000000000007a1c R13=0000000000000000 R14=0000000000000000 R15=0000000000000004
RIP=0000000000001cf9 RFL=00000246 [---Z-P-] CPL=0 II=0 A20=1 SMM=0 HLT=0
ES =0010 0000000000000000 ffffffff 00cf9300 DPL=0 DS   [-WA]
CS =0018 0000000000000000 00000000 00209a00 DPL=0 CS64 [-R-]
SS =0010 0000000000000000 ffffffff 00cf9300 DPL=0 DS   [-WA]
DS =0010 0000000000000000 ffffffff 00cf9300 DPL=0 DS   [-WA]
FS =0010 0000000000000000 ffffffff 00cf9300 DPL=0 DS   [-WA]
GS =0010 0000000000000000 ffffffff 00cf9300 DPL=0 DS   [-WA]
LDT=0000 0000000000000000 0000ffff 00008200 DPL=0 LDT
TR =0000 0000000000000000 0000ffff 00008b00 DPL=0 TSS64-busy
GDT=     0000000000001058 0000001f
IDT=     0000000000080210 00000fff
CR0=e0000031 CR2=0000000000000000 CR3=0000000000070000 CR4=00000620
DR0=0000000000000000 DR1=0000000000000000 DR2=0000000000000000 DR3=0000000000000000 
DR6=00000000ffff0ff0 DR7=0000000000000400
CCS=0000000000000000 CCD=0000000000006e00 CCO=SUBB
EFER=0000000000000500
Servicing hardware INT=0x21
    61: v=21 e=0000 i=0 cpl=0 IP=0018:0000000000001cf9 pc=0000000000001cf9 SP=0010:0000000000067000 env->regs[R_EAX]=00000000000b8e6e
RAX=00000000000b8e6e RBX=00000000000b8e6e RCX=000000000000000a RDX=0000000000006e00
RSI=0000000000001096 RDI=0000000000080420 RBP=0000000000000000 RSP=0000000000067000
R8 =0000000080001808 R9 =0000000000000001 R10=000000000000000a R11=0000000000006e21
R12=0000000000007a1c R13=0000000000000000 R14=0000000000000000 R15=0000000000000004
RIP=0000000000001cf9 RFL=00000246 [---Z-P-] CPL=0 II=0 A20=1 SMM=0 HLT=0
ES =0010 0000000000000000 ffffffff 00cf9300 DPL=0 DS   [-WA]
CS =0018 0000000000000000 00000000 00209a00 DPL=0 CS64 [-R-]
SS =0010 0000000000000000 ffffffff 00cf9300 DPL=0 DS   [-WA]
DS =0010 0000000000000000 ffffffff 00cf9300 DPL=0 DS   [-WA]
FS =0010 0000000000000000 ffffffff 00cf9300 DPL=0 DS   [-WA]
GS =0010 0000000000000000 ffffffff 00cf9300 DPL=0 DS   [-WA]
LDT=0000 0000000000000000 0000ffff 00008200 DPL=0 LDT
TR =0000 0000000000000000 0000ffff 00008b00 DPL=0 TSS64-busy
GDT=     0000000000001058 0000001f
IDT=     0000000000080210 00000fff
CR0=e0000031 CR2=0000000000000000 CR3=0000000000070000 CR4=00000620
DR0=0000000000000000 DR1=0000000000000000 DR2=0000000000000000 DR3=0000000000000000 
DR6=00000000ffff0ff0 DR7=0000000000000400
CCS=0000000000000000 CCD=0000000000006e00 CCO=SUBB
EFER=0000000000000500
Servicing hardware INT=0x21
    62: v=21 e=0000 i=0 cpl=0 IP=0018:0000000000001cf9 pc=0000000000001cf9 SP=0010:0000000000067000 env->regs[R_EAX]=00000000000b8e6e
RAX=00000000000b8e6e RBX=00000000000b8e6e RCX=000000000000000a RDX=0000000000006e00
RSI=0000000000001096 RDI=0000000000080420 RBP=0000000000000000 RSP=0000000000067000
R8 =0000000080001808 R9 =0000000000000001 R10=000000000000000a R11=0000000000006e21
R12=0000000000007a1c R13=0000000000000000 R14=0000000000000000 R15=0000000000000004
RIP=0000000000001cf9 RFL=00000246 [---Z-P-] CPL=0 II=0 A20=1 SMM=0 HLT=0
ES =0010 0000000000000000 ffffffff 00cf9300 DPL=0 DS   [-WA]
CS =0018 0000000000000000 00000000 00209a00 DPL=0 CS64 [-R-]
SS =0010 0000000000000000 ffffffff 00cf9300 DPL=0 DS   [-WA]
DS =0010 0000000000000000 ffffffff 00cf9300 DPL=0 DS   [-WA]
FS =0010 0000000000000000 ffffffff 00cf9300 DPL=0 DS   [-WA]
GS =0010 0000000000000000 ffffffff 00cf9300 DPL=0 DS   [-WA]
LDT=0000 0000000000000000 0000ffff 00008200 DPL=0 LDT
TR =0000 0000000000000000 0000ffff 00008b00 DPL=0 TSS64-busy
GDT=     0000000000001058 0000001f
IDT=     0000000000080210 00000fff
CR0=e0000031 CR2=0000000000000000 CR3=0000000000070000 CR4=00000620
DR0=0000000000000000 DR1=0000000000000000 DR2=0000000000000000 DR3=0000000000000000 
DR6=00000000ffff0ff0 DR7=0000000000000400
CCS=0000000000000000 CCD=0000000000006e00 CCO=SUBB
EFER=0000000000000500
Servicing hardware INT=0x21
    63: v=21 e=0000 i=0 cpl=0 IP=0018:0000000000001cf9 pc=0000000000001cf9 SP=0010:0000000000067000 env->regs[R_EAX]=00000000000b8e70
RAX=00000000000b8e70 RBX=00000000000b8e6e RCX=000000000000000a RDX=0000000000006e00
RSI=0000000000001096 RDI=0000000000080420 RBP=0000000000000000 RSP=0000000000067000
R8 =0000000080001808 R9 =0000000000000001 R10=000000000000000a R11=0000000000006e21
R12=0000000000007a1c R13=0000000000000000 R14=0000000000000000 R15=0000000000000004
RIP=0000000000001cf9 RFL=00000246 [---Z-P-] CPL=0 II=0 A20=1 SMM=0 HLT=0
ES =0010 0000000000000000 ffffffff 00cf9300 DPL=0 DS   [-WA]
CS =0018 0000000000000000 00000000 00209a00 DPL=0 CS64 [-R-]
SS =0010 0000000000000000 ffffffff 00cf9300 DPL=0 DS   [-WA]
DS =0010 0000000000000000 ffffffff 00cf9300 DPL=0 DS   [-WA]
FS =0010 0000000000000000 ffffffff 00cf9300 DPL=0 DS   [-WA]
GS =0010 0000000000000000 ffffffff 00cf9300 DPL=0 DS   [-WA]
LDT=0000 0000000000000000 0000ffff 00008200 DPL=0 LDT
TR =0000 0000000000000000 0000ffff 00008b00 DPL=0 TSS64-busy
GDT=     0000000000001058 0000001f
IDT=     0000000000080210 00000fff
CR0=e0000031 CR2=0000000000000000 CR3=0000000000070000 CR4=00000620
DR0=0000000000000000 DR1=0000000000000000 DR2=0000000000000000 DR3=0000000000000000 
DR6=00000000ffff0ff0 DR7=0000000000000400
CCS=0000000000000000 CCD=0000000000006e00 CCO=SUBB
EFER=0000000000000500
Servicing hardware INT=0x21
    64: v=21 e=0000 i=0 cpl=0 IP=0018:0000000000001cf9 pc=0000000000001cf9 SP=0010:0000000000067000 env->regs[R_EAX]=00000000000b8e70
RAX=00000000000b8e70 RBX=00000000000b8e6e RCX=000000000000000a RDX=0000000000006e00
RSI=0000000000001096 RDI=0000000000080420 RBP=0000000000000000 RSP=0000000000067000
R8 =0000000080001808 R9 =0000000000000001 R10=000000000000000a R11=0000000000006e21
R12=0000000000007a1c R13=0000000000000000 R14=0000000000000000 R15=0000000000000004
RIP=0000000000001cf9 RFL=00000246 [---Z-P-] CPL=0 II=0 A20=1 SMM=0 HLT=0
ES =0010 0000000000000000 ffffffff 00cf9300 DPL=0 DS   [-WA]
CS =0018 0000000000000000 00000000 00209a00 DPL=0 CS64 [-R-]
SS =0010 0000000000000000 ffffffff 00cf9300 DPL=0 DS   [-WA]
DS =0010 0000000000000000 ffffffff 00cf9300 DPL=0 DS   [-WA]
FS =0010 0000000000000000 ffffffff 00cf9300 DPL=0 DS   [-WA]
GS =0010 0000000000000000 ffffffff 00cf9300 DPL=0 DS   [-WA]
LDT=0000 0000000000000000 0000ffff 00008200 DPL=0 LDT
TR =0000 0000000000000000 0000ffff 00008b00 DPL=0 TSS64-busy
GDT=     0000000000001058 0000001f
IDT=     0000000000080210 00000fff
CR0=e0000031 CR2=0000000000000000 CR3=0000000000070000 CR4=00000620
DR0=0000000000000000 DR1=0000000000000000 DR2=0000000000000000 DR3=0000000000000000 
DR6=00000000ffff0ff0 DR7=0000000000000400
CCS=0000000000000000 CCD=0000000000006e00 CCO=SUBB
EFER=0000000000000500
Servicing hardware INT=0x21
    65: v=21 e=0000 i=0 cpl=0 IP=0018:0000000000001cf9 pc=0000000000001cf9 SP=0010:0000000000067000 env->regs[R_EAX]=00000000000b8e70
RAX=00000000000b8e70 RBX=00000000000b8e6e RCX=000000000000000a RDX=0000000000006e00
RSI=0000000000001096 RDI=0000000000080420 RBP=0000000000000000 RSP=0000000000067000
R8 =0000000080001808 R9 =0000000000000001 R10=000000000000000a R11=0000000000006e21
R12=0000000000007a1c R13=0000000000000000 R14=0000000000000000 R15=0000000000000004
RIP=0000000000001cf9 RFL=00000246 [---Z-P-] CPL=0 II=0 A20=1 SMM=0 HLT=0
ES =0010 0000000000000000 ffffffff 00cf9300 DPL=0 DS   [-WA]
CS =0018 0000000000000000 00000000 00209a00 DPL=0 CS64 [-R-]
SS =0010 0000000000000000 ffffffff 00cf9300 DPL=0 DS   [-WA]
DS =0010 0000000000000000 ffffffff 00cf9300 DPL=0 DS   [-WA]
FS =0010 0000000000000000 ffffffff 00cf9300 DPL=0 DS   [-WA]
GS =0010 0000000000000000 ffffffff 00cf9300 DPL=0 DS   [-WA]
LDT=0000 0000000000000000 0000ffff 00008200 DPL=0 LDT
TR =0000 0000000000000000 0000ffff 00008b00 DPL=0 TSS64-busy
GDT=     0000000000001058 0000001f
IDT=     0000000000080210 00000fff
CR0=e0000031 CR2=0000000000000000 CR3=0000000000070000 CR4=00000620
DR0=0000000000000000 DR1=0000000000000000 DR2=0000000000000000 DR3=0000000000000000 
DR6=00000000ffff0ff0 DR7=0000000000000400
CCS=0000000000000000 CCD=0000000000006e00 CCO=SUBB
EFER=0000000000000500
Servicing hardware INT=0x21
    66: v=21 e=0000 i=0 cpl=0 IP=0018:0000000000001cf9 pc=0000000000001cf9 SP=0010:0000000000067000 env->regs[R_EAX]=00000000000b8e70
RAX=00000000000b8e70 RBX=00000000000b8e6e RCX=000000000000000a RDX=0000000000006e00
RSI=0000000000001096 RDI=0000000000080420 RBP=0000000000000000 RSP=0000000000067000
R8 =0000000080001808 R9 =0000000000000001 R10=000000000000000a R11=0000000000006e21
R12=0000000000007a1c R13=0000000000000000 R14=0000000000000000 R15=0000000000000004
RIP=0000000000001cf9 RFL=00000246 [---Z-P-] CPL=0 II=0 A20=1 SMM=0 HLT=0
ES =0010 0000000000000000 ffffffff 00cf9300 DPL=0 DS   [-WA]
CS =0018 0000000000000000 00000000 00209a00 DPL=0 CS64 [-R-]
SS =0010 0000000000000000 ffffffff 00cf9300 DPL=0 DS   [-WA]
DS =0010 0000000000000000 ffffffff 00cf9300 DPL=0 DS   [-WA]
FS =0010 0000000000000000 ffffffff 00cf9300 DPL=0 DS   [-WA]
GS =0010 0000000000000000 ffffffff 00cf9300 DPL=0 DS   [-WA]
LDT=0000 0000000000000000 0000ffff 00008200 DPL=0 LDT
TR =0000 0000000000000000 0000ffff 00008b00 DPL=0 TSS64-busy
GDT=     0000000000001058 0000001f
IDT=     0000000000080210 00000fff
CR0=e0000031 CR2=0000000000000000 CR3=0000000000070000 CR4=00000620
DR0=0000000000000000 DR1=0000000000000000 DR2=0000000000000000 DR3=0000000000000000 
DR6=00000000ffff0ff0 DR7=0000000000000400
CCS=0000000000000000 CCD=0000000000006e00 CCO=SUBB
EFER=0000000000000500
Servicing hardware INT=0x21
    67: v=21 e=0000 i=0 cpl=0 IP=0018:0000000000001cf9 pc=0000000000001cf9 SP=0010:0000000000067000 env->regs[R_EAX]=00000000000b8e70
RAX=00000000000b8e70 RBX=00000000000b8e6e RCX=000000000000000a RDX=0000000000006e00
RSI=0000000000001096 RDI=0000000000080420 RBP=0000000000000000 RSP=0000000000067000
R8 =0000000080001808 R9 =0000000000000001 R10=000000000000000a R11=0000000000006e21
R12=0000000000007a1c R13=0000000000000000 R14=0000000000000000 R15=0000000000000004
RIP=0000000000001cf9 RFL=00000246 [---Z-P-] CPL=0 II=0 A20=1 SMM=0 HLT=0
ES =0010 0000000000000000 ffffffff 00cf9300 DPL=0 DS   [-WA]
CS =0018 0000000000000000 00000000 00209a00 DPL=0 CS64 [-R-]
SS =0010 0000000000000000 ffffffff 00cf9300 DPL=0 DS   [-WA]
DS =0010 0000000000000000 ffffffff 00cf9300 DPL=0 DS   [-WA]
FS =0010 0000000000000000 ffffffff 00cf9300 DPL=0 DS   [-WA]
GS =0010 0000000000000000 ffffffff 00cf9300 DPL=0 DS   [-WA]
LDT=0000 0000000000000000 0000ffff 00008200 DPL=0 LDT
TR =0000 0000000000000000 0000ffff 00008b00 DPL=0 TSS64-busy
GDT=     0000000000001058 0000001f
IDT=     0000000000080210 00000fff
CR0=e0000031 CR2=0000000000000000 CR3=0000000000070000 CR4=00000620
DR0=0000000000000000 DR1=0000000000000000 DR2=0000000000000000 DR3=0000000000000000 
DR6=00000000ffff0ff0 DR7=0000000000000400
CCS=0000000000000000 CCD=0000000000006e00 CCO=SUBB
EFER=0000000000000500
Servicing hardware INT=0x21
    68: v=21 e=0000 i=0 cpl=0 IP=0018:0000000000001cf9 pc=0000000000001cf9 SP=0010:0000000000067000 env->regs[R_EAX]=00000000000b8e70
RAX=00000000000b8e70 RBX=00000000000b8e6e RCX=000000000000000a RDX=0000000000006e00
RSI=0000000000001096 RDI=0000000000080420 RBP=0000000000000000 RSP=0000000000067000
R8 =0000000080001808 R9 =0000000000000001 R10=000000000000000a R11=0000000000006e21
R12=0000000000007a1c R13=0000000000000000 R14=0000000000000000 R15=0000000000000004
RIP=0000000000001cf9 RFL=00000246 [---Z-P-] CPL=0 II=0 A20=1 SMM=0 HLT=0
ES =0010 0000000000000000 ffffffff 00cf9300 DPL=0 DS   [-WA]
CS =0018 0000000000000000 00000000 00209a00 DPL=0 CS64 [-R-]
SS =0010 0000000000000000 ffffffff 00cf9300 DPL=0 DS   [-WA]
DS =0010 0000000000000000 ffffffff 00cf9300 DPL=0 DS   [-WA]
FS =0010 0000000000000000 ffffffff 00cf9300 DPL=0 DS   [-WA]
GS =0010 0000000000000000 ffffffff 00cf9300 DPL=0 DS   [-WA]
LDT=0000 0000000000000000 0000ffff 00008200 DPL=0 LDT
TR =0000 0000000000000000 0000ffff 00008b00 DPL=0 TSS64-busy
GDT=     0000000000001058 0000001f
IDT=     0000000000080210 00000fff
CR0=e0000031 CR2=0000000000000000 CR3=0000000000070000 CR4=00000620
DR0=0000000000000000 DR1=0000000000000000 DR2=0000000000000000 DR3=0000000000000000 
DR6=00000000ffff0ff0 DR7=0000000000000400
CCS=0000000000000000 CCD=0000000000006e00 CCO=SUBB
EFER=0000000000000500
Servicing hardware INT=0x21
    69: v=21 e=0000 i=0 cpl=0 IP=0018:0000000000001cf9 pc=0000000000001cf9 SP=0010:0000000000067000 env->regs[R_EAX]=00000000000b8e70
RAX=00000000000b8e70 RBX=00000000000b8e6e RCX=000000000000000a RDX=0000000000006e00
RSI=0000000000001096 RDI=0000000000080420 RBP=0000000000000000 RSP=0000000000067000
R8 =0000000080001808 R9 =0000000000000001 R10=000000000000000a R11=0000000000006e21
R12=0000000000007a1c R13=0000000000000000 R14=0000000000000000 R15=0000000000000004
RIP=0000000000001cf9 RFL=00000246 [---Z-P-] CPL=0 II=0 A20=1 SMM=0 HLT=0
ES =0010 0000000000000000 ffffffff 00cf9300 DPL=0 DS   [-WA]
CS =0018 0000000000000000 00000000 00209a00 DPL=0 CS64 [-R-]
SS =0010 0000000000000000 ffffffff 00cf9300 DPL=0 DS   [-WA]
DS =0010 0000000000000000 ffffffff 00cf9300 DPL=0 DS   [-WA]
FS =0010 0000000000000000 ffffffff 00cf9300 DPL=0 DS   [-WA]
GS =0010 0000000000000000 ffffffff 00cf9300 DPL=0 DS   [-WA]
LDT=0000 0000000000000000 0000ffff 00008200 DPL=0 LDT
TR =0000 0000000000000000 0000ffff 00008b00 DPL=0 TSS64-busy
GDT=     0000000000001058 0000001f
IDT=     0000000000080210 00000fff
CR0=e0000031 CR2=0000000000000000 CR3=0000000000070000 CR4=00000620
DR0=0000000000000000 DR1=0000000000000000 DR2=0000000000000000 DR3=0000000000000000 
DR6=00000000ffff0ff0 DR7=0000000000000400
CCS=0000000000000000 CCD=0000000000006e00 CCO=SUBB
EFER=0000000000000500
Servicing hardware INT=0x21
    70: v=21 e=0000 i=0 cpl=0 IP=0018:0000000000001cf9 pc=0000000000001cf9 SP=0010:0000000000067000 env->regs[R_EAX]=00000000000b8e70
RAX=00000000000b8e70 RBX=00000000000b8e6e RCX=000000000000000a RDX=0000000000006e00
RSI=0000000000001096 RDI=0000000000080420 RBP=0000000000000000 RSP=0000000000067000
R8 =0000000080001808 R9 =0000000000000001 R10=000000000000000a R11=0000000000006e21
R12=0000000000007a1c R13=0000000000000000 R14=0000000000000000 R15=0000000000000004
RIP=0000000000001cf9 RFL=00000246 [---Z-P-] CPL=0 II=0 A20=1 SMM=0 HLT=0
ES =0010 0000000000000000 ffffffff 00cf9300 DPL=0 DS   [-WA]
CS =0018 0000000000000000 00000000 00209a00 DPL=0 CS64 [-R-]
SS =0010 0000000000000000 ffffffff 00cf9300 DPL=0 DS   [-WA]
DS =0010 0000000000000000 ffffffff 00cf9300 DPL=0 DS   [-WA]
FS =0010 0000000000000000 ffffffff 00cf9300 DPL=0 DS   [-WA]
GS =0010 0000000000000000 ffffffff 00cf9300 DPL=0 DS   [-WA]
LDT=0000 0000000000000000 0000ffff 00008200 DPL=0 LDT
TR =0000 0000000000000000 0000ffff 00008b00 DPL=0 TSS64-busy
GDT=     0000000000001058 0000001f
IDT=     0000000000080210 00000fff
CR0=e0000031 CR2=0000000000000000 CR3=0000000000070000 CR4=00000620
DR0=0000000000000000 DR1=0000000000000000 DR2=0000000000000000 DR3=0000000000000000 
DR6=00000000ffff0ff0 DR7=0000000000000400
CCS=0000000000000000 CCD=0000000000006e00 CCO=SUBB
EFER=0000000000000500
Servicing hardware INT=0x21
    71: v=21 e=0000 i=0 cpl=0 IP=0018:0000000000001cf9 pc=0000000000001cf9 SP=0010:0000000000067000 env->regs[R_EAX]=00000000000b8e70
RAX=00000000000b8e70 RBX=00000000000b8e6e RCX=000000000000000a RDX=0000000000006e00
RSI=0000000000001096 RDI=0000000000080420 RBP=0000000000000000 RSP=0000000000067000
R8 =0000000080001808 R9 =0000000000000001 R10=000000000000000a R11=0000000000006e21
R12=0000000000007a1c R13=0000000000000000 R14=0000000000000000 R15=0000000000000004
RIP=0000000000001cf9 RFL=00000246 [---Z-P-] CPL=0 II=0 A20=1 SMM=0 HLT=0
ES =0010 0000000000000000 ffffffff 00cf9300 DPL=0 DS   [-WA]
CS =0018 0000000000000000 00000000 00209a00 DPL=0 CS64 [-R-]
SS =0010 0000000000000000 ffffffff 00cf9300 DPL=0 DS   [-WA]
DS =0010 0000000000000000 ffffffff 00cf9300 DPL=0 DS   [-WA]
FS =0010 0000000000000000 ffffffff 00cf9300 DPL=0 DS   [-WA]
GS =0010 0000000000000000 ffffffff 00cf9300 DPL=0 DS   [-WA]
LDT=0000 0000000000000000 0000ffff 00008200 DPL=0 LDT
TR =0000 0000000000000000 0000ffff 00008b00 DPL=0 TSS64-busy
GDT=     0000000000001058 0000001f
IDT=     0000000000080210 00000fff
CR0=e0000031 CR2=0000000000000000 CR3=0000000000070000 CR4=00000620
DR0=0000000000000000 DR1=0000000000000000 DR2=0000000000000000 DR3=0000000000000000 
DR6=00000000ffff0ff0 DR7=0000000000000400
CCS=0000000000000000 CCD=0000000000006e00 CCO=SUBB
EFER=0000000000000500
Servicing hardware INT=0x21
    72: v=21 e=0000 i=0 cpl=0 IP=0018:0000000000001cf9 pc=0000000000001cf9 SP=0010:0000000000067000 env->regs[R_EAX]=00000000000b8e70
RAX=00000000000b8e70 RBX=00000000000b8e6e RCX=000000000000000a RDX=0000000000006e00
RSI=0000000000001096 RDI=0000000000080420 RBP=0000000000000000 RSP=0000000000067000
R8 =0000000080001808 R9 =0000000000000001 R10=000000000000000a R11=0000000000006e21
R12=0000000000007a1c R13=0000000000000000 R14=0000000000000000 R15=0000000000000004
RIP=0000000000001cf9 RFL=00000246 [---Z-P-] CPL=0 II=0 A20=1 SMM=0 HLT=0
ES =0010 0000000000000000 ffffffff 00cf9300 DPL=0 DS   [-WA]
CS =0018 0000000000000000 00000000 00209a00 DPL=0 CS64 [-R-]
SS =0010 0000000000000000 ffffffff 00cf9300 DPL=0 DS   [-WA]
DS =0010 0000000000000000 ffffffff 00cf9300 DPL=0 DS   [-WA]
FS =0010 0000000000000000 ffffffff 00cf9300 DPL=0 DS   [-WA]
GS =0010 0000000000000000 ffffffff 00cf9300 DPL=0 DS   [-WA]
LDT=0000 0000000000000000 0000ffff 00008200 DPL=0 LDT
TR =0000 0000000000000000 0000ffff 00008b00 DPL=0 TSS64-busy
GDT=     0000000000001058 0000001f
IDT=     0000000000080210 00000fff
CR0=e0000031 CR2=0000000000000000 CR3=0000000000070000 CR4=00000620
DR0=0000000000000000 DR1=0000000000000000 DR2=0000000000000000 DR3=0000000000000000 
DR6=00000000ffff0ff0 DR7=0000000000000400
CCS=0000000000000000 CCD=0000000000006e00 CCO=SUBB
EFER=0000000000000500
Servicing hardware INT=0x21
    73: v=21 e=0000 i=0 cpl=0 IP=0018:0000000000001cf9 pc=0000000000001cf9 SP=0010:0000000000067000 env->regs[R_EAX]=00000000000b8e72
RAX=00000000000b8e72 RBX=00000000000b8e6e RCX=000000000000000a RDX=0000000000006e00
RSI=0000000000001096 RDI=0000000000080420 RBP=0000000000000000 RSP=0000000000067000
R8 =0000000080001808 R9 =0000000000000001 R10=000000000000000a R11=0000000000006e21
R12=0000000000007a1c R13=0000000000000000 R14=0000000000000000 R15=0000000000000004
RIP=0000000000001cf9 RFL=00000246 [---Z-P-] CPL=0 II=0 A20=1 SMM=0 HLT=0
ES =0010 0000000000000000 ffffffff 00cf9300 DPL=0 DS   [-WA]
CS =0018 0000000000000000 00000000 00209a00 DPL=0 CS64 [-R-]
SS =0010 0000000000000000 ffffffff 00cf9300 DPL=0 DS   [-WA]
DS =0010 0000000000000000 ffffffff 00cf9300 DPL=0 DS   [-WA]
FS =0010 0000000000000000 ffffffff 00cf9300 DPL=0 DS   [-WA]
GS =0010 0000000000000000 ffffffff 00cf9300 DPL=0 DS   [-WA]
LDT=0000 0000000000000000 0000ffff 00008200 DPL=0 LDT
TR =0000 0000000000000000 0000ffff 00008b00 DPL=0 TSS64-busy
GDT=     0000000000001058 0000001f
IDT=     0000000000080210 00000fff
CR0=e0000031 CR2=0000000000000000 CR3=0000000000070000 CR4=00000620
DR0=0000000000000000 DR1=0000000000000000 DR2=0000000000000000 DR3=0000000000000000 
DR6=00000000ffff0ff0 DR7=0000000000000400
CCS=0000000000000000 CCD=0000000000006e00 CCO=SUBB
EFER=0000000000000500
Servicing hardware INT=0x21
    74: v=21 e=0000 i=0 cpl=0 IP=0018:0000000000001cf9 pc=0000000000001cf9 SP=0010:0000000000067000 env->regs[R_EAX]=00000000000b8e72
RAX=00000000000b8e72 RBX=00000000000b8e6e RCX=000000000000000a RDX=0000000000006e00
RSI=0000000000001096 RDI=0000000000080420 RBP=0000000000000000 RSP=0000000000067000
R8 =0000000080001808 R9 =0000000000000001 R10=000000000000000a R11=0000000000006e21
R12=0000000000007a1c R13=0000000000000000 R14=0000000000000000 R15=0000000000000004
RIP=0000000000001cf9 RFL=00000246 [---Z-P-] CPL=0 II=0 A20=1 SMM=0 HLT=0
ES =0010 0000000000000000 ffffffff 00cf9300 DPL=0 DS   [-WA]
CS =0018 0000000000000000 00000000 00209a00 DPL=0 CS64 [-R-]
SS =0010 0000000000000000 ffffffff 00cf9300 DPL=0 DS   [-WA]
DS =0010 0000000000000000 ffffffff 00cf9300 DPL=0 DS   [-WA]
FS =0010 0000000000000000 ffffffff 00cf9300 DPL=0 DS   [-WA]
GS =0010 0000000000000000 ffffffff 00cf9300 DPL=0 DS   [-WA]
LDT=0000 0000000000000000 0000ffff 00008200 DPL=0 LDT
TR =0000 0000000000000000 0000ffff 00008b00 DPL=0 TSS64-busy
GDT=     0000000000001058 0000001f
IDT=     0000000000080210 00000fff
CR0=e0000031 CR2=0000000000000000 CR3=0000000000070000 CR4=00000620
DR0=0000000000000000 DR1=0000000000000000 DR2=0000000000000000 DR3=0000000000000000 
DR6=00000000ffff0ff0 DR7=0000000000000400
CCS=0000000000000000 CCD=0000000000006e00 CCO=SUBB
EFER=0000000000000500
Servicing hardware INT=0x21
    75: v=21 e=0000 i=0 cpl=0 IP=0018:0000000000001cf9 pc=0000000000001cf9 SP=0010:0000000000067000 env->regs[R_EAX]=00000000000b8e72
RAX=00000000000b8e72 RBX=00000000000b8e6e RCX=000000000000000a RDX=0000000000006e00
RSI=0000000000001096 RDI=0000000000080420 RBP=0000000000000000 RSP=0000000000067000
R8 =0000000080001808 R9 =0000000000000001 R10=000000000000000a R11=0000000000006e21
R12=0000000000007a1c R13=0000000000000000 R14=0000000000000000 R15=0000000000000004
RIP=0000000000001cf9 RFL=00000246 [---Z-P-] CPL=0 II=0 A20=1 SMM=0 HLT=0
ES =0010 0000000000000000 ffffffff 00cf9300 DPL=0 DS   [-WA]
CS =0018 0000000000000000 00000000 00209a00 DPL=0 CS64 [-R-]
SS =0010 0000000000000000 ffffffff 00cf9300 DPL=0 DS   [-WA]
DS =0010 0000000000000000 ffffffff 00cf9300 DPL=0 DS   [-WA]
FS =0010 0000000000000000 ffffffff 00cf9300 DPL=0 DS   [-WA]
GS =0010 0000000000000000 ffffffff 00cf9300 DPL=0 DS   [-WA]
LDT=0000 0000000000000000 0000ffff 00008200 DPL=0 LDT
TR =0000 0000000000000000 0000ffff 00008b00 DPL=0 TSS64-busy
GDT=     0000000000001058 0000001f
IDT=     0000000000080210 00000fff
CR0=e0000031 CR2=0000000000000000 CR3=0000000000070000 CR4=00000620
DR0=0000000000000000 DR1=0000000000000000 DR2=0000000000000000 DR3=0000000000000000 
DR6=00000000ffff0ff0 DR7=0000000000000400
CCS=0000000000000000 CCD=0000000000006e00 CCO=SUBB
EFER=0000000000000500
Servicing hardware INT=0x21
    76: v=21 e=0000 i=0 cpl=0 IP=0018:0000000000001cf9 pc=0000000000001cf9 SP=0010:0000000000067000 env->regs[R_EAX]=00000000000b8e72
RAX=00000000000b8e72 RBX=00000000000b8e6e RCX=000000000000000a RDX=0000000000006e00
RSI=0000000000001096 RDI=0000000000080420 RBP=0000000000000000 RSP=0000000000067000
R8 =0000000080001808 R9 =0000000000000001 R10=000000000000000a R11=0000000000006e21
R12=0000000000007a1c R13=0000000000000000 R14=0000000000000000 R15=0000000000000004
RIP=0000000000001cf9 RFL=00000246 [---Z-P-] CPL=0 II=0 A20=1 SMM=0 HLT=0
ES =0010 0000000000000000 ffffffff 00cf9300 DPL=0 DS   [-WA]
CS =0018 0000000000000000 00000000 00209a00 DPL=0 CS64 [-R-]
SS =0010 0000000000000000 ffffffff 00cf9300 DPL=0 DS   [-WA]
DS =0010 0000000000000000 ffffffff 00cf9300 DPL=0 DS   [-WA]
FS =0010 0000000000000000 ffffffff 00cf9300 DPL=0 DS   [-WA]
GS =0010 0000000000000000 ffffffff 00cf9300 DPL=0 DS   [-WA]
LDT=0000 0000000000000000 0000ffff 00008200 DPL=0 LDT
TR =0000 0000000000000000 0000ffff 00008b00 DPL=0 TSS64-busy
GDT=     0000000000001058 0000001f
IDT=     0000000000080210 00000fff
CR0=e0000031 CR2=0000000000000000 CR3=0000000000070000 CR4=00000620
DR0=0000000000000000 DR1=0000000000000000 DR2=0000000000000000 DR3=0000000000000000 
DR6=00000000ffff0ff0 DR7=0000000000000400
CCS=0000000000000000 CCD=0000000000006e00 CCO=SUBB
EFER=0000000000000500
Servicing hardware INT=0x21
    77: v=21 e=0000 i=0 cpl=0 IP=0018:0000000000001cf9 pc=0000000000001cf9 SP=0010:0000000000067000 env->regs[R_EAX]=00000000000b8e72
RAX=00000000000b8e72 RBX=00000000000b8e6e RCX=000000000000000a RDX=0000000000006e00
RSI=0000000000001096 RDI=0000000000080420 RBP=0000000000000000 RSP=0000000000067000
R8 =0000000080001808 R9 =0000000000000001 R10=000000000000000a R11=0000000000006e21
R12=0000000000007a1c R13=0000000000000000 R14=0000000000000000 R15=0000000000000004
RIP=0000000000001cf9 RFL=00000246 [---Z-P-] CPL=0 II=0 A20=1 SMM=0 HLT=0
ES =0010 0000000000000000 ffffffff 00cf9300 DPL=0 DS   [-WA]
CS =0018 0000000000000000 00000000 00209a00 DPL=0 CS64 [-R-]
SS =0010 0000000000000000 ffffffff 00cf9300 DPL=0 DS   [-WA]
DS =0010 0000000000000000 ffffffff 00cf9300 DPL=0 DS   [-WA]
FS =0010 0000000000000000 ffffffff 00cf9300 DPL=0 DS   [-WA]
GS =0010 0000000000000000 ffffffff 00cf9300 DPL=0 DS   [-WA]
LDT=0000 0000000000000000 0000ffff 00008200 DPL=0 LDT
TR =0000 0000000000000000 0000ffff 00008b00 DPL=0 TSS64-busy
GDT=     0000000000001058 0000001f
IDT=     0000000000080210 00000fff
CR0=e0000031 CR2=0000000000000000 CR3=0000000000070000 CR4=00000620
DR0=0000000000000000 DR1=0000000000000000 DR2=0000000000000000 DR3=0000000000000000 
DR6=00000000ffff0ff0 DR7=0000000000000400
CCS=0000000000000000 CCD=0000000000006e00 CCO=SUBB
EFER=0000000000000500
Servicing hardware INT=0x21
    78: v=21 e=0000 i=0 cpl=0 IP=0018:0000000000001cf9 pc=0000000000001cf9 SP=0010:0000000000067000 env->regs[R_EAX]=00000000000b8e72
RAX=00000000000b8e72 RBX=00000000000b8e6e RCX=000000000000000a RDX=0000000000006e00
RSI=0000000000001096 RDI=0000000000080420 RBP=0000000000000000 RSP=0000000000067000
R8 =0000000080001808 R9 =0000000000000001 R10=000000000000000a R11=0000000000006e21
R12=0000000000007a1c R13=0000000000000000 R14=0000000000000000 R15=0000000000000004
RIP=0000000000001cf9 RFL=00000246 [---Z-P-] CPL=0 II=0 A20=1 SMM=0 HLT=0
ES =0010 0000000000000000 ffffffff 00cf9300 DPL=0 DS   [-WA]
CS =0018 0000000000000000 00000000 00209a00 DPL=0 CS64 [-R-]
SS =0010 0000000000000000 ffffffff 00cf9300 DPL=0 DS   [-WA]
DS =0010 0000000000000000 ffffffff 00cf9300 DPL=0 DS   [-WA]
FS =0010 0000000000000000 ffffffff 00cf9300 DPL=0 DS   [-WA]
GS =0010 0000000000000000 ffffffff 00cf9300 DPL=0 DS   [-WA]
LDT=0000 0000000000000000 0000ffff 00008200 DPL=0 LDT
TR =0000 0000000000000000 0000ffff 00008b00 DPL=0 TSS64-busy
GDT=     0000000000001058 0000001f
IDT=     0000000000080210 00000fff
CR0=e0000031 CR2=0000000000000000 CR3=0000000000070000 CR4=00000620
DR0=0000000000000000 DR1=0000000000000000 DR2=0000000000000000 DR3=0000000000000000 
DR6=00000000ffff0ff0 DR7=0000000000000400
CCS=0000000000000000 CCD=0000000000006e00 CCO=SUBB
EFER=0000000000000500
Servicing hardware INT=0x21
    79: v=21 e=0000 i=0 cpl=0 IP=0018:0000000000001cf9 pc=0000000000001cf9 SP=0010:0000000000067000 env->regs[R_EAX]=00000000000b8e74
RAX=00000000000b8e74 RBX=00000000000b8e6e RCX=000000000000000a RDX=0000000000006e00
RSI=0000000000001096 RDI=0000000000080420 RBP=0000000000000000 RSP=0000000000067000
R8 =0000000080001808 R9 =0000000000000001 R10=000000000000000a R11=0000000000006e21
R12=0000000000007a1c R13=0000000000000000 R14=0000000000000000 R15=0000000000000004
RIP=0000000000001cf9 RFL=00000246 [---Z-P-] CPL=0 II=0 A20=1 SMM=0 HLT=0
ES =0010 0000000000000000 ffffffff 00cf9300 DPL=0 DS   [-WA]
CS =0018 0000000000000000 00000000 00209a00 DPL=0 CS64 [-R-]
SS =0010 0000000000000000 ffffffff 00cf9300 DPL=0 DS   [-WA]
DS =0010 0000000000000000 ffffffff 00cf9300 DPL=0 DS   [-WA]
FS =0010 0000000000000000 ffffffff 00cf9300 DPL=0 DS   [-WA]
GS =0010 0000000000000000 ffffffff 00cf9300 DPL=0 DS   [-WA]
LDT=0000 0000000000000000 0000ffff 00008200 DPL=0 LDT
TR =0000 0000000000000000 0000ffff 00008b00 DPL=0 TSS64-busy
GDT=     0000000000001058 0000001f
IDT=     0000000000080210 00000fff
CR0=e0000031 CR2=0000000000000000 CR3=0000000000070000 CR4=00000620
DR0=0000000000000000 DR1=0000000000000000 DR2=0000000000000000 DR3=0000000000000000 
DR6=00000000ffff0ff0 DR7=0000000000000400
CCS=0000000000000000 CCD=0000000000006e00 CCO=SUBB
EFER=0000000000000500
Servicing hardware INT=0x21
    80: v=21 e=0000 i=0 cpl=0 IP=0018:0000000000001cf9 pc=0000000000001cf9 SP=0010:0000000000067000 env->regs[R_EAX]=00000000000b8e74
RAX=00000000000b8e74 RBX=00000000000b8e6e RCX=000000000000000a RDX=0000000000006e00
RSI=0000000000001096 RDI=0000000000080420 RBP=0000000000000000 RSP=0000000000067000
R8 =0000000080001808 R9 =0000000000000001 R10=000000000000000a R11=0000000000006e21
R12=0000000000007a1c R13=0000000000000000 R14=0000000000000000 R15=0000000000000004
RIP=0000000000001cf9 RFL=00000246 [---Z-P-] CPL=0 II=0 A20=1 SMM=0 HLT=0
ES =0010 0000000000000000 ffffffff 00cf9300 DPL=0 DS   [-WA]
CS =0018 0000000000000000 00000000 00209a00 DPL=0 CS64 [-R-]
SS =0010 0000000000000000 ffffffff 00cf9300 DPL=0 DS   [-WA]
DS =0010 0000000000000000 ffffffff 00cf9300 DPL=0 DS   [-WA]
FS =0010 0000000000000000 ffffffff 00cf9300 DPL=0 DS   [-WA]
GS =0010 0000000000000000 ffffffff 00cf9300 DPL=0 DS   [-WA]
LDT=0000 0000000000000000 0000ffff 00008200 DPL=0 LDT
TR =0000 0000000000000000 0000ffff 00008b00 DPL=0 TSS64-busy
GDT=     0000000000001058 0000001f
IDT=     0000000000080210 00000fff
CR0=e0000031 CR2=0000000000000000 CR3=0000000000070000 CR4=00000620
DR0=0000000000000000 DR1=0000000000000000 DR2=0000000000000000 DR3=0000000000000000 
DR6=00000000ffff0ff0 DR7=0000000000000400
CCS=0000000000000000 CCD=0000000000006e00 CCO=SUBB
EFER=0000000000000500
Servicing hardware INT=0x21
    81: v=21 e=0000 i=0 cpl=0 IP=0018:0000000000001cf9 pc=0000000000001cf9 SP=0010:0000000000067000 env->regs[R_EAX]=00000000000b8e74
RAX=00000000000b8e74 RBX=00000000000b8e6e RCX=000000000000000a RDX=0000000000006e00
RSI=0000000000001096 RDI=0000000000080420 RBP=0000000000000000 RSP=0000000000067000
R8 =0000000080001808 R9 =0000000000000001 R10=000000000000000a R11=0000000000006e21
R12=0000000000007a1c R13=0000000000000000 R14=0000000000000000 R15=0000000000000004
RIP=0000000000001cf9 RFL=00000246 [---Z-P-] CPL=0 II=0 A20=1 SMM=0 HLT=0
ES =0010 0000000000000000 ffffffff 00cf9300 DPL=0 DS   [-WA]
CS =0018 0000000000000000 00000000 00209a00 DPL=0 CS64 [-R-]
SS =0010 0000000000000000 ffffffff 00cf9300 DPL=0 DS   [-WA]
DS =0010 0000000000000000 ffffffff 00cf9300 DPL=0 DS   [-WA]
FS =0010 0000000000000000 ffffffff 00cf9300 DPL=0 DS   [-WA]
GS =0010 0000000000000000 ffffffff 00cf9300 DPL=0 DS   [-WA]
LDT=0000 0000000000000000 0000ffff 00008200 DPL=0 LDT
TR =0000 0000000000000000 0000ffff 00008b00 DPL=0 TSS64-busy
GDT=     0000000000001058 0000001f
IDT=     0000000000080210 00000fff
CR0=e0000031 CR2=0000000000000000 CR3=0000000000070000 CR4=00000620
DR0=0000000000000000 DR1=0000000000000000 DR2=0000000000000000 DR3=0000000000000000 
DR6=00000000ffff0ff0 DR7=0000000000000400
CCS=0000000000000000 CCD=0000000000006e00 CCO=SUBB
EFER=0000000000000500
Servicing hardware INT=0x21
    82: v=21 e=0000 i=0 cpl=0 IP=0018:0000000000001cf9 pc=0000000000001cf9 SP=0010:0000000000067000 env->regs[R_EAX]=00000000000b8e74
RAX=00000000000b8e74 RBX=00000000000b8e6e RCX=000000000000000a RDX=0000000000006e00
RSI=0000000000001096 RDI=0000000000080420 RBP=0000000000000000 RSP=0000000000067000
R8 =0000000080001808 R9 =0000000000000001 R10=000000000000000a R11=0000000000006e21
R12=0000000000007a1c R13=0000000000000000 R14=0000000000000000 R15=0000000000000004
RIP=0000000000001cf9 RFL=00000246 [---Z-P-] CPL=0 II=0 A20=1 SMM=0 HLT=0
ES =0010 0000000000000000 ffffffff 00cf9300 DPL=0 DS   [-WA]
CS =0018 0000000000000000 00000000 00209a00 DPL=0 CS64 [-R-]
SS =0010 0000000000000000 ffffffff 00cf9300 DPL=0 DS   [-WA]
DS =0010 0000000000000000 ffffffff 00cf9300 DPL=0 DS   [-WA]
FS =0010 0000000000000000 ffffffff 00cf9300 DPL=0 DS   [-WA]
GS =0010 0000000000000000 ffffffff 00cf9300 DPL=0 DS   [-WA]
LDT=0000 0000000000000000 0000ffff 00008200 DPL=0 LDT
TR =0000 0000000000000000 0000ffff 00008b00 DPL=0 TSS64-busy
GDT=     0000000000001058 0000001f
IDT=     0000000000080210 00000fff
CR0=e0000031 CR2=0000000000000000 CR3=0000000000070000 CR4=00000620
DR0=0000000000000000 DR1=0000000000000000 DR2=0000000000000000 DR3=0000000000000000 
DR6=00000000ffff0ff0 DR7=0000000000000400
CCS=0000000000000000 CCD=0000000000006e00 CCO=SUBB
EFER=0000000000000500
Servicing hardware INT=0x21
    83: v=21 e=0000 i=0 cpl=0 IP=0018:0000000000001cf9 pc=0000000000001cf9 SP=0010:0000000000067000 env->regs[R_EAX]=00000000000b8e74
RAX=00000000000b8e74 RBX=00000000000b8e6e RCX=000000000000000a RDX=0000000000006e00
RSI=0000000000001096 RDI=0000000000080420 RBP=0000000000000000 RSP=0000000000067000
R8 =0000000080001808 R9 =0000000000000001 R10=000000000000000a R11=0000000000006e21
R12=0000000000007a1c R13=0000000000000000 R14=0000000000000000 R15=0000000000000004
RIP=0000000000001cf9 RFL=00000246 [---Z-P-] CPL=0 II=0 A20=1 SMM=0 HLT=0
ES =0010 0000000000000000 ffffffff 00cf9300 DPL=0 DS   [-WA]
CS =0018 0000000000000000 00000000 00209a00 DPL=0 CS64 [-R-]
SS =0010 0000000000000000 ffffffff 00cf9300 DPL=0 DS   [-WA]
DS =0010 0000000000000000 ffffffff 00cf9300 DPL=0 DS   [-WA]
FS =0010 0000000000000000 ffffffff 00cf9300 DPL=0 DS   [-WA]
GS =0010 0000000000000000 ffffffff 00cf9300 DPL=0 DS   [-WA]
LDT=0000 0000000000000000 0000ffff 00008200 DPL=0 LDT
TR =0000 0000000000000000 0000ffff 00008b00 DPL=0 TSS64-busy
GDT=     0000000000001058 0000001f
IDT=     0000000000080210 00000fff
CR0=e0000031 CR2=0000000000000000 CR3=0000000000070000 CR4=00000620
DR0=0000000000000000 DR1=0000000000000000 DR2=0000000000000000 DR3=0000000000000000 
DR6=00000000ffff0ff0 DR7=0000000000000400
CCS=0000000000000000 CCD=0000000000006e00 CCO=SUBB
EFER=0000000000000500
Servicing hardware INT=0x21
    84: v=21 e=0000 i=0 cpl=0 IP=0018:0000000000001cf9 pc=0000000000001cf9 SP=0010:0000000000067000 env->regs[R_EAX]=00000000000b8e74
RAX=00000000000b8e74 RBX=00000000000b8e6e RCX=000000000000000a RDX=0000000000006e00
RSI=0000000000001096 RDI=0000000000080420 RBP=0000000000000000 RSP=0000000000067000
R8 =0000000080001808 R9 =0000000000000001 R10=000000000000000a R11=0000000000006e21
R12=0000000000007a1c R13=0000000000000000 R14=0000000000000000 R15=0000000000000004
RIP=0000000000001cf9 RFL=00000246 [---Z-P-] CPL=0 II=0 A20=1 SMM=0 HLT=0
ES =0010 0000000000000000 ffffffff 00cf9300 DPL=0 DS   [-WA]
CS =0018 0000000000000000 00000000 00209a00 DPL=0 CS64 [-R-]
SS =0010 0000000000000000 ffffffff 00cf9300 DPL=0 DS   [-WA]
DS =0010 0000000000000000 ffffffff 00cf9300 DPL=0 DS   [-WA]
FS =0010 0000000000000000 ffffffff 00cf9300 DPL=0 DS   [-WA]
GS =0010 0000000000000000 ffffffff 00cf9300 DPL=0 DS   [-WA]
LDT=0000 0000000000000000 0000ffff 00008200 DPL=0 LDT
TR =0000 0000000000000000 0000ffff 00008b00 DPL=0 TSS64-busy
GDT=     0000000000001058 0000001f
IDT=     0000000000080210 00000fff
CR0=e0000031 CR2=0000000000000000 CR3=0000000000070000 CR4=00000620
DR0=0000000000000000 DR1=0000000000000000 DR2=0000000000000000 DR3=0000000000000000 
DR6=00000000ffff0ff0 DR7=0000000000000400
CCS=0000000000000000 CCD=0000000000006e00 CCO=SUBB
EFER=0000000000000500
Servicing hardware INT=0x21
    85: v=21 e=0000 i=0 cpl=0 IP=0018:0000000000001cf9 pc=0000000000001cf9 SP=0010:0000000000067000 env->regs[R_EAX]=00000000000b8e72
RAX=00000000000b8e72 RBX=00000000000b8e6e RCX=000000000000000a RDX=0000000000006e00
RSI=0000000000001096 RDI=0000000000080420 RBP=0000000000000000 RSP=0000000000067000
R8 =0000000080001808 R9 =0000000000000001 R10=000000000000000a R11=0000000000006e21
R12=0000000000007a1c R13=0000000000000000 R14=0000000000000000 R15=0000000000000004
RIP=0000000000001cf9 RFL=00000246 [---Z-P-] CPL=0 II=0 A20=1 SMM=0 HLT=0
ES =0010 0000000000000000 ffffffff 00cf9300 DPL=0 DS   [-WA]
CS =0018 0000000000000000 00000000 00209a00 DPL=0 CS64 [-R-]
SS =0010 0000000000000000 ffffffff 00cf9300 DPL=0 DS   [-WA]
DS =0010 0000000000000000 ffffffff 00cf9300 DPL=0 DS   [-WA]
FS =0010 0000000000000000 ffffffff 00cf9300 DPL=0 DS   [-WA]
GS =0010 0000000000000000 ffffffff 00cf9300 DPL=0 DS   [-WA]
LDT=0000 0000000000000000 0000ffff 00008200 DPL=0 LDT
TR =0000 0000000000000000 0000ffff 00008b00 DPL=0 TSS64-busy
GDT=     0000000000001058 0000001f
IDT=     0000000000080210 00000fff
CR0=e0000031 CR2=0000000000000000 CR3=0000000000070000 CR4=00000620
DR0=0000000000000000 DR1=0000000000000000 DR2=0000000000000000 DR3=0000000000000000 
DR6=00000000ffff0ff0 DR7=0000000000000400
CCS=0000000000000000 CCD=0000000000006e00 CCO=SUBB
EFER=0000000000000500
Servicing hardware INT=0x21
    86: v=21 e=0000 i=0 cpl=0 IP=0018:0000000000001cf9 pc=0000000000001cf9 SP=0010:0000000000067000 env->regs[R_EAX]=00000000000b8e72
RAX=00000000000b8e72 RBX=00000000000b8e6e RCX=000000000000000a RDX=0000000000006e00
RSI=0000000000001096 RDI=0000000000080420 RBP=0000000000000000 RSP=0000000000067000
R8 =0000000080001808 R9 =0000000000000001 R10=000000000000000a R11=0000000000006e21
R12=0000000000007a1c R13=0000000000000000 R14=0000000000000000 R15=0000000000000004
RIP=0000000000001cf9 RFL=00000246 [---Z-P-] CPL=0 II=0 A20=1 SMM=0 HLT=0
ES =0010 0000000000000000 ffffffff 00cf9300 DPL=0 DS   [-WA]
CS =0018 0000000000000000 00000000 00209a00 DPL=0 CS64 [-R-]
SS =0010 0000000000000000 ffffffff 00cf9300 DPL=0 DS   [-WA]
DS =0010 0000000000000000 ffffffff 00cf9300 DPL=0 DS   [-WA]
FS =0010 0000000000000000 ffffffff 00cf9300 DPL=0 DS   [-WA]
GS =0010 0000000000000000 ffffffff 00cf9300 DPL=0 DS   [-WA]
LDT=0000 0000000000000000 0000ffff 00008200 DPL=0 LDT
TR =0000 0000000000000000 0000ffff 00008b00 DPL=0 TSS64-busy
GDT=     0000000000001058 0000001f
IDT=     0000000000080210 00000fff
CR0=e0000031 CR2=0000000000000000 CR3=0000000000070000 CR4=00000620
DR0=0000000000000000 DR1=0000000000000000 DR2=0000000000000000 DR3=0000000000000000 
DR6=00000000ffff0ff0 DR7=0000000000000400
CCS=0000000000000000 CCD=0000000000006e00 CCO=SUBB
EFER=0000000000000500
Servicing hardware INT=0x21
    87: v=21 e=0000 i=0 cpl=0 IP=0018:0000000000001cf9 pc=0000000000001cf9 SP=0010:0000000000067000 env->regs[R_EAX]=00000000000b8e72
RAX=00000000000b8e72 RBX=00000000000b8e6e RCX=000000000000000a RDX=0000000000006e00
RSI=0000000000001096 RDI=0000000000080420 RBP=0000000000000000 RSP=0000000000067000
R8 =0000000080001808 R9 =0000000000000001 R10=000000000000000a R11=0000000000006e21
R12=0000000000007a1c R13=0000000000000000 R14=0000000000000000 R15=0000000000000004
RIP=0000000000001cf9 RFL=00000246 [---Z-P-] CPL=0 II=0 A20=1 SMM=0 HLT=0
ES =0010 0000000000000000 ffffffff 00cf9300 DPL=0 DS   [-WA]
CS =0018 0000000000000000 00000000 00209a00 DPL=0 CS64 [-R-]
SS =0010 0000000000000000 ffffffff 00cf9300 DPL=0 DS   [-WA]
DS =0010 0000000000000000 ffffffff 00cf9300 DPL=0 DS   [-WA]
FS =0010 0000000000000000 ffffffff 00cf9300 DPL=0 DS   [-WA]
GS =0010 0000000000000000 ffffffff 00cf9300 DPL=0 DS   [-WA]
LDT=0000 0000000000000000 0000ffff 00008200 DPL=0 LDT
TR =0000 0000000000000000 0000ffff 00008b00 DPL=0 TSS64-busy
GDT=     0000000000001058 0000001f
IDT=     0000000000080210 00000fff
CR0=e0000031 CR2=0000000000000000 CR3=0000000000070000 CR4=00000620
DR0=0000000000000000 DR1=0000000000000000 DR2=0000000000000000 DR3=0000000000000000 
DR6=00000000ffff0ff0 DR7=0000000000000400
CCS=0000000000000000 CCD=0000000000006e00 CCO=SUBB
EFER=0000000000000500
Servicing hardware INT=0x21
    88: v=21 e=0000 i=0 cpl=0 IP=0018:0000000000001cf9 pc=0000000000001cf9 SP=0010:0000000000067000 env->regs[R_EAX]=00000000000b8e72
RAX=00000000000b8e72 RBX=00000000000b8e6e RCX=000000000000000a RDX=0000000000006e00
RSI=0000000000001096 RDI=0000000000080420 RBP=0000000000000000 RSP=0000000000067000
R8 =0000000080001808 R9 =0000000000000001 R10=000000000000000a R11=0000000000006e21
R12=0000000000007a1c R13=0000000000000000 R14=0000000000000000 R15=0000000000000004
RIP=0000000000001cf9 RFL=00000246 [---Z-P-] CPL=0 II=0 A20=1 SMM=0 HLT=0
ES =0010 0000000000000000 ffffffff 00cf9300 DPL=0 DS   [-WA]
CS =0018 0000000000000000 00000000 00209a00 DPL=0 CS64 [-R-]
SS =0010 0000000000000000 ffffffff 00cf9300 DPL=0 DS   [-WA]
DS =0010 0000000000000000 ffffffff 00cf9300 DPL=0 DS   [-WA]
FS =0010 0000000000000000 ffffffff 00cf9300 DPL=0 DS   [-WA]
GS =0010 0000000000000000 ffffffff 00cf9300 DPL=0 DS   [-WA]
LDT=0000 0000000000000000 0000ffff 00008200 DPL=0 LDT
TR =0000 0000000000000000 0000ffff 00008b00 DPL=0 TSS64-busy
GDT=     0000000000001058 0000001f
IDT=     0000000000080210 00000fff
CR0=e0000031 CR2=0000000000000000 CR3=0000000000070000 CR4=00000620
DR0=0000000000000000 DR1=0000000000000000 DR2=0000000000000000 DR3=0000000000000000 
DR6=00000000ffff0ff0 DR7=0000000000000400
CCS=0000000000000000 CCD=0000000000006e00 CCO=SUBB
EFER=0000000000000500
Servicing hardware INT=0x21
    89: v=21 e=0000 i=0 cpl=0 IP=0018:0000000000001cf9 pc=0000000000001cf9 SP=0010:0000000000067000 env->regs[R_EAX]=00000000000b8e72
RAX=00000000000b8e72 RBX=00000000000b8e6e RCX=000000000000000a RDX=0000000000006e00
RSI=0000000000001096 RDI=0000000000080420 RBP=0000000000000000 RSP=0000000000067000
R8 =0000000080001808 R9 =0000000000000001 R10=000000000000000a R11=0000000000006e21
R12=0000000000007a1c R13=0000000000000000 R14=0000000000000000 R15=0000000000000004
RIP=0000000000001cf9 RFL=00000246 [---Z-P-] CPL=0 II=0 A20=1 SMM=0 HLT=0
ES =0010 0000000000000000 ffffffff 00cf9300 DPL=0 DS   [-WA]
CS =0018 0000000000000000 00000000 00209a00 DPL=0 CS64 [-R-]
SS =0010 0000000000000000 ffffffff 00cf9300 DPL=0 DS   [-WA]
DS =0010 0000000000000000 ffffffff 00cf9300 DPL=0 DS   [-WA]
FS =0010 0000000000000000 ffffffff 00cf9300 DPL=0 DS   [-WA]
GS =0010 0000000000000000 ffffffff 00cf9300 DPL=0 DS   [-WA]
LDT=0000 0000000000000000 0000ffff 00008200 DPL=0 LDT
TR =0000 0000000000000000 0000ffff 00008b00 DPL=0 TSS64-busy
GDT=     0000000000001058 0000001f
IDT=     0000000000080210 00000fff
CR0=e0000031 CR2=0000000000000000 CR3=0000000000070000 CR4=00000620
DR0=0000000000000000 DR1=0000000000000000 DR2=0000000000000000 DR3=0000000000000000 
DR6=00000000ffff0ff0 DR7=0000000000000400
CCS=0000000000000000 CCD=0000000000006e00 CCO=SUBB
EFER=0000000000000500
Servicing hardware INT=0x21
    90: v=21 e=0000 i=0 cpl=0 IP=0018:0000000000001cf9 pc=0000000000001cf9 SP=0010:0000000000067000 env->regs[R_EAX]=00000000000b8e72
RAX=00000000000b8e72 RBX=00000000000b8e6e RCX=000000000000000a RDX=0000000000006e00
RSI=0000000000001096 RDI=0000000000080420 RBP=0000000000000000 RSP=0000000000067000
R8 =0000000080001808 R9 =0000000000000001 R10=000000000000000a R11=0000000000006e21
R12=0000000000007a1c R13=0000000000000000 R14=0000000000000000 R15=0000000000000004
RIP=0000000000001cf9 RFL=00000246 [---Z-P-] CPL=0 II=0 A20=1 SMM=0 HLT=0
ES =0010 0000000000000000 ffffffff 00cf9300 DPL=0 DS   [-WA]
CS =0018 0000000000000000 00000000 00209a00 DPL=0 CS64 [-R-]
SS =0010 0000000000000000 ffffffff 00cf9300 DPL=0 DS   [-WA]
DS =0010 0000000000000000 ffffffff 00cf9300 DPL=0 DS   [-WA]
FS =0010 0000000000000000 ffffffff 00cf9300 DPL=0 DS   [-WA]
GS =0010 0000000000000000 ffffffff 00cf9300 DPL=0 DS   [-WA]
LDT=0000 0000000000000000 0000ffff 00008200 DPL=0 LDT
TR =0000 0000000000000000 0000ffff 00008b00 DPL=0 TSS64-busy
GDT=     0000000000001058 0000001f
IDT=     0000000000080210 00000fff
CR0=e0000031 CR2=0000000000000000 CR3=0000000000070000 CR4=00000620
DR0=0000000000000000 DR1=0000000000000000 DR2=0000000000000000 DR3=0000000000000000 
DR6=00000000ffff0ff0 DR7=0000000000000400
CCS=0000000000000000 CCD=0000000000006e00 CCO=SUBB
EFER=0000000000000500
Servicing hardware INT=0x21
    91: v=21 e=0000 i=0 cpl=0 IP=0018:0000000000001cf9 pc=0000000000001cf9 SP=0010:0000000000067000 env->regs[R_EAX]=00000000000b8e74
RAX=00000000000b8e74 RBX=00000000000b8e6e RCX=000000000000000a RDX=0000000000006e00
RSI=0000000000001096 RDI=0000000000080420 RBP=0000000000000000 RSP=0000000000067000
R8 =0000000080001808 R9 =0000000000000001 R10=000000000000000a R11=0000000000006e21
R12=0000000000007a1c R13=0000000000000000 R14=0000000000000000 R15=0000000000000004
RIP=0000000000001cf9 RFL=00000246 [---Z-P-] CPL=0 II=0 A20=1 SMM=0 HLT=0
ES =0010 0000000000000000 ffffffff 00cf9300 DPL=0 DS   [-WA]
CS =0018 0000000000000000 00000000 00209a00 DPL=0 CS64 [-R-]
SS =0010 0000000000000000 ffffffff 00cf9300 DPL=0 DS   [-WA]
DS =0010 0000000000000000 ffffffff 00cf9300 DPL=0 DS   [-WA]
FS =0010 0000000000000000 ffffffff 00cf9300 DPL=0 DS   [-WA]
GS =0010 0000000000000000 ffffffff 00cf9300 DPL=0 DS   [-WA]
LDT=0000 0000000000000000 0000ffff 00008200 DPL=0 LDT
TR =0000 0000000000000000 0000ffff 00008b00 DPL=0 TSS64-busy
GDT=     0000000000001058 0000001f
IDT=     0000000000080210 00000fff
CR0=e0000031 CR2=0000000000000000 CR3=0000000000070000 CR4=00000620
DR0=0000000000000000 DR1=0000000000000000 DR2=0000000000000000 DR3=0000000000000000 
DR6=00000000ffff0ff0 DR7=0000000000000400
CCS=0000000000000000 CCD=0000000000006e00 CCO=SUBB
EFER=0000000000000500
Servicing hardware INT=0x21
    92: v=21 e=0000 i=0 cpl=0 IP=0018:0000000000001cf9 pc=0000000000001cf9 SP=0010:0000000000067000 env->regs[R_EAX]=00000000000b8e74
RAX=00000000000b8e74 RBX=00000000000b8e6e RCX=000000000000000a RDX=0000000000006e00
RSI=0000000000001096 RDI=0000000000080420 RBP=0000000000000000 RSP=0000000000067000
R8 =0000000080001808 R9 =0000000000000001 R10=000000000000000a R11=0000000000006e21
R12=0000000000007a1c R13=0000000000000000 R14=0000000000000000 R15=0000000000000004
RIP=0000000000001cf9 RFL=00000246 [---Z-P-] CPL=0 II=0 A20=1 SMM=0 HLT=0
ES =0010 0000000000000000 ffffffff 00cf9300 DPL=0 DS   [-WA]
CS =0018 0000000000000000 00000000 00209a00 DPL=0 CS64 [-R-]
SS =0010 0000000000000000 ffffffff 00cf9300 DPL=0 DS   [-WA]
DS =0010 0000000000000000 ffffffff 00cf9300 DPL=0 DS   [-WA]
FS =0010 0000000000000000 ffffffff 00cf9300 DPL=0 DS   [-WA]
GS =0010 0000000000000000 ffffffff 00cf9300 DPL=0 DS   [-WA]
LDT=0000 0000000000000000 0000ffff 00008200 DPL=0 LDT
TR =0000 0000000000000000 0000ffff 00008b00 DPL=0 TSS64-busy
GDT=     0000000000001058 0000001f
IDT=     0000000000080210 00000fff
CR0=e0000031 CR2=0000000000000000 CR3=0000000000070000 CR4=00000620
DR0=0000000000000000 DR1=0000000000000000 DR2=0000000000000000 DR3=0000000000000000 
DR6=00000000ffff0ff0 DR7=0000000000000400
CCS=0000000000000000 CCD=0000000000006e00 CCO=SUBB
EFER=0000000000000500
Servicing hardware INT=0x21
    93: v=21 e=0000 i=0 cpl=0 IP=0018:0000000000001cf9 pc=0000000000001cf9 SP=0010:0000000000067000 env->regs[R_EAX]=00000000000b8e74
RAX=00000000000b8e74 RBX=00000000000b8e6e RCX=000000000000000a RDX=0000000000006e00
RSI=0000000000001096 RDI=0000000000080420 RBP=0000000000000000 RSP=0000000000067000
R8 =0000000080001808 R9 =0000000000000001 R10=000000000000000a R11=0000000000006e21
R12=0000000000007a1c R13=0000000000000000 R14=0000000000000000 R15=0000000000000004
RIP=0000000000001cf9 RFL=00000246 [---Z-P-] CPL=0 II=0 A20=1 SMM=0 HLT=0
ES =0010 0000000000000000 ffffffff 00cf9300 DPL=0 DS   [-WA]
CS =0018 0000000000000000 00000000 00209a00 DPL=0 CS64 [-R-]
SS =0010 0000000000000000 ffffffff 00cf9300 DPL=0 DS   [-WA]
DS =0010 0000000000000000 ffffffff 00cf9300 DPL=0 DS   [-WA]
FS =0010 0000000000000000 ffffffff 00cf9300 DPL=0 DS   [-WA]
GS =0010 0000000000000000 ffffffff 00cf9300 DPL=0 DS   [-WA]
LDT=0000 0000000000000000 0000ffff 00008200 DPL=0 LDT
TR =0000 0000000000000000 0000ffff 00008b00 DPL=0 TSS64-busy
GDT=     0000000000001058 0000001f
IDT=     0000000000080210 00000fff
CR0=e0000031 CR2=0000000000000000 CR3=0000000000070000 CR4=00000620
DR0=0000000000000000 DR1=0000000000000000 DR2=0000000000000000 DR3=0000000000000000 
DR6=00000000ffff0ff0 DR7=0000000000000400
CCS=0000000000000000 CCD=0000000000006e00 CCO=SUBB
EFER=0000000000000500
Servicing hardware INT=0x21
    94: v=21 e=0000 i=0 cpl=0 IP=0018:0000000000001cf9 pc=0000000000001cf9 SP=0010:0000000000067000 env->regs[R_EAX]=00000000000b8e74
RAX=00000000000b8e74 RBX=00000000000b8e6e RCX=000000000000000a RDX=0000000000006e00
RSI=0000000000001096 RDI=0000000000080420 RBP=0000000000000000 RSP=0000000000067000
R8 =0000000080001808 R9 =0000000000000001 R10=000000000000000a R11=0000000000006e21
R12=0000000000007a1c R13=0000000000000000 R14=0000000000000000 R15=0000000000000004
RIP=0000000000001cf9 RFL=00000246 [---Z-P-] CPL=0 II=0 A20=1 SMM=0 HLT=0
ES =0010 0000000000000000 ffffffff 00cf9300 DPL=0 DS   [-WA]
CS =0018 0000000000000000 00000000 00209a00 DPL=0 CS64 [-R-]
SS =0010 0000000000000000 ffffffff 00cf9300 DPL=0 DS   [-WA]
DS =0010 0000000000000000 ffffffff 00cf9300 DPL=0 DS   [-WA]
FS =0010 0000000000000000 ffffffff 00cf9300 DPL=0 DS   [-WA]
GS =0010 0000000000000000 ffffffff 00cf9300 DPL=0 DS   [-WA]
LDT=0000 0000000000000000 0000ffff 00008200 DPL=0 LDT
TR =0000 0000000000000000 0000ffff 00008b00 DPL=0 TSS64-busy
GDT=     0000000000001058 0000001f
IDT=     0000000000080210 00000fff
CR0=e0000031 CR2=0000000000000000 CR3=0000000000070000 CR4=00000620
DR0=0000000000000000 DR1=0000000000000000 DR2=0000000000000000 DR3=0000000000000000 
DR6=00000000ffff0ff0 DR7=0000000000000400
CCS=0000000000000000 CCD=0000000000006e00 CCO=SUBB
EFER=0000000000000500
Servicing hardware INT=0x21
    95: v=21 e=0000 i=0 cpl=0 IP=0018:0000000000001cf9 pc=0000000000001cf9 SP=0010:0000000000067000 env->regs[R_EAX]=00000000000b8e74
RAX=00000000000b8e74 RBX=00000000000b8e6e RCX=000000000000000a RDX=0000000000006e00
RSI=0000000000001096 RDI=0000000000080420 RBP=0000000000000000 RSP=0000000000067000
R8 =0000000080001808 R9 =0000000000000001 R10=000000000000000a R11=0000000000006e21
R12=0000000000007a1c R13=0000000000000000 R14=0000000000000000 R15=0000000000000004
RIP=0000000000001cf9 RFL=00000246 [---Z-P-] CPL=0 II=0 A20=1 SMM=0 HLT=0
ES =0010 0000000000000000 ffffffff 00cf9300 DPL=0 DS   [-WA]
CS =0018 0000000000000000 00000000 00209a00 DPL=0 CS64 [-R-]
SS =0010 0000000000000000 ffffffff 00cf9300 DPL=0 DS   [-WA]
DS =0010 0000000000000000 ffffffff 00cf9300 DPL=0 DS   [-WA]
FS =0010 0000000000000000 ffffffff 00cf9300 DPL=0 DS   [-WA]
GS =0010 0000000000000000 ffffffff 00cf9300 DPL=0 DS   [-WA]
LDT=0000 0000000000000000 0000ffff 00008200 DPL=0 LDT
TR =0000 0000000000000000 0000ffff 00008b00 DPL=0 TSS64-busy
GDT=     0000000000001058 0000001f
IDT=     0000000000080210 00000fff
CR0=e0000031 CR2=0000000000000000 CR3=0000000000070000 CR4=00000620
DR0=0000000000000000 DR1=0000000000000000 DR2=0000000000000000 DR3=0000000000000000 
DR6=00000000ffff0ff0 DR7=0000000000000400
CCS=0000000000000000 CCD=0000000000006e00 CCO=SUBB
EFER=0000000000000500
Servicing hardware INT=0x21
    96: v=21 e=0000 i=0 cpl=0 IP=0018:0000000000001cf9 pc=0000000000001cf9 SP=0010:0000000000067000 env->regs[R_EAX]=00000000000b8e74
RAX=00000000000b8e74 RBX=00000000000b8e6e RCX=000000000000000a RDX=0000000000006e00
RSI=0000000000001096 RDI=0000000000080420 RBP=0000000000000000 RSP=0000000000067000
R8 =0000000080001808 R9 =0000000000000001 R10=000000000000000a R11=0000000000006e21
R12=0000000000007a1c R13=0000000000000000 R14=0000000000000000 R15=0000000000000004
RIP=0000000000001cf9 RFL=00000246 [---Z-P-] CPL=0 II=0 A20=1 SMM=0 HLT=0
ES =0010 0000000000000000 ffffffff 00cf9300 DPL=0 DS   [-WA]
CS =0018 0000000000000000 00000000 00209a00 DPL=0 CS64 [-R-]
SS =0010 0000000000000000 ffffffff 00cf9300 DPL=0 DS   [-WA]
DS =0010 0000000000000000 ffffffff 00cf9300 DPL=0 DS   [-WA]
FS =0010 0000000000000000 ffffffff 00cf9300 DPL=0 DS   [-WA]
GS =0010 0000000000000000 ffffffff 00cf9300 DPL=0 DS   [-WA]
LDT=0000 0000000000000000 0000ffff 00008200 DPL=0 LDT
TR =0000 0000000000000000 0000ffff 00008b00 DPL=0 TSS64-busy
GDT=     0000000000001058 0000001f
IDT=     0000000000080210 00000fff
CR0=e0000031 CR2=0000000000000000 CR3=0000000000070000 CR4=00000620
DR0=0000000000000000 DR1=0000000000000000 DR2=0000000000000000 DR3=0000000000000000 
DR6=00000000ffff0ff0 DR7=0000000000000400
CCS=0000000000000000 CCD=0000000000006e00 CCO=SUBB
EFER=0000000000000500
Servicing hardware INT=0x21
    97: v=21 e=0000 i=0 cpl=0 IP=0018:0000000000001cf9 pc=0000000000001cf9 SP=0010:0000000000067000 env->regs[R_EAX]=00000000000b8e72
RAX=00000000000b8e72 RBX=00000000000b8e6e RCX=000000000000000a RDX=0000000000006e00
RSI=0000000000001096 RDI=0000000000080420 RBP=0000000000000000 RSP=0000000000067000
R8 =0000000080001808 R9 =0000000000000001 R10=000000000000000a R11=0000000000006e21
R12=0000000000007a1c R13=0000000000000000 R14=0000000000000000 R15=0000000000000004
RIP=0000000000001cf9 RFL=00000246 [---Z-P-] CPL=0 II=0 A20=1 SMM=0 HLT=0
ES =0010 0000000000000000 ffffffff 00cf9300 DPL=0 DS   [-WA]
CS =0018 0000000000000000 00000000 00209a00 DPL=0 CS64 [-R-]
SS =0010 0000000000000000 ffffffff 00cf9300 DPL=0 DS   [-WA]
DS =0010 0000000000000000 ffffffff 00cf9300 DPL=0 DS   [-WA]
FS =0010 0000000000000000 ffffffff 00cf9300 DPL=0 DS   [-WA]
GS =0010 0000000000000000 ffffffff 00cf9300 DPL=0 DS   [-WA]
LDT=0000 0000000000000000 0000ffff 00008200 DPL=0 LDT
TR =0000 0000000000000000 0000ffff 00008b00 DPL=0 TSS64-busy
GDT=     0000000000001058 0000001f
IDT=     0000000000080210 00000fff
CR0=e0000031 CR2=0000000000000000 CR3=0000000000070000 CR4=00000620
DR0=0000000000000000 DR1=0000000000000000 DR2=0000000000000000 DR3=0000000000000000 
DR6=00000000ffff0ff0 DR7=0000000000000400
CCS=0000000000000000 CCD=0000000000006e00 CCO=SUBB
EFER=0000000000000500
Servicing hardware INT=0x21
    98: v=21 e=0000 i=0 cpl=0 IP=0018:0000000000001cf9 pc=0000000000001cf9 SP=0010:0000000000067000 env->regs[R_EAX]=00000000000b8e72
RAX=00000000000b8e72 RBX=00000000000b8e6e RCX=000000000000000a RDX=0000000000006e00
RSI=0000000000001096 RDI=0000000000080420 RBP=0000000000000000 RSP=0000000000067000
R8 =0000000080001808 R9 =0000000000000001 R10=000000000000000a R11=0000000000006e21
R12=0000000000007a1c R13=0000000000000000 R14=0000000000000000 R15=0000000000000004
RIP=0000000000001cf9 RFL=00000246 [---Z-P-] CPL=0 II=0 A20=1 SMM=0 HLT=0
ES =0010 0000000000000000 ffffffff 00cf9300 DPL=0 DS   [-WA]
CS =0018 0000000000000000 00000000 00209a00 DPL=0 CS64 [-R-]
SS =0010 0000000000000000 ffffffff 00cf9300 DPL=0 DS   [-WA]
DS =0010 0000000000000000 ffffffff 00cf9300 DPL=0 DS   [-WA]
FS =0010 0000000000000000 ffffffff 00cf9300 DPL=0 DS   [-WA]
GS =0010 0000000000000000 ffffffff 00cf9300 DPL=0 DS   [-WA]
LDT=0000 0000000000000000 0000ffff 00008200 DPL=0 LDT
TR =0000 0000000000000000 0000ffff 00008b00 DPL=0 TSS64-busy
GDT=     0000000000001058 0000001f
IDT=     0000000000080210 00000fff
CR0=e0000031 CR2=0000000000000000 CR3=0000000000070000 CR4=00000620
DR0=0000000000000000 DR1=0000000000000000 DR2=0000000000000000 DR3=0000000000000000 
DR6=00000000ffff0ff0 DR7=0000000000000400
CCS=0000000000000000 CCD=0000000000006e00 CCO=SUBB
EFER=0000000000000500
Servicing hardware INT=0x21
    99: v=21 e=0000 i=0 cpl=0 IP=0018:0000000000001cf9 pc=0000000000001cf9 SP=0010:0000000000067000 env->regs[R_EAX]=00000000000b8e74
RAX=00000000000b8e74 RBX=00000000000b8e6e RCX=000000000000000a RDX=0000000000006e00
RSI=0000000000001096 RDI=0000000000080420 RBP=0000000000000000 RSP=0000000000067000
R8 =0000000080001808 R9 =0000000000000001 R10=000000000000000a R11=0000000000006e21
R12=0000000000007a1c R13=0000000000000000 R14=0000000000000000 R15=0000000000000004
RIP=0000000000001cf9 RFL=00000246 [---Z-P-] CPL=0 II=0 A20=1 SMM=0 HLT=0
ES =0010 0000000000000000 ffffffff 00cf9300 DPL=0 DS   [-WA]
CS =0018 0000000000000000 00000000 00209a00 DPL=0 CS64 [-R-]
SS =0010 0000000000000000 ffffffff 00cf9300 DPL=0 DS   [-WA]
DS =0010 0000000000000000 ffffffff 00cf9300 DPL=0 DS   [-WA]
FS =0010 0000000000000000 ffffffff 00cf9300 DPL=0 DS   [-WA]
GS =0010 0000000000000000 ffffffff 00cf9300 DPL=0 DS   [-WA]
LDT=0000 0000000000000000 0000ffff 00008200 DPL=0 LDT
TR =0000 0000000000000000 0000ffff 00008b00 DPL=0 TSS64-busy
GDT=     0000000000001058 0000001f
IDT=     0000000000080210 00000fff
CR0=e0000031 CR2=0000000000000000 CR3=0000000000070000 CR4=00000620
DR0=0000000000000000 DR1=0000000000000000 DR2=0000000000000000 DR3=0000000000000000 
DR6=00000000ffff0ff0 DR7=0000000000000400
CCS=0000000000000000 CCD=0000000000006e00 CCO=SUBB
EFER=0000000000000500
Servicing hardware INT=0x21
   100: v=21 e=0000 i=0 cpl=0 IP=0018:0000000000001cf9 pc=0000000000001cf9 SP=0010:0000000000067000 env->regs[R_EAX]=00000000000b8e74
RAX=00000000000b8e74 RBX=00000000000b8e6e RCX=000000000000000a RDX=0000000000006e00
RSI=0000000000001096 RDI=0000000000080420 RBP=0000000000000000 RSP=0000000000067000
R8 =0000000080001808 R9 =0000000000000001 R10=000000000000000a R11=0000000000006e21
R12=0000000000007a1c R13=0000000000000000 R14=0000000000000000 R15=0000000000000004
RIP=0000000000001cf9 RFL=00000246 [---Z-P-] CPL=0 II=0 A20=1 SMM=0 HLT=0
ES =0010 0000000000000000 ffffffff 00cf9300 DPL=0 DS   [-WA]
CS =0018 0000000000000000 00000000 00209a00 DPL=0 CS64 [-R-]
SS =0010 0000000000000000 ffffffff 00cf9300 DPL=0 DS   [-WA]
DS =0010 0000000000000000 ffffffff 00cf9300 DPL=0 DS   [-WA]
FS =0010 0000000000000000 ffffffff 00cf9300 DPL=0 DS   [-WA]
GS =0010 0000000000000000 ffffffff 00cf9300 DPL=0 DS   [-WA]
LDT=0000 0000000000000000 0000ffff 00008200 DPL=0 LDT
TR =0000 0000000000000000 0000ffff 00008b00 DPL=0 TSS64-busy
GDT=     0000000000001058 0000001f
IDT=     0000000000080210 00000fff
CR0=e0000031 CR2=0000000000000000 CR3=0000000000070000 CR4=00000620
DR0=0000000000000000 DR1=0000000000000000 DR2=0000000000000000 DR3=0000000000000000 
DR6=00000000ffff0ff0 DR7=0000000000000400
CCS=0000000000000000 CCD=0000000000006e00 CCO=SUBB
EFER=0000000000000500
Servicing hardware INT=0x21
   101: v=21 e=0000 i=0 cpl=0 IP=0018:0000000000001cf9 pc=0000000000001cf9 SP=0010:0000000000067000 env->regs[R_EAX]=00000000000b8e74
RAX=00000000000b8e74 RBX=00000000000b8e6e RCX=000000000000000a RDX=0000000000006e00
RSI=0000000000001096 RDI=0000000000080420 RBP=0000000000000000 RSP=0000000000067000
R8 =0000000080001808 R9 =0000000000000001 R10=000000000000000a R11=0000000000006e21
R12=0000000000007a1c R13=0000000000000000 R14=0000000000000000 R15=0000000000000004
RIP=0000000000001cf9 RFL=00000246 [---Z-P-] CPL=0 II=0 A20=1 SMM=0 HLT=0
ES =0010 0000000000000000 ffffffff 00cf9300 DPL=0 DS   [-WA]
CS =0018 0000000000000000 00000000 00209a00 DPL=0 CS64 [-R-]
SS =0010 0000000000000000 ffffffff 00cf9300 DPL=0 DS   [-WA]
DS =0010 0000000000000000 ffffffff 00cf9300 DPL=0 DS   [-WA]
FS =0010 0000000000000000 ffffffff 00cf9300 DPL=0 DS   [-WA]
GS =0010 0000000000000000 ffffffff 00cf9300 DPL=0 DS   [-WA]
LDT=0000 0000000000000000 0000ffff 00008200 DPL=0 LDT
TR =0000 0000000000000000 0000ffff 00008b00 DPL=0 TSS64-busy
GDT=     0000000000001058 0000001f
IDT=     0000000000080210 00000fff
CR0=e0000031 CR2=0000000000000000 CR3=0000000000070000 CR4=00000620
DR0=0000000000000000 DR1=0000000000000000 DR2=0000000000000000 DR3=0000000000000000 
DR6=00000000ffff0ff0 DR7=0000000000000400
CCS=0000000000000000 CCD=0000000000006e00 CCO=SUBB
EFER=0000000000000500
Servicing hardware INT=0x21
   102: v=21 e=0000 i=0 cpl=0 IP=0018:0000000000001cf9 pc=0000000000001cf9 SP=0010:0000000000067000 env->regs[R_EAX]=00000000000b8e74
RAX=00000000000b8e74 RBX=00000000000b8e6e RCX=000000000000000a RDX=0000000000006e00
RSI=0000000000001096 RDI=0000000000080420 RBP=0000000000000000 RSP=0000000000067000
R8 =0000000080001808 R9 =0000000000000001 R10=000000000000000a R11=0000000000006e21
R12=0000000000007a1c R13=0000000000000000 R14=0000000000000000 R15=0000000000000004
RIP=0000000000001cf9 RFL=00000246 [---Z-P-] CPL=0 II=0 A20=1 SMM=0 HLT=0
ES =0010 0000000000000000 ffffffff 00cf9300 DPL=0 DS   [-WA]
CS =0018 0000000000000000 00000000 00209a00 DPL=0 CS64 [-R-]
SS =0010 0000000000000000 ffffffff 00cf9300 DPL=0 DS   [-WA]
DS =0010 0000000000000000 ffffffff 00cf9300 DPL=0 DS   [-WA]
FS =0010 0000000000000000 ffffffff 00cf9300 DPL=0 DS   [-WA]
GS =0010 0000000000000000 ffffffff 00cf9300 DPL=0 DS   [-WA]
LDT=0000 0000000000000000 0000ffff 00008200 DPL=0 LDT
TR =0000 0000000000000000 0000ffff 00008b00 DPL=0 TSS64-busy
GDT=     0000000000001058 0000001f
IDT=     0000000000080210 00000fff
CR0=e0000031 CR2=0000000000000000 CR3=0000000000070000 CR4=00000620
DR0=0000000000000000 DR1=0000000000000000 DR2=0000000000000000 DR3=0000000000000000 
DR6=00000000ffff0ff0 DR7=0000000000000400
CCS=0000000000000000 CCD=0000000000006e00 CCO=SUBB
EFER=0000000000000500
Servicing hardware INT=0x21
   103: v=21 e=0000 i=0 cpl=0 IP=0018:0000000000001cf9 pc=0000000000001cf9 SP=0010:0000000000067000 env->regs[R_EAX]=00000000000b8e74
RAX=00000000000b8e74 RBX=00000000000b8e6e RCX=000000000000000a RDX=0000000000006e00
RSI=0000000000001096 RDI=0000000000080420 RBP=0000000000000000 RSP=0000000000067000
R8 =0000000080001808 R9 =0000000000000001 R10=000000000000000a R11=0000000000006e21
R12=0000000000007a1c R13=0000000000000000 R14=0000000000000000 R15=0000000000000004
RIP=0000000000001cf9 RFL=00000246 [---Z-P-] CPL=0 II=0 A20=1 SMM=0 HLT=0
ES =0010 0000000000000000 ffffffff 00cf9300 DPL=0 DS   [-WA]
CS =0018 0000000000000000 00000000 00209a00 DPL=0 CS64 [-R-]
SS =0010 0000000000000000 ffffffff 00cf9300 DPL=0 DS   [-WA]
DS =0010 0000000000000000 ffffffff 00cf9300 DPL=0 DS   [-WA]
FS =0010 0000000000000000 ffffffff 00cf9300 DPL=0 DS   [-WA]
GS =0010 0000000000000000 ffffffff 00cf9300 DPL=0 DS   [-WA]
LDT=0000 0000000000000000 0000ffff 00008200 DPL=0 LDT
TR =0000 0000000000000000 0000ffff 00008b00 DPL=0 TSS64-busy
GDT=     0000000000001058 0000001f
IDT=     0000000000080210 00000fff
CR0=e0000031 CR2=0000000000000000 CR3=0000000000070000 CR4=00000620
DR0=0000000000000000 DR1=0000000000000000 DR2=0000000000000000 DR3=0000000000000000 
DR6=00000000ffff0ff0 DR7=0000000000000400
CCS=0000000000000000 CCD=0000000000006e00 CCO=SUBB
EFER=0000000000000500
Servicing hardware INT=0x21
   104: v=21 e=0000 i=0 cpl=0 IP=0018:0000000000001cf9 pc=0000000000001cf9 SP=0010:0000000000067000 env->regs[R_EAX]=00000000000b8e74
RAX=00000000000b8e74 RBX=00000000000b8e6e RCX=000000000000000a RDX=0000000000006e00
RSI=0000000000001096 RDI=0000000000080420 RBP=0000000000000000 RSP=0000000000067000
R8 =0000000080001808 R9 =0000000000000001 R10=000000000000000a R11=0000000000006e21
R12=0000000000007a1c R13=0000000000000000 R14=0000000000000000 R15=0000000000000004
RIP=0000000000001cf9 RFL=00000246 [---Z-P-] CPL=0 II=0 A20=1 SMM=0 HLT=0
ES =0010 0000000000000000 ffffffff 00cf9300 DPL=0 DS   [-WA]
CS =0018 0000000000000000 00000000 00209a00 DPL=0 CS64 [-R-]
SS =0010 0000000000000000 ffffffff 00cf9300 DPL=0 DS   [-WA]
DS =0010 0000000000000000 ffffffff 00cf9300 DPL=0 DS   [-WA]
FS =0010 0000000000000000 ffffffff 00cf9300 DPL=0 DS   [-WA]
GS =0010 0000000000000000 ffffffff 00cf9300 DPL=0 DS   [-WA]
LDT=0000 0000000000000000 0000ffff 00008200 DPL=0 LDT
TR =0000 0000000000000000 0000ffff 00008b00 DPL=0 TSS64-busy
GDT=     0000000000001058 0000001f
IDT=     0000000000080210 00000fff
CR0=e0000031 CR2=0000000000000000 CR3=0000000000070000 CR4=00000620
DR0=0000000000000000 DR1=0000000000000000 DR2=0000000000000000 DR3=0000000000000000 
DR6=00000000ffff0ff0 DR7=0000000000000400
CCS=0000000000000000 CCD=0000000000006e00 CCO=SUBB
EFER=0000000000000500
Servicing hardware INT=0x21
   105: v=21 e=0000 i=0 cpl=0 IP=0018:0000000000001cf9 pc=0000000000001cf9 SP=0010:0000000000067000 env->regs[R_EAX]=00000000000b8f0e
RAX=00000000000b8f0e RBX=00000000000b8f0e RCX=000000000000000a RDX=0000000000006e00
RSI=0000000000000140 RDI=00000000009000a0 RBP=0000000000000000 RSP=0000000000067000
R8 =0000000080001808 R9 =0000000000000001 R10=000000000000000a R11=0000000000006e21
R12=0000000000007a1c R13=0000000000000000 R14=0000000000000000 R15=0000000000000004
RIP=0000000000001cf9 RFL=00000246 [---Z-P-] CPL=0 II=0 A20=1 SMM=0 HLT=0
ES =0010 0000000000000000 ffffffff 00cf9300 DPL=0 DS   [-WA]
CS =0018 0000000000000000 00000000 00209a00 DPL=0 CS64 [-R-]
SS =0010 0000000000000000 ffffffff 00cf9300 DPL=0 DS   [-WA]
DS =0010 0000000000000000 ffffffff 00cf9300 DPL=0 DS   [-WA]
FS =0010 0000000000000000 ffffffff 00cf9300 DPL=0 DS   [-WA]
GS =0010 0000000000000000 ffffffff 00cf9300 DPL=0 DS   [-WA]
LDT=0000 0000000000000000 0000ffff 00008200 DPL=0 LDT
TR =0000 0000000000000000 0000ffff 00008b00 DPL=0 TSS64-busy
GDT=     0000000000001058 0000001f
IDT=     0000000000080210 00000fff
CR0=e0000031 CR2=0000000000000000 CR3=0000000000070000 CR4=00000620
DR0=0000000000000000 DR1=0000000000000000 DR2=0000000000000000 DR3=0000000000000000 
DR6=00000000ffff0ff0 DR7=0000000000000400
CCS=0000000000000000 CCD=0000000000006e00 CCO=SUBB
EFER=0000000000000500
Servicing hardware INT=0x21
   106: v=21 e=0000 i=0 cpl=0 IP=0018:0000000000001cf9 pc=0000000000001cf9 SP=0010:0000000000067000 env->regs[R_EAX]=00000000000b8f0e
RAX=00000000000b8f0e RBX=00000000000b8f0e RCX=000000000000000a RDX=0000000000006e00
RSI=0000000000000140 RDI=00000000009000a0 RBP=0000000000000000 RSP=0000000000067000
R8 =0000000080001808 R9 =0000000000000001 R10=000000000000000a R11=0000000000006e21
R12=0000000000007a1c R13=0000000000000000 R14=0000000000000000 R15=0000000000000004
RIP=0000000000001cf9 RFL=00000246 [---Z-P-] CPL=0 II=0 A20=1 SMM=0 HLT=0
ES =0010 0000000000000000 ffffffff 00cf9300 DPL=0 DS   [-WA]
CS =0018 0000000000000000 00000000 00209a00 DPL=0 CS64 [-R-]
SS =0010 0000000000000000 ffffffff 00cf9300 DPL=0 DS   [-WA]
DS =0010 0000000000000000 ffffffff 00cf9300 DPL=0 DS   [-WA]
FS =0010 0000000000000000 ffffffff 00cf9300 DPL=0 DS   [-WA]
GS =0010 0000000000000000 ffffffff 00cf9300 DPL=0 DS   [-WA]
LDT=0000 0000000000000000 0000ffff 00008200 DPL=0 LDT
TR =0000 0000000000000000 0000ffff 00008b00 DPL=0 TSS64-busy
GDT=     0000000000001058 0000001f
IDT=     0000000000080210 00000fff
CR0=e0000031 CR2=0000000000000000 CR3=0000000000070000 CR4=00000620
DR0=0000000000000000 DR1=0000000000000000 DR2=0000000000000000 DR3=0000000000000000 
DR6=00000000ffff0ff0 DR7=0000000000000400
CCS=0000000000000000 CCD=0000000000006e00 CCO=SUBB
EFER=0000000000000500
Servicing hardware INT=0x21
   107: v=21 e=0000 i=0 cpl=0 IP=0018:0000000000001cf9 pc=0000000000001cf9 SP=0010:0000000000067000 env->regs[R_EAX]=00000000000b8f10
RAX=00000000000b8f10 RBX=00000000000b8f0e RCX=000000000000000a RDX=0000000000006e00
RSI=0000000000000140 RDI=00000000009000a0 RBP=0000000000000000 RSP=0000000000067000
R8 =0000000080001808 R9 =0000000000000001 R10=000000000000000a R11=0000000000006e21
R12=0000000000007a1c R13=0000000000000000 R14=0000000000000000 R15=0000000000000004
RIP=0000000000001cf9 RFL=00000246 [---Z-P-] CPL=0 II=0 A20=1 SMM=0 HLT=0
ES =0010 0000000000000000 ffffffff 00cf9300 DPL=0 DS   [-WA]
CS =0018 0000000000000000 00000000 00209a00 DPL=0 CS64 [-R-]
SS =0010 0000000000000000 ffffffff 00cf9300 DPL=0 DS   [-WA]
DS =0010 0000000000000000 ffffffff 00cf9300 DPL=0 DS   [-WA]
FS =0010 0000000000000000 ffffffff 00cf9300 DPL=0 DS   [-WA]
GS =0010 0000000000000000 ffffffff 00cf9300 DPL=0 DS   [-WA]
LDT=0000 0000000000000000 0000ffff 00008200 DPL=0 LDT
TR =0000 0000000000000000 0000ffff 00008b00 DPL=0 TSS64-busy
GDT=     0000000000001058 0000001f
IDT=     0000000000080210 00000fff
CR0=e0000031 CR2=0000000000000000 CR3=0000000000070000 CR4=00000620
DR0=0000000000000000 DR1=0000000000000000 DR2=0000000000000000 DR3=0000000000000000 
DR6=00000000ffff0ff0 DR7=0000000000000400
CCS=0000000000000000 CCD=0000000000006e00 CCO=SUBB
EFER=0000000000000500
Servicing hardware INT=0x21
   108: v=21 e=0000 i=0 cpl=0 IP=0018:0000000000001cf9 pc=0000000000001cf9 SP=0010:0000000000067000 env->regs[R_EAX]=00000000000b8f10
RAX=00000000000b8f10 RBX=00000000000b8f0e RCX=000000000000000a RDX=0000000000006e00
RSI=0000000000000140 RDI=00000000009000a0 RBP=0000000000000000 RSP=0000000000067000
R8 =0000000080001808 R9 =0000000000000001 R10=000000000000000a R11=0000000000006e21
R12=0000000000007a1c R13=0000000000000000 R14=0000000000000000 R15=0000000000000004
RIP=0000000000001cf9 RFL=00000246 [---Z-P-] CPL=0 II=0 A20=1 SMM=0 HLT=0
ES =0010 0000000000000000 ffffffff 00cf9300 DPL=0 DS   [-WA]
CS =0018 0000000000000000 00000000 00209a00 DPL=0 CS64 [-R-]
SS =0010 0000000000000000 ffffffff 00cf9300 DPL=0 DS   [-WA]
DS =0010 0000000000000000 ffffffff 00cf9300 DPL=0 DS   [-WA]
FS =0010 0000000000000000 ffffffff 00cf9300 DPL=0 DS   [-WA]
GS =0010 0000000000000000 ffffffff 00cf9300 DPL=0 DS   [-WA]
LDT=0000 0000000000000000 0000ffff 00008200 DPL=0 LDT
TR =0000 0000000000000000 0000ffff 00008b00 DPL=0 TSS64-busy
GDT=     0000000000001058 0000001f
IDT=     0000000000080210 00000fff
CR0=e0000031 CR2=0000000000000000 CR3=0000000000070000 CR4=00000620
DR0=0000000000000000 DR1=0000000000000000 DR2=0000000000000000 DR3=0000000000000000 
DR6=00000000ffff0ff0 DR7=0000000000000400
CCS=0000000000000000 CCD=0000000000006e00 CCO=SUBB
EFER=0000000000000500
Servicing hardware INT=0x21
   109: v=21 e=0000 i=0 cpl=0 IP=0018:0000000000001cf9 pc=0000000000001cf9 SP=0010:0000000000067000 env->regs[R_EAX]=00000000000b8f10
RAX=00000000000b8f10 RBX=00000000000b8f0e RCX=000000000000000a RDX=0000000000006e00
RSI=0000000000000140 RDI=00000000009000a0 RBP=0000000000000000 RSP=0000000000067000
R8 =0000000080001808 R9 =0000000000000001 R10=000000000000000a R11=0000000000006e21
R12=0000000000007a1c R13=0000000000000000 R14=0000000000000000 R15=0000000000000004
RIP=0000000000001cf9 RFL=00000246 [---Z-P-] CPL=0 II=0 A20=1 SMM=0 HLT=0
ES =0010 0000000000000000 ffffffff 00cf9300 DPL=0 DS   [-WA]
CS =0018 0000000000000000 00000000 00209a00 DPL=0 CS64 [-R-]
SS =0010 0000000000000000 ffffffff 00cf9300 DPL=0 DS   [-WA]
DS =0010 0000000000000000 ffffffff 00cf9300 DPL=0 DS   [-WA]
FS =0010 0000000000000000 ffffffff 00cf9300 DPL=0 DS   [-WA]
GS =0010 0000000000000000 ffffffff 00cf9300 DPL=0 DS   [-WA]
LDT=0000 0000000000000000 0000ffff 00008200 DPL=0 LDT
TR =0000 0000000000000000 0000ffff 00008b00 DPL=0 TSS64-busy
GDT=     0000000000001058 0000001f
IDT=     0000000000080210 00000fff
CR0=e0000031 CR2=0000000000000000 CR3=0000000000070000 CR4=00000620
DR0=0000000000000000 DR1=0000000000000000 DR2=0000000000000000 DR3=0000000000000000 
DR6=00000000ffff0ff0 DR7=0000000000000400
CCS=0000000000000000 CCD=0000000000006e00 CCO=SUBB
EFER=0000000000000500
Servicing hardware INT=0x21
   110: v=21 e=0000 i=0 cpl=0 IP=0018:0000000000001cf9 pc=0000000000001cf9 SP=0010:0000000000067000 env->regs[R_EAX]=00000000000b8f10
RAX=00000000000b8f10 RBX=00000000000b8f0e RCX=000000000000000a RDX=0000000000006e00
RSI=0000000000000140 RDI=00000000009000a0 RBP=0000000000000000 RSP=0000000000067000
R8 =0000000080001808 R9 =0000000000000001 R10=000000000000000a R11=0000000000006e21
R12=0000000000007a1c R13=0000000000000000 R14=0000000000000000 R15=0000000000000004
RIP=0000000000001cf9 RFL=00000246 [---Z-P-] CPL=0 II=0 A20=1 SMM=0 HLT=0
ES =0010 0000000000000000 ffffffff 00cf9300 DPL=0 DS   [-WA]
CS =0018 0000000000000000 00000000 00209a00 DPL=0 CS64 [-R-]
SS =0010 0000000000000000 ffffffff 00cf9300 DPL=0 DS   [-WA]
DS =0010 0000000000000000 ffffffff 00cf9300 DPL=0 DS   [-WA]
FS =0010 0000000000000000 ffffffff 00cf9300 DPL=0 DS   [-WA]
GS =0010 0000000000000000 ffffffff 00cf9300 DPL=0 DS   [-WA]
LDT=0000 0000000000000000 0000ffff 00008200 DPL=0 LDT
TR =0000 0000000000000000 0000ffff 00008b00 DPL=0 TSS64-busy
GDT=     0000000000001058 0000001f
IDT=     0000000000080210 00000fff
CR0=e0000031 CR2=0000000000000000 CR3=0000000000070000 CR4=00000620
DR0=0000000000000000 DR1=0000000000000000 DR2=0000000000000000 DR3=0000000000000000 
DR6=00000000ffff0ff0 DR7=0000000000000400
CCS=0000000000000000 CCD=0000000000006e00 CCO=SUBB
EFER=0000000000000500
Servicing hardware INT=0x21
   111: v=21 e=0000 i=0 cpl=0 IP=0018:0000000000001cf9 pc=0000000000001cf9 SP=0010:0000000000067000 env->regs[R_EAX]=00000000000b8f10
RAX=00000000000b8f10 RBX=00000000000b8f0e RCX=000000000000000a RDX=0000000000006e00
RSI=0000000000000140 RDI=00000000009000a0 RBP=0000000000000000 RSP=0000000000067000
R8 =0000000080001808 R9 =0000000000000001 R10=000000000000000a R11=0000000000006e21
R12=0000000000007a1c R13=0000000000000000 R14=0000000000000000 R15=0000000000000004
RIP=0000000000001cf9 RFL=00000246 [---Z-P-] CPL=0 II=0 A20=1 SMM=0 HLT=0
ES =0010 0000000000000000 ffffffff 00cf9300 DPL=0 DS   [-WA]
CS =0018 0000000000000000 00000000 00209a00 DPL=0 CS64 [-R-]
SS =0010 0000000000000000 ffffffff 00cf9300 DPL=0 DS   [-WA]
DS =0010 0000000000000000 ffffffff 00cf9300 DPL=0 DS   [-WA]
FS =0010 0000000000000000 ffffffff 00cf9300 DPL=0 DS   [-WA]
GS =0010 0000000000000000 ffffffff 00cf9300 DPL=0 DS   [-WA]
LDT=0000 0000000000000000 0000ffff 00008200 DPL=0 LDT
TR =0000 0000000000000000 0000ffff 00008b00 DPL=0 TSS64-busy
GDT=     0000000000001058 0000001f
IDT=     0000000000080210 00000fff
CR0=e0000031 CR2=0000000000000000 CR3=0000000000070000 CR4=00000620
DR0=0000000000000000 DR1=0000000000000000 DR2=0000000000000000 DR3=0000000000000000 
DR6=00000000ffff0ff0 DR7=0000000000000400
CCS=0000000000000000 CCD=0000000000006e00 CCO=SUBB
EFER=0000000000000500
Servicing hardware INT=0x21
   112: v=21 e=0000 i=0 cpl=0 IP=0018:0000000000001cf9 pc=0000000000001cf9 SP=0010:0000000000067000 env->regs[R_EAX]=00000000000b8f10
RAX=00000000000b8f10 RBX=00000000000b8f0e RCX=000000000000000a RDX=0000000000006e00
RSI=0000000000000140 RDI=00000000009000a0 RBP=0000000000000000 RSP=0000000000067000
R8 =0000000080001808 R9 =0000000000000001 R10=000000000000000a R11=0000000000006e21
R12=0000000000007a1c R13=0000000000000000 R14=0000000000000000 R15=0000000000000004
RIP=0000000000001cf9 RFL=00000246 [---Z-P-] CPL=0 II=0 A20=1 SMM=0 HLT=0
ES =0010 0000000000000000 ffffffff 00cf9300 DPL=0 DS   [-WA]
CS =0018 0000000000000000 00000000 00209a00 DPL=0 CS64 [-R-]
SS =0010 0000000000000000 ffffffff 00cf9300 DPL=0 DS   [-WA]
DS =0010 0000000000000000 ffffffff 00cf9300 DPL=0 DS   [-WA]
FS =0010 0000000000000000 ffffffff 00cf9300 DPL=0 DS   [-WA]
GS =0010 0000000000000000 ffffffff 00cf9300 DPL=0 DS   [-WA]
LDT=0000 0000000000000000 0000ffff 00008200 DPL=0 LDT
TR =0000 0000000000000000 0000ffff 00008b00 DPL=0 TSS64-busy
GDT=     0000000000001058 0000001f
IDT=     0000000000080210 00000fff
CR0=e0000031 CR2=0000000000000000 CR3=0000000000070000 CR4=00000620
DR0=0000000000000000 DR1=0000000000000000 DR2=0000000000000000 DR3=0000000000000000 
DR6=00000000ffff0ff0 DR7=0000000000000400
CCS=0000000000000000 CCD=0000000000006e00 CCO=SUBB
EFER=0000000000000500
Servicing hardware INT=0x21
   113: v=21 e=0000 i=0 cpl=0 IP=0018:0000000000001cf9 pc=0000000000001cf9 SP=0010:0000000000067000 env->regs[R_EAX]=00000000000b8f12
RAX=00000000000b8f12 RBX=00000000000b8f0e RCX=000000000000000a RDX=0000000000006e00
RSI=0000000000000140 RDI=00000000009000a0 RBP=0000000000000000 RSP=0000000000067000
R8 =0000000080001808 R9 =0000000000000001 R10=000000000000000a R11=0000000000006e21
R12=0000000000007a1c R13=0000000000000000 R14=0000000000000000 R15=0000000000000004
RIP=0000000000001cf9 RFL=00000246 [---Z-P-] CPL=0 II=0 A20=1 SMM=0 HLT=0
ES =0010 0000000000000000 ffffffff 00cf9300 DPL=0 DS   [-WA]
CS =0018 0000000000000000 00000000 00209a00 DPL=0 CS64 [-R-]
SS =0010 0000000000000000 ffffffff 00cf9300 DPL=0 DS   [-WA]
DS =0010 0000000000000000 ffffffff 00cf9300 DPL=0 DS   [-WA]
FS =0010 0000000000000000 ffffffff 00cf9300 DPL=0 DS   [-WA]
GS =0010 0000000000000000 ffffffff 00cf9300 DPL=0 DS   [-WA]
LDT=0000 0000000000000000 0000ffff 00008200 DPL=0 LDT
TR =0000 0000000000000000 0000ffff 00008b00 DPL=0 TSS64-busy
GDT=     0000000000001058 0000001f
IDT=     0000000000080210 00000fff
CR0=e0000031 CR2=0000000000000000 CR3=0000000000070000 CR4=00000620
DR0=0000000000000000 DR1=0000000000000000 DR2=0000000000000000 DR3=0000000000000000 
DR6=00000000ffff0ff0 DR7=0000000000000400
CCS=0000000000000000 CCD=0000000000006e00 CCO=SUBB
EFER=0000000000000500
Servicing hardware INT=0x21
   114: v=21 e=0000 i=0 cpl=0 IP=0018:0000000000001cf9 pc=0000000000001cf9 SP=0010:0000000000067000 env->regs[R_EAX]=00000000000b8f12
RAX=00000000000b8f12 RBX=00000000000b8f0e RCX=000000000000000a RDX=0000000000006e00
RSI=0000000000000140 RDI=00000000009000a0 RBP=0000000000000000 RSP=0000000000067000
R8 =0000000080001808 R9 =0000000000000001 R10=000000000000000a R11=0000000000006e21
R12=0000000000007a1c R13=0000000000000000 R14=0000000000000000 R15=0000000000000004
RIP=0000000000001cf9 RFL=00000246 [---Z-P-] CPL=0 II=0 A20=1 SMM=0 HLT=0
ES =0010 0000000000000000 ffffffff 00cf9300 DPL=0 DS   [-WA]
CS =0018 0000000000000000 00000000 00209a00 DPL=0 CS64 [-R-]
SS =0010 0000000000000000 ffffffff 00cf9300 DPL=0 DS   [-WA]
DS =0010 0000000000000000 ffffffff 00cf9300 DPL=0 DS   [-WA]
FS =0010 0000000000000000 ffffffff 00cf9300 DPL=0 DS   [-WA]
GS =0010 0000000000000000 ffffffff 00cf9300 DPL=0 DS   [-WA]
LDT=0000 0000000000000000 0000ffff 00008200 DPL=0 LDT
TR =0000 0000000000000000 0000ffff 00008b00 DPL=0 TSS64-busy
GDT=     0000000000001058 0000001f
IDT=     0000000000080210 00000fff
CR0=e0000031 CR2=0000000000000000 CR3=0000000000070000 CR4=00000620
DR0=0000000000000000 DR1=0000000000000000 DR2=0000000000000000 DR3=0000000000000000 
DR6=00000000ffff0ff0 DR7=0000000000000400
CCS=0000000000000000 CCD=0000000000006e00 CCO=SUBB
EFER=0000000000000500
Servicing hardware INT=0x21
   115: v=21 e=0000 i=0 cpl=0 IP=0018:0000000000001cf9 pc=0000000000001cf9 SP=0010:0000000000067000 env->regs[R_EAX]=00000000000b8f12
RAX=00000000000b8f12 RBX=00000000000b8f0e RCX=000000000000000a RDX=0000000000006e00
RSI=0000000000000140 RDI=00000000009000a0 RBP=0000000000000000 RSP=0000000000067000
R8 =0000000080001808 R9 =0000000000000001 R10=000000000000000a R11=0000000000006e21
R12=0000000000007a1c R13=0000000000000000 R14=0000000000000000 R15=0000000000000004
RIP=0000000000001cf9 RFL=00000246 [---Z-P-] CPL=0 II=0 A20=1 SMM=0 HLT=0
ES =0010 0000000000000000 ffffffff 00cf9300 DPL=0 DS   [-WA]
CS =0018 0000000000000000 00000000 00209a00 DPL=0 CS64 [-R-]
SS =0010 0000000000000000 ffffffff 00cf9300 DPL=0 DS   [-WA]
DS =0010 0000000000000000 ffffffff 00cf9300 DPL=0 DS   [-WA]
FS =0010 0000000000000000 ffffffff 00cf9300 DPL=0 DS   [-WA]
GS =0010 0000000000000000 ffffffff 00cf9300 DPL=0 DS   [-WA]
LDT=0000 0000000000000000 0000ffff 00008200 DPL=0 LDT
TR =0000 0000000000000000 0000ffff 00008b00 DPL=0 TSS64-busy
GDT=     0000000000001058 0000001f
IDT=     0000000000080210 00000fff
CR0=e0000031 CR2=0000000000000000 CR3=0000000000070000 CR4=00000620
DR0=0000000000000000 DR1=0000000000000000 DR2=0000000000000000 DR3=0000000000000000 
DR6=00000000ffff0ff0 DR7=0000000000000400
CCS=0000000000000000 CCD=0000000000006e00 CCO=SUBB
EFER=0000000000000500
Servicing hardware INT=0x21
   116: v=21 e=0000 i=0 cpl=0 IP=0018:0000000000001cf9 pc=0000000000001cf9 SP=0010:0000000000067000 env->regs[R_EAX]=00000000000b8f12
RAX=00000000000b8f12 RBX=00000000000b8f0e RCX=000000000000000a RDX=0000000000006e00
RSI=0000000000000140 RDI=00000000009000a0 RBP=0000000000000000 RSP=0000000000067000
R8 =0000000080001808 R9 =0000000000000001 R10=000000000000000a R11=0000000000006e21
R12=0000000000007a1c R13=0000000000000000 R14=0000000000000000 R15=0000000000000004
RIP=0000000000001cf9 RFL=00000246 [---Z-P-] CPL=0 II=0 A20=1 SMM=0 HLT=0
ES =0010 0000000000000000 ffffffff 00cf9300 DPL=0 DS   [-WA]
CS =0018 0000000000000000 00000000 00209a00 DPL=0 CS64 [-R-]
SS =0010 0000000000000000 ffffffff 00cf9300 DPL=0 DS   [-WA]
DS =0010 0000000000000000 ffffffff 00cf9300 DPL=0 DS   [-WA]
FS =0010 0000000000000000 ffffffff 00cf9300 DPL=0 DS   [-WA]
GS =0010 0000000000000000 ffffffff 00cf9300 DPL=0 DS   [-WA]
LDT=0000 0000000000000000 0000ffff 00008200 DPL=0 LDT
TR =0000 0000000000000000 0000ffff 00008b00 DPL=0 TSS64-busy
GDT=     0000000000001058 0000001f
IDT=     0000000000080210 00000fff
CR0=e0000031 CR2=0000000000000000 CR3=0000000000070000 CR4=00000620
DR0=0000000000000000 DR1=0000000000000000 DR2=0000000000000000 DR3=0000000000000000 
DR6=00000000ffff0ff0 DR7=0000000000000400
CCS=0000000000000000 CCD=0000000000006e00 CCO=SUBB
EFER=0000000000000500
Servicing hardware INT=0x21
   117: v=21 e=0000 i=0 cpl=0 IP=0018:0000000000001cf9 pc=0000000000001cf9 SP=0010:0000000000067000 env->regs[R_EAX]=00000000000b8f12
RAX=00000000000b8f12 RBX=00000000000b8f0e RCX=000000000000000a RDX=0000000000006e00
RSI=0000000000000140 RDI=00000000009000a0 RBP=0000000000000000 RSP=0000000000067000
R8 =0000000080001808 R9 =0000000000000001 R10=000000000000000a R11=0000000000006e21
R12=0000000000007a1c R13=0000000000000000 R14=0000000000000000 R15=0000000000000004
RIP=0000000000001cf9 RFL=00000246 [---Z-P-] CPL=0 II=0 A20=1 SMM=0 HLT=0
ES =0010 0000000000000000 ffffffff 00cf9300 DPL=0 DS   [-WA]
CS =0018 0000000000000000 00000000 00209a00 DPL=0 CS64 [-R-]
SS =0010 0000000000000000 ffffffff 00cf9300 DPL=0 DS   [-WA]
DS =0010 0000000000000000 ffffffff 00cf9300 DPL=0 DS   [-WA]
FS =0010 0000000000000000 ffffffff 00cf9300 DPL=0 DS   [-WA]
GS =0010 0000000000000000 ffffffff 00cf9300 DPL=0 DS   [-WA]
LDT=0000 0000000000000000 0000ffff 00008200 DPL=0 LDT
TR =0000 0000000000000000 0000ffff 00008b00 DPL=0 TSS64-busy
GDT=     0000000000001058 0000001f
IDT=     0000000000080210 00000fff
CR0=e0000031 CR2=0000000000000000 CR3=0000000000070000 CR4=00000620
DR0=0000000000000000 DR1=0000000000000000 DR2=0000000000000000 DR3=0000000000000000 
DR6=00000000ffff0ff0 DR7=0000000000000400
CCS=0000000000000000 CCD=0000000000006e00 CCO=SUBB
EFER=0000000000000500
Servicing hardware INT=0x21
   118: v=21 e=0000 i=0 cpl=0 IP=0018:0000000000001cf9 pc=0000000000001cf9 SP=0010:0000000000067000 env->regs[R_EAX]=00000000000b8f12
RAX=00000000000b8f12 RBX=00000000000b8f0e RCX=000000000000000a RDX=0000000000006e00
RSI=0000000000000140 RDI=00000000009000a0 RBP=0000000000000000 RSP=0000000000067000
R8 =0000000080001808 R9 =0000000000000001 R10=000000000000000a R11=0000000000006e21
R12=0000000000007a1c R13=0000000000000000 R14=0000000000000000 R15=0000000000000004
RIP=0000000000001cf9 RFL=00000246 [---Z-P-] CPL=0 II=0 A20=1 SMM=0 HLT=0
ES =0010 0000000000000000 ffffffff 00cf9300 DPL=0 DS   [-WA]
CS =0018 0000000000000000 00000000 00209a00 DPL=0 CS64 [-R-]
SS =0010 0000000000000000 ffffffff 00cf9300 DPL=0 DS   [-WA]
DS =0010 0000000000000000 ffffffff 00cf9300 DPL=0 DS   [-WA]
FS =0010 0000000000000000 ffffffff 00cf9300 DPL=0 DS   [-WA]
GS =0010 0000000000000000 ffffffff 00cf9300 DPL=0 DS   [-WA]
LDT=0000 0000000000000000 0000ffff 00008200 DPL=0 LDT
TR =0000 0000000000000000 0000ffff 00008b00 DPL=0 TSS64-busy
GDT=     0000000000001058 0000001f
IDT=     0000000000080210 00000fff
CR0=e0000031 CR2=0000000000000000 CR3=0000000000070000 CR4=00000620
DR0=0000000000000000 DR1=0000000000000000 DR2=0000000000000000 DR3=0000000000000000 
DR6=00000000ffff0ff0 DR7=0000000000000400
CCS=0000000000000000 CCD=0000000000006e00 CCO=SUBB
EFER=0000000000000500
Servicing hardware INT=0x21
   119: v=21 e=0000 i=0 cpl=0 IP=0018:0000000000001cf9 pc=0000000000001cf9 SP=0010:0000000000067000 env->regs[R_EAX]=00000000000b8f12
RAX=00000000000b8f12 RBX=00000000000b8f0e RCX=000000000000000a RDX=0000000000006e00
RSI=0000000000000140 RDI=00000000009000a0 RBP=0000000000000000 RSP=0000000000067000
R8 =0000000080001808 R9 =0000000000000001 R10=000000000000000a R11=0000000000006e21
R12=0000000000007a1c R13=0000000000000000 R14=0000000000000000 R15=0000000000000004
RIP=0000000000001cf9 RFL=00000246 [---Z-P-] CPL=0 II=0 A20=1 SMM=0 HLT=0
ES =0010 0000000000000000 ffffffff 00cf9300 DPL=0 DS   [-WA]
CS =0018 0000000000000000 00000000 00209a00 DPL=0 CS64 [-R-]
SS =0010 0000000000000000 ffffffff 00cf9300 DPL=0 DS   [-WA]
DS =0010 0000000000000000 ffffffff 00cf9300 DPL=0 DS   [-WA]
FS =0010 0000000000000000 ffffffff 00cf9300 DPL=0 DS   [-WA]
GS =0010 0000000000000000 ffffffff 00cf9300 DPL=0 DS   [-WA]
LDT=0000 0000000000000000 0000ffff 00008200 DPL=0 LDT
TR =0000 0000000000000000 0000ffff 00008b00 DPL=0 TSS64-busy
GDT=     0000000000001058 0000001f
IDT=     0000000000080210 00000fff
CR0=e0000031 CR2=0000000000000000 CR3=0000000000070000 CR4=00000620
DR0=0000000000000000 DR1=0000000000000000 DR2=0000000000000000 DR3=0000000000000000 
DR6=00000000ffff0ff0 DR7=0000000000000400
CCS=0000000000000000 CCD=0000000000006e00 CCO=SUBB
EFER=0000000000000500
Servicing hardware INT=0x21
   120: v=21 e=0000 i=0 cpl=0 IP=0018:0000000000001cf9 pc=0000000000001cf9 SP=0010:0000000000067000 env->regs[R_EAX]=00000000000b8f12
RAX=00000000000b8f12 RBX=00000000000b8f0e RCX=000000000000000a RDX=0000000000006e00
RSI=0000000000000140 RDI=00000000009000a0 RBP=0000000000000000 RSP=0000000000067000
R8 =0000000080001808 R9 =0000000000000001 R10=000000000000000a R11=0000000000006e21
R12=0000000000007a1c R13=0000000000000000 R14=0000000000000000 R15=0000000000000004
RIP=0000000000001cf9 RFL=00000246 [---Z-P-] CPL=0 II=0 A20=1 SMM=0 HLT=0
ES =0010 0000000000000000 ffffffff 00cf9300 DPL=0 DS   [-WA]
CS =0018 0000000000000000 00000000 00209a00 DPL=0 CS64 [-R-]
SS =0010 0000000000000000 ffffffff 00cf9300 DPL=0 DS   [-WA]
DS =0010 0000000000000000 ffffffff 00cf9300 DPL=0 DS   [-WA]
FS =0010 0000000000000000 ffffffff 00cf9300 DPL=0 DS   [-WA]
GS =0010 0000000000000000 ffffffff 00cf9300 DPL=0 DS   [-WA]
LDT=0000 0000000000000000 0000ffff 00008200 DPL=0 LDT
TR =0000 0000000000000000 0000ffff 00008b00 DPL=0 TSS64-busy
GDT=     0000000000001058 0000001f
IDT=     0000000000080210 00000fff
CR0=e0000031 CR2=0000000000000000 CR3=0000000000070000 CR4=00000620
DR0=0000000000000000 DR1=0000000000000000 DR2=0000000000000000 DR3=0000000000000000 
DR6=00000000ffff0ff0 DR7=0000000000000400
CCS=0000000000000000 CCD=0000000000006e00 CCO=SUBB
EFER=0000000000000500
Servicing hardware INT=0x21
   121: v=21 e=0000 i=0 cpl=0 IP=0018:0000000000001cf9 pc=0000000000001cf9 SP=0010:0000000000067000 env->regs[R_EAX]=00000000000b8f12
RAX=00000000000b8f12 RBX=00000000000b8f0e RCX=000000000000000a RDX=0000000000006e00
RSI=0000000000000140 RDI=00000000009000a0 RBP=0000000000000000 RSP=0000000000067000
R8 =0000000080001808 R9 =0000000000000001 R10=000000000000000a R11=0000000000006e21
R12=0000000000007a1c R13=0000000000000000 R14=0000000000000000 R15=0000000000000004
RIP=0000000000001cf9 RFL=00000246 [---Z-P-] CPL=0 II=0 A20=1 SMM=0 HLT=0
ES =0010 0000000000000000 ffffffff 00cf9300 DPL=0 DS   [-WA]
CS =0018 0000000000000000 00000000 00209a00 DPL=0 CS64 [-R-]
SS =0010 0000000000000000 ffffffff 00cf9300 DPL=0 DS   [-WA]
DS =0010 0000000000000000 ffffffff 00cf9300 DPL=0 DS   [-WA]
FS =0010 0000000000000000 ffffffff 00cf9300 DPL=0 DS   [-WA]
GS =0010 0000000000000000 ffffffff 00cf9300 DPL=0 DS   [-WA]
LDT=0000 0000000000000000 0000ffff 00008200 DPL=0 LDT
TR =0000 0000000000000000 0000ffff 00008b00 DPL=0 TSS64-busy
GDT=     0000000000001058 0000001f
IDT=     0000000000080210 00000fff
CR0=e0000031 CR2=0000000000000000 CR3=0000000000070000 CR4=00000620
DR0=0000000000000000 DR1=0000000000000000 DR2=0000000000000000 DR3=0000000000000000 
DR6=00000000ffff0ff0 DR7=0000000000000400
CCS=0000000000000000 CCD=0000000000006e00 CCO=SUBB
EFER=0000000000000500
Servicing hardware INT=0x21
   122: v=21 e=0000 i=0 cpl=0 IP=0018:0000000000001cf9 pc=0000000000001cf9 SP=0010:0000000000067000 env->regs[R_EAX]=00000000000b8f12
RAX=00000000000b8f12 RBX=00000000000b8f0e RCX=000000000000000a RDX=0000000000006e00
RSI=0000000000000140 RDI=00000000009000a0 RBP=0000000000000000 RSP=0000000000067000
R8 =0000000080001808 R9 =0000000000000001 R10=000000000000000a R11=0000000000006e21
R12=0000000000007a1c R13=0000000000000000 R14=0000000000000000 R15=0000000000000004
RIP=0000000000001cf9 RFL=00000246 [---Z-P-] CPL=0 II=0 A20=1 SMM=0 HLT=0
ES =0010 0000000000000000 ffffffff 00cf9300 DPL=0 DS   [-WA]
CS =0018 0000000000000000 00000000 00209a00 DPL=0 CS64 [-R-]
SS =0010 0000000000000000 ffffffff 00cf9300 DPL=0 DS   [-WA]
DS =0010 0000000000000000 ffffffff 00cf9300 DPL=0 DS   [-WA]
FS =0010 0000000000000000 ffffffff 00cf9300 DPL=0 DS   [-WA]
GS =0010 0000000000000000 ffffffff 00cf9300 DPL=0 DS   [-WA]
LDT=0000 0000000000000000 0000ffff 00008200 DPL=0 LDT
TR =0000 0000000000000000 0000ffff 00008b00 DPL=0 TSS64-busy
GDT=     0000000000001058 0000001f
IDT=     0000000000080210 00000fff
CR0=e0000031 CR2=0000000000000000 CR3=0000000000070000 CR4=00000620
DR0=0000000000000000 DR1=0000000000000000 DR2=0000000000000000 DR3=0000000000000000 
DR6=00000000ffff0ff0 DR7=0000000000000400
CCS=0000000000000000 CCD=0000000000006e00 CCO=SUBB
EFER=0000000000000500
Servicing hardware INT=0x21
   123: v=21 e=0000 i=0 cpl=0 IP=0018:0000000000001cf9 pc=0000000000001cf9 SP=0010:0000000000067000 env->regs[R_EAX]=00000000000b8f12
RAX=00000000000b8f12 RBX=00000000000b8f0e RCX=000000000000000a RDX=0000000000006e00
RSI=0000000000000140 RDI=00000000009000a0 RBP=0000000000000000 RSP=0000000000067000
R8 =0000000080001808 R9 =0000000000000001 R10=000000000000000a R11=0000000000006e21
R12=0000000000007a1c R13=0000000000000000 R14=0000000000000000 R15=0000000000000004
RIP=0000000000001cf9 RFL=00000246 [---Z-P-] CPL=0 II=0 A20=1 SMM=0 HLT=0
ES =0010 0000000000000000 ffffffff 00cf9300 DPL=0 DS   [-WA]
CS =0018 0000000000000000 00000000 00209a00 DPL=0 CS64 [-R-]
SS =0010 0000000000000000 ffffffff 00cf9300 DPL=0 DS   [-WA]
DS =0010 0000000000000000 ffffffff 00cf9300 DPL=0 DS   [-WA]
FS =0010 0000000000000000 ffffffff 00cf9300 DPL=0 DS   [-WA]
GS =0010 0000000000000000 ffffffff 00cf9300 DPL=0 DS   [-WA]
LDT=0000 0000000000000000 0000ffff 00008200 DPL=0 LDT
TR =0000 0000000000000000 0000ffff 00008b00 DPL=0 TSS64-busy
GDT=     0000000000001058 0000001f
IDT=     0000000000080210 00000fff
CR0=e0000031 CR2=0000000000000000 CR3=0000000000070000 CR4=00000620
DR0=0000000000000000 DR1=0000000000000000 DR2=0000000000000000 DR3=0000000000000000 
DR6=00000000ffff0ff0 DR7=0000000000000400
CCS=0000000000000000 CCD=0000000000006e00 CCO=SUBB
EFER=0000000000000500
Servicing hardware INT=0x21
   124: v=21 e=0000 i=0 cpl=0 IP=0018:0000000000001cf9 pc=0000000000001cf9 SP=0010:0000000000067000 env->regs[R_EAX]=00000000000b8f12
RAX=00000000000b8f12 RBX=00000000000b8f0e RCX=000000000000000a RDX=0000000000006e00
RSI=0000000000000140 RDI=00000000009000a0 RBP=0000000000000000 RSP=0000000000067000
R8 =0000000080001808 R9 =0000000000000001 R10=000000000000000a R11=0000000000006e21
R12=0000000000007a1c R13=0000000000000000 R14=0000000000000000 R15=0000000000000004
RIP=0000000000001cf9 RFL=00000246 [---Z-P-] CPL=0 II=0 A20=1 SMM=0 HLT=0
ES =0010 0000000000000000 ffffffff 00cf9300 DPL=0 DS   [-WA]
CS =0018 0000000000000000 00000000 00209a00 DPL=0 CS64 [-R-]
SS =0010 0000000000000000 ffffffff 00cf9300 DPL=0 DS   [-WA]
DS =0010 0000000000000000 ffffffff 00cf9300 DPL=0 DS   [-WA]
FS =0010 0000000000000000 ffffffff 00cf9300 DPL=0 DS   [-WA]
GS =0010 0000000000000000 ffffffff 00cf9300 DPL=0 DS   [-WA]
LDT=0000 0000000000000000 0000ffff 00008200 DPL=0 LDT
TR =0000 0000000000000000 0000ffff 00008b00 DPL=0 TSS64-busy
GDT=     0000000000001058 0000001f
IDT=     0000000000080210 00000fff
CR0=e0000031 CR2=0000000000000000 CR3=0000000000070000 CR4=00000620
DR0=0000000000000000 DR1=0000000000000000 DR2=0000000000000000 DR3=0000000000000000 
DR6=00000000ffff0ff0 DR7=0000000000000400
CCS=0000000000000000 CCD=0000000000006e00 CCO=SUBB
EFER=0000000000000500
Servicing hardware INT=0x21
   125: v=21 e=0000 i=0 cpl=0 IP=0018:0000000000001cf9 pc=0000000000001cf9 SP=0010:0000000000067000 env->regs[R_EAX]=00000000000b8f12
RAX=00000000000b8f12 RBX=00000000000b8f0e RCX=000000000000000a RDX=0000000000006e00
RSI=0000000000000140 RDI=00000000009000a0 RBP=0000000000000000 RSP=0000000000067000
R8 =0000000080001808 R9 =0000000000000001 R10=000000000000000a R11=0000000000006e21
R12=0000000000007a1c R13=0000000000000000 R14=0000000000000000 R15=0000000000000004
RIP=0000000000001cf9 RFL=00000246 [---Z-P-] CPL=0 II=0 A20=1 SMM=0 HLT=0
ES =0010 0000000000000000 ffffffff 00cf9300 DPL=0 DS   [-WA]
CS =0018 0000000000000000 00000000 00209a00 DPL=0 CS64 [-R-]
SS =0010 0000000000000000 ffffffff 00cf9300 DPL=0 DS   [-WA]
DS =0010 0000000000000000 ffffffff 00cf9300 DPL=0 DS   [-WA]
FS =0010 0000000000000000 ffffffff 00cf9300 DPL=0 DS   [-WA]
GS =0010 0000000000000000 ffffffff 00cf9300 DPL=0 DS   [-WA]
LDT=0000 0000000000000000 0000ffff 00008200 DPL=0 LDT
TR =0000 0000000000000000 0000ffff 00008b00 DPL=0 TSS64-busy
GDT=     0000000000001058 0000001f
IDT=     0000000000080210 00000fff
CR0=e0000031 CR2=0000000000000000 CR3=0000000000070000 CR4=00000620
DR0=0000000000000000 DR1=0000000000000000 DR2=0000000000000000 DR3=0000000000000000 
DR6=00000000ffff0ff0 DR7=0000000000000400
CCS=0000000000000000 CCD=0000000000006e00 CCO=SUBB
EFER=0000000000000500
Servicing hardware INT=0x21
   126: v=21 e=0000 i=0 cpl=0 IP=0018:0000000000001cf9 pc=0000000000001cf9 SP=0010:0000000000067000 env->regs[R_EAX]=00000000000b8f12
RAX=00000000000b8f12 RBX=00000000000b8f0e RCX=000000000000000a RDX=0000000000006e00
RSI=0000000000000140 RDI=00000000009000a0 RBP=0000000000000000 RSP=0000000000067000
R8 =0000000080001808 R9 =0000000000000001 R10=000000000000000a R11=0000000000006e21
R12=0000000000007a1c R13=0000000000000000 R14=0000000000000000 R15=0000000000000004
RIP=0000000000001cf9 RFL=00000246 [---Z-P-] CPL=0 II=0 A20=1 SMM=0 HLT=0
ES =0010 0000000000000000 ffffffff 00cf9300 DPL=0 DS   [-WA]
CS =0018 0000000000000000 00000000 00209a00 DPL=0 CS64 [-R-]
SS =0010 0000000000000000 ffffffff 00cf9300 DPL=0 DS   [-WA]
DS =0010 0000000000000000 ffffffff 00cf9300 DPL=0 DS   [-WA]
FS =0010 0000000000000000 ffffffff 00cf9300 DPL=0 DS   [-WA]
GS =0010 0000000000000000 ffffffff 00cf9300 DPL=0 DS   [-WA]
LDT=0000 0000000000000000 0000ffff 00008200 DPL=0 LDT
TR =0000 0000000000000000 0000ffff 00008b00 DPL=0 TSS64-busy
GDT=     0000000000001058 0000001f
IDT=     0000000000080210 00000fff
CR0=e0000031 CR2=0000000000000000 CR3=0000000000070000 CR4=00000620
DR0=0000000000000000 DR1=0000000000000000 DR2=0000000000000000 DR3=0000000000000000 
DR6=00000000ffff0ff0 DR7=0000000000000400
CCS=0000000000000000 CCD=0000000000006e00 CCO=SUBB
EFER=0000000000000500
Servicing hardware INT=0x21
   127: v=21 e=0000 i=0 cpl=0 IP=0018:0000000000001cf9 pc=0000000000001cf9 SP=0010:0000000000067000 env->regs[R_EAX]=00000000000b8f12
RAX=00000000000b8f12 RBX=00000000000b8f0e RCX=000000000000000a RDX=0000000000006e00
RSI=0000000000000140 RDI=00000000009000a0 RBP=0000000000000000 RSP=0000000000067000
R8 =0000000080001808 R9 =0000000000000001 R10=000000000000000a R11=0000000000006e21
R12=0000000000007a1c R13=0000000000000000 R14=0000000000000000 R15=0000000000000004
RIP=0000000000001cf9 RFL=00000246 [---Z-P-] CPL=0 II=0 A20=1 SMM=0 HLT=0
ES =0010 0000000000000000 ffffffff 00cf9300 DPL=0 DS   [-WA]
CS =0018 0000000000000000 00000000 00209a00 DPL=0 CS64 [-R-]
SS =0010 0000000000000000 ffffffff 00cf9300 DPL=0 DS   [-WA]
DS =0010 0000000000000000 ffffffff 00cf9300 DPL=0 DS   [-WA]
FS =0010 0000000000000000 ffffffff 00cf9300 DPL=0 DS   [-WA]
GS =0010 0000000000000000 ffffffff 00cf9300 DPL=0 DS   [-WA]
LDT=0000 0000000000000000 0000ffff 00008200 DPL=0 LDT
TR =0000 0000000000000000 0000ffff 00008b00 DPL=0 TSS64-busy
GDT=     0000000000001058 0000001f
IDT=     0000000000080210 00000fff
CR0=e0000031 CR2=0000000000000000 CR3=0000000000070000 CR4=00000620
DR0=0000000000000000 DR1=0000000000000000 DR2=0000000000000000 DR3=0000000000000000 
DR6=00000000ffff0ff0 DR7=0000000000000400
CCS=0000000000000000 CCD=0000000000006e00 CCO=SUBB
EFER=0000000000000500
Servicing hardware INT=0x21
   128: v=21 e=0000 i=0 cpl=0 IP=0018:0000000000001cf9 pc=0000000000001cf9 SP=0010:0000000000067000 env->regs[R_EAX]=00000000000b8f12
RAX=00000000000b8f12 RBX=00000000000b8f0e RCX=000000000000000a RDX=0000000000006e00
RSI=0000000000000140 RDI=00000000009000a0 RBP=0000000000000000 RSP=0000000000067000
R8 =0000000080001808 R9 =0000000000000001 R10=000000000000000a R11=0000000000006e21
R12=0000000000007a1c R13=0000000000000000 R14=0000000000000000 R15=0000000000000004
RIP=0000000000001cf9 RFL=00000246 [---Z-P-] CPL=0 II=0 A20=1 SMM=0 HLT=0
ES =0010 0000000000000000 ffffffff 00cf9300 DPL=0 DS   [-WA]
CS =0018 0000000000000000 00000000 00209a00 DPL=0 CS64 [-R-]
SS =0010 0000000000000000 ffffffff 00cf9300 DPL=0 DS   [-WA]
DS =0010 0000000000000000 ffffffff 00cf9300 DPL=0 DS   [-WA]
FS =0010 0000000000000000 ffffffff 00cf9300 DPL=0 DS   [-WA]
GS =0010 0000000000000000 ffffffff 00cf9300 DPL=0 DS   [-WA]
LDT=0000 0000000000000000 0000ffff 00008200 DPL=0 LDT
TR =0000 0000000000000000 0000ffff 00008b00 DPL=0 TSS64-busy
GDT=     0000000000001058 0000001f
IDT=     0000000000080210 00000fff
CR0=e0000031 CR2=0000000000000000 CR3=0000000000070000 CR4=00000620
DR0=0000000000000000 DR1=0000000000000000 DR2=0000000000000000 DR3=0000000000000000 
DR6=00000000ffff0ff0 DR7=0000000000000400
CCS=0000000000000000 CCD=0000000000006e00 CCO=SUBB
EFER=0000000000000500
Servicing hardware INT=0x21
   129: v=21 e=0000 i=0 cpl=0 IP=0018:0000000000001cf9 pc=0000000000001cf9 SP=0010:0000000000067000 env->regs[R_EAX]=00000000000b8f12
RAX=00000000000b8f12 RBX=00000000000b8f0e RCX=000000000000000a RDX=0000000000006e00
RSI=0000000000000140 RDI=00000000009000a0 RBP=0000000000000000 RSP=0000000000067000
R8 =0000000080001808 R9 =0000000000000001 R10=000000000000000a R11=0000000000006e21
R12=0000000000007a1c R13=0000000000000000 R14=0000000000000000 R15=0000000000000004
RIP=0000000000001cf9 RFL=00000246 [---Z-P-] CPL=0 II=0 A20=1 SMM=0 HLT=0
ES =0010 0000000000000000 ffffffff 00cf9300 DPL=0 DS   [-WA]
CS =0018 0000000000000000 00000000 00209a00 DPL=0 CS64 [-R-]
SS =0010 0000000000000000 ffffffff 00cf9300 DPL=0 DS   [-WA]
DS =0010 0000000000000000 ffffffff 00cf9300 DPL=0 DS   [-WA]
FS =0010 0000000000000000 ffffffff 00cf9300 DPL=0 DS   [-WA]
GS =0010 0000000000000000 ffffffff 00cf9300 DPL=0 DS   [-WA]
LDT=0000 0000000000000000 0000ffff 00008200 DPL=0 LDT
TR =0000 0000000000000000 0000ffff 00008b00 DPL=0 TSS64-busy
GDT=     0000000000001058 0000001f
IDT=     0000000000080210 00000fff
CR0=e0000031 CR2=0000000000000000 CR3=0000000000070000 CR4=00000620
DR0=0000000000000000 DR1=0000000000000000 DR2=0000000000000000 DR3=0000000000000000 
DR6=00000000ffff0ff0 DR7=0000000000000400
CCS=0000000000000000 CCD=0000000000006e00 CCO=SUBB
EFER=0000000000000500
Servicing hardware INT=0x21
   130: v=21 e=0000 i=0 cpl=0 IP=0018:0000000000001cf9 pc=0000000000001cf9 SP=0010:0000000000067000 env->regs[R_EAX]=00000000000b8f12
RAX=00000000000b8f12 RBX=00000000000b8f0e RCX=000000000000000a RDX=0000000000006e00
RSI=0000000000000140 RDI=00000000009000a0 RBP=0000000000000000 RSP=0000000000067000
R8 =0000000080001808 R9 =0000000000000001 R10=000000000000000a R11=0000000000006e21
R12=0000000000007a1c R13=0000000000000000 R14=0000000000000000 R15=0000000000000004
RIP=0000000000001cf9 RFL=00000246 [---Z-P-] CPL=0 II=0 A20=1 SMM=0 HLT=0
ES =0010 0000000000000000 ffffffff 00cf9300 DPL=0 DS   [-WA]
CS =0018 0000000000000000 00000000 00209a00 DPL=0 CS64 [-R-]
SS =0010 0000000000000000 ffffffff 00cf9300 DPL=0 DS   [-WA]
DS =0010 0000000000000000 ffffffff 00cf9300 DPL=0 DS   [-WA]
FS =0010 0000000000000000 ffffffff 00cf9300 DPL=0 DS   [-WA]
GS =0010 0000000000000000 ffffffff 00cf9300 DPL=0 DS   [-WA]
LDT=0000 0000000000000000 0000ffff 00008200 DPL=0 LDT
TR =0000 0000000000000000 0000ffff 00008b00 DPL=0 TSS64-busy
GDT=     0000000000001058 0000001f
IDT=     0000000000080210 00000fff
CR0=e0000031 CR2=0000000000000000 CR3=0000000000070000 CR4=00000620
DR0=0000000000000000 DR1=0000000000000000 DR2=0000000000000000 DR3=0000000000000000 
DR6=00000000ffff0ff0 DR7=0000000000000400
CCS=0000000000000000 CCD=0000000000006e00 CCO=SUBB
EFER=0000000000000500
Servicing hardware INT=0x21
   131: v=21 e=0000 i=0 cpl=0 IP=0018:0000000000001cf9 pc=0000000000001cf9 SP=0010:0000000000067000 env->regs[R_EAX]=00000000000b8f14
RAX=00000000000b8f14 RBX=00000000000b8f0e RCX=000000000000000a RDX=0000000000006e00
RSI=0000000000000140 RDI=00000000009000a0 RBP=0000000000000000 RSP=0000000000067000
R8 =0000000080001808 R9 =0000000000000001 R10=000000000000000a R11=0000000000006e21
R12=0000000000007a1c R13=0000000000000000 R14=0000000000000000 R15=0000000000000004
RIP=0000000000001cf9 RFL=00000246 [---Z-P-] CPL=0 II=0 A20=1 SMM=0 HLT=0
ES =0010 0000000000000000 ffffffff 00cf9300 DPL=0 DS   [-WA]
CS =0018 0000000000000000 00000000 00209a00 DPL=0 CS64 [-R-]
SS =0010 0000000000000000 ffffffff 00cf9300 DPL=0 DS   [-WA]
DS =0010 0000000000000000 ffffffff 00cf9300 DPL=0 DS   [-WA]
FS =0010 0000000000000000 ffffffff 00cf9300 DPL=0 DS   [-WA]
GS =0010 0000000000000000 ffffffff 00cf9300 DPL=0 DS   [-WA]
LDT=0000 0000000000000000 0000ffff 00008200 DPL=0 LDT
TR =0000 0000000000000000 0000ffff 00008b00 DPL=0 TSS64-busy
GDT=     0000000000001058 0000001f
IDT=     0000000000080210 00000fff
CR0=e0000031 CR2=0000000000000000 CR3=0000000000070000 CR4=00000620
DR0=0000000000000000 DR1=0000000000000000 DR2=0000000000000000 DR3=0000000000000000 
DR6=00000000ffff0ff0 DR7=0000000000000400
CCS=0000000000000000 CCD=0000000000006e00 CCO=SUBB
EFER=0000000000000500
Servicing hardware INT=0x21
   132: v=21 e=0000 i=0 cpl=0 IP=0018:0000000000001cf9 pc=0000000000001cf9 SP=0010:0000000000067000 env->regs[R_EAX]=00000000000b8f14
RAX=00000000000b8f14 RBX=00000000000b8f0e RCX=000000000000000a RDX=0000000000006e00
RSI=0000000000000140 RDI=00000000009000a0 RBP=0000000000000000 RSP=0000000000067000
R8 =0000000080001808 R9 =0000000000000001 R10=000000000000000a R11=0000000000006e21
R12=0000000000007a1c R13=0000000000000000 R14=0000000000000000 R15=0000000000000004
RIP=0000000000001cf9 RFL=00000246 [---Z-P-] CPL=0 II=0 A20=1 SMM=0 HLT=0
ES =0010 0000000000000000 ffffffff 00cf9300 DPL=0 DS   [-WA]
CS =0018 0000000000000000 00000000 00209a00 DPL=0 CS64 [-R-]
SS =0010 0000000000000000 ffffffff 00cf9300 DPL=0 DS   [-WA]
DS =0010 0000000000000000 ffffffff 00cf9300 DPL=0 DS   [-WA]
FS =0010 0000000000000000 ffffffff 00cf9300 DPL=0 DS   [-WA]
GS =0010 0000000000000000 ffffffff 00cf9300 DPL=0 DS   [-WA]
LDT=0000 0000000000000000 0000ffff 00008200 DPL=0 LDT
TR =0000 0000000000000000 0000ffff 00008b00 DPL=0 TSS64-busy
GDT=     0000000000001058 0000001f
IDT=     0000000000080210 00000fff
CR0=e0000031 CR2=0000000000000000 CR3=0000000000070000 CR4=00000620
DR0=0000000000000000 DR1=0000000000000000 DR2=0000000000000000 DR3=0000000000000000 
DR6=00000000ffff0ff0 DR7=0000000000000400
CCS=0000000000000000 CCD=0000000000006e00 CCO=SUBB
EFER=0000000000000500
Servicing hardware INT=0x21
   133: v=21 e=0000 i=0 cpl=0 IP=0018:0000000000001cf9 pc=0000000000001cf9 SP=0010:0000000000067000 env->regs[R_EAX]=00000000000b8f14
RAX=00000000000b8f14 RBX=00000000000b8f0e RCX=000000000000000a RDX=0000000000006e00
RSI=0000000000000140 RDI=00000000009000a0 RBP=0000000000000000 RSP=0000000000067000
R8 =0000000080001808 R9 =0000000000000001 R10=000000000000000a R11=0000000000006e21
R12=0000000000007a1c R13=0000000000000000 R14=0000000000000000 R15=0000000000000004
RIP=0000000000001cf9 RFL=00000246 [---Z-P-] CPL=0 II=0 A20=1 SMM=0 HLT=0
ES =0010 0000000000000000 ffffffff 00cf9300 DPL=0 DS   [-WA]
CS =0018 0000000000000000 00000000 00209a00 DPL=0 CS64 [-R-]
SS =0010 0000000000000000 ffffffff 00cf9300 DPL=0 DS   [-WA]
DS =0010 0000000000000000 ffffffff 00cf9300 DPL=0 DS   [-WA]
FS =0010 0000000000000000 ffffffff 00cf9300 DPL=0 DS   [-WA]
GS =0010 0000000000000000 ffffffff 00cf9300 DPL=0 DS   [-WA]
LDT=0000 0000000000000000 0000ffff 00008200 DPL=0 LDT
TR =0000 0000000000000000 0000ffff 00008b00 DPL=0 TSS64-busy
GDT=     0000000000001058 0000001f
IDT=     0000000000080210 00000fff
CR0=e0000031 CR2=0000000000000000 CR3=0000000000070000 CR4=00000620
DR0=0000000000000000 DR1=0000000000000000 DR2=0000000000000000 DR3=0000000000000000 
DR6=00000000ffff0ff0 DR7=0000000000000400
CCS=0000000000000000 CCD=0000000000006e00 CCO=SUBB
EFER=0000000000000500
Servicing hardware INT=0x21
   134: v=21 e=0000 i=0 cpl=0 IP=0018:0000000000001cf9 pc=0000000000001cf9 SP=0010:0000000000067000 env->regs[R_EAX]=00000000000b8f14
RAX=00000000000b8f14 RBX=00000000000b8f0e RCX=000000000000000a RDX=0000000000006e00
RSI=0000000000000140 RDI=00000000009000a0 RBP=0000000000000000 RSP=0000000000067000
R8 =0000000080001808 R9 =0000000000000001 R10=000000000000000a R11=0000000000006e21
R12=0000000000007a1c R13=0000000000000000 R14=0000000000000000 R15=0000000000000004
RIP=0000000000001cf9 RFL=00000246 [---Z-P-] CPL=0 II=0 A20=1 SMM=0 HLT=0
ES =0010 0000000000000000 ffffffff 00cf9300 DPL=0 DS   [-WA]
CS =0018 0000000000000000 00000000 00209a00 DPL=0 CS64 [-R-]
SS =0010 0000000000000000 ffffffff 00cf9300 DPL=0 DS   [-WA]
DS =0010 0000000000000000 ffffffff 00cf9300 DPL=0 DS   [-WA]
FS =0010 0000000000000000 ffffffff 00cf9300 DPL=0 DS   [-WA]
GS =0010 0000000000000000 ffffffff 00cf9300 DPL=0 DS   [-WA]
LDT=0000 0000000000000000 0000ffff 00008200 DPL=0 LDT
TR =0000 0000000000000000 0000ffff 00008b00 DPL=0 TSS64-busy
GDT=     0000000000001058 0000001f
IDT=     0000000000080210 00000fff
CR0=e0000031 CR2=0000000000000000 CR3=0000000000070000 CR4=00000620
DR0=0000000000000000 DR1=0000000000000000 DR2=0000000000000000 DR3=0000000000000000 
DR6=00000000ffff0ff0 DR7=0000000000000400
CCS=0000000000000000 CCD=0000000000006e00 CCO=SUBB
EFER=0000000000000500
Servicing hardware INT=0x21
   135: v=21 e=0000 i=0 cpl=0 IP=0018:0000000000001cf9 pc=0000000000001cf9 SP=0010:0000000000067000 env->regs[R_EAX]=00000000000b8f14
RAX=00000000000b8f14 RBX=00000000000b8f0e RCX=000000000000000a RDX=0000000000006e00
RSI=0000000000000140 RDI=00000000009000a0 RBP=0000000000000000 RSP=0000000000067000
R8 =0000000080001808 R9 =0000000000000001 R10=000000000000000a R11=0000000000006e21
R12=0000000000007a1c R13=0000000000000000 R14=0000000000000000 R15=0000000000000004
RIP=0000000000001cf9 RFL=00000246 [---Z-P-] CPL=0 II=0 A20=1 SMM=0 HLT=0
ES =0010 0000000000000000 ffffffff 00cf9300 DPL=0 DS   [-WA]
CS =0018 0000000000000000 00000000 00209a00 DPL=0 CS64 [-R-]
SS =0010 0000000000000000 ffffffff 00cf9300 DPL=0 DS   [-WA]
DS =0010 0000000000000000 ffffffff 00cf9300 DPL=0 DS   [-WA]
FS =0010 0000000000000000 ffffffff 00cf9300 DPL=0 DS   [-WA]
GS =0010 0000000000000000 ffffffff 00cf9300 DPL=0 DS   [-WA]
LDT=0000 0000000000000000 0000ffff 00008200 DPL=0 LDT
TR =0000 0000000000000000 0000ffff 00008b00 DPL=0 TSS64-busy
GDT=     0000000000001058 0000001f
IDT=     0000000000080210 00000fff
CR0=e0000031 CR2=0000000000000000 CR3=0000000000070000 CR4=00000620
DR0=0000000000000000 DR1=0000000000000000 DR2=0000000000000000 DR3=0000000000000000 
DR6=00000000ffff0ff0 DR7=0000000000000400
CCS=0000000000000000 CCD=0000000000006e00 CCO=SUBB
EFER=0000000000000500
Servicing hardware INT=0x21
   136: v=21 e=0000 i=0 cpl=0 IP=0018:0000000000001cf9 pc=0000000000001cf9 SP=0010:0000000000067000 env->regs[R_EAX]=00000000000b8f14
RAX=00000000000b8f14 RBX=00000000000b8f0e RCX=000000000000000a RDX=0000000000006e00
RSI=0000000000000140 RDI=00000000009000a0 RBP=0000000000000000 RSP=0000000000067000
R8 =0000000080001808 R9 =0000000000000001 R10=000000000000000a R11=0000000000006e21
R12=0000000000007a1c R13=0000000000000000 R14=0000000000000000 R15=0000000000000004
RIP=0000000000001cf9 RFL=00000246 [---Z-P-] CPL=0 II=0 A20=1 SMM=0 HLT=0
ES =0010 0000000000000000 ffffffff 00cf9300 DPL=0 DS   [-WA]
CS =0018 0000000000000000 00000000 00209a00 DPL=0 CS64 [-R-]
SS =0010 0000000000000000 ffffffff 00cf9300 DPL=0 DS   [-WA]
DS =0010 0000000000000000 ffffffff 00cf9300 DPL=0 DS   [-WA]
FS =0010 0000000000000000 ffffffff 00cf9300 DPL=0 DS   [-WA]
GS =0010 0000000000000000 ffffffff 00cf9300 DPL=0 DS   [-WA]
LDT=0000 0000000000000000 0000ffff 00008200 DPL=0 LDT
TR =0000 0000000000000000 0000ffff 00008b00 DPL=0 TSS64-busy
GDT=     0000000000001058 0000001f
IDT=     0000000000080210 00000fff
CR0=e0000031 CR2=0000000000000000 CR3=0000000000070000 CR4=00000620
DR0=0000000000000000 DR1=0000000000000000 DR2=0000000000000000 DR3=0000000000000000 
DR6=00000000ffff0ff0 DR7=0000000000000400
CCS=0000000000000000 CCD=0000000000006e00 CCO=SUBB
EFER=0000000000000500
Servicing hardware INT=0x21
   137: v=21 e=0000 i=0 cpl=0 IP=0018:0000000000001cf9 pc=0000000000001cf9 SP=0010:0000000000067000 env->regs[R_EAX]=00000000000b8f12
RAX=00000000000b8f12 RBX=00000000000b8f0e RCX=000000000000000a RDX=0000000000006e00
RSI=0000000000000140 RDI=00000000009000a0 RBP=0000000000000000 RSP=0000000000067000
R8 =0000000080001808 R9 =0000000000000001 R10=000000000000000a R11=0000000000006e21
R12=0000000000007a1c R13=0000000000000000 R14=0000000000000000 R15=0000000000000004
RIP=0000000000001cf9 RFL=00000246 [---Z-P-] CPL=0 II=0 A20=1 SMM=0 HLT=0
ES =0010 0000000000000000 ffffffff 00cf9300 DPL=0 DS   [-WA]
CS =0018 0000000000000000 00000000 00209a00 DPL=0 CS64 [-R-]
SS =0010 0000000000000000 ffffffff 00cf9300 DPL=0 DS   [-WA]
DS =0010 0000000000000000 ffffffff 00cf9300 DPL=0 DS   [-WA]
FS =0010 0000000000000000 ffffffff 00cf9300 DPL=0 DS   [-WA]
GS =0010 0000000000000000 ffffffff 00cf9300 DPL=0 DS   [-WA]
LDT=0000 0000000000000000 0000ffff 00008200 DPL=0 LDT
TR =0000 0000000000000000 0000ffff 00008b00 DPL=0 TSS64-busy
GDT=     0000000000001058 0000001f
IDT=     0000000000080210 00000fff
CR0=e0000031 CR2=0000000000000000 CR3=0000000000070000 CR4=00000620
DR0=0000000000000000 DR1=0000000000000000 DR2=0000000000000000 DR3=0000000000000000 
DR6=00000000ffff0ff0 DR7=0000000000000400
CCS=0000000000000000 CCD=0000000000006e00 CCO=SUBB
EFER=0000000000000500
Servicing hardware INT=0x21
   138: v=21 e=0000 i=0 cpl=0 IP=0018:0000000000001cf9 pc=0000000000001cf9 SP=0010:0000000000067000 env->regs[R_EAX]=00000000000b8f12
RAX=00000000000b8f12 RBX=00000000000b8f0e RCX=000000000000000a RDX=0000000000006e00
RSI=0000000000000140 RDI=00000000009000a0 RBP=0000000000000000 RSP=0000000000067000
R8 =0000000080001808 R9 =0000000000000001 R10=000000000000000a R11=0000000000006e21
R12=0000000000007a1c R13=0000000000000000 R14=0000000000000000 R15=0000000000000004
RIP=0000000000001cf9 RFL=00000246 [---Z-P-] CPL=0 II=0 A20=1 SMM=0 HLT=0
ES =0010 0000000000000000 ffffffff 00cf9300 DPL=0 DS   [-WA]
CS =0018 0000000000000000 00000000 00209a00 DPL=0 CS64 [-R-]
SS =0010 0000000000000000 ffffffff 00cf9300 DPL=0 DS   [-WA]
DS =0010 0000000000000000 ffffffff 00cf9300 DPL=0 DS   [-WA]
FS =0010 0000000000000000 ffffffff 00cf9300 DPL=0 DS   [-WA]
GS =0010 0000000000000000 ffffffff 00cf9300 DPL=0 DS   [-WA]
LDT=0000 0000000000000000 0000ffff 00008200 DPL=0 LDT
TR =0000 0000000000000000 0000ffff 00008b00 DPL=0 TSS64-busy
GDT=     0000000000001058 0000001f
IDT=     0000000000080210 00000fff
CR0=e0000031 CR2=0000000000000000 CR3=0000000000070000 CR4=00000620
DR0=0000000000000000 DR1=0000000000000000 DR2=0000000000000000 DR3=0000000000000000 
DR6=00000000ffff0ff0 DR7=0000000000000400
CCS=0000000000000000 CCD=0000000000006e00 CCO=SUBB
EFER=0000000000000500
Servicing hardware INT=0x21
   139: v=21 e=0000 i=0 cpl=0 IP=0018:0000000000001cf9 pc=0000000000001cf9 SP=0010:0000000000067000 env->regs[R_EAX]=00000000000b8f12
RAX=00000000000b8f12 RBX=00000000000b8f0e RCX=000000000000000a RDX=0000000000006e00
RSI=0000000000000140 RDI=00000000009000a0 RBP=0000000000000000 RSP=0000000000067000
R8 =0000000080001808 R9 =0000000000000001 R10=000000000000000a R11=0000000000006e21
R12=0000000000007a1c R13=0000000000000000 R14=0000000000000000 R15=0000000000000004
RIP=0000000000001cf9 RFL=00000246 [---Z-P-] CPL=0 II=0 A20=1 SMM=0 HLT=0
ES =0010 0000000000000000 ffffffff 00cf9300 DPL=0 DS   [-WA]
CS =0018 0000000000000000 00000000 00209a00 DPL=0 CS64 [-R-]
SS =0010 0000000000000000 ffffffff 00cf9300 DPL=0 DS   [-WA]
DS =0010 0000000000000000 ffffffff 00cf9300 DPL=0 DS   [-WA]
FS =0010 0000000000000000 ffffffff 00cf9300 DPL=0 DS   [-WA]
GS =0010 0000000000000000 ffffffff 00cf9300 DPL=0 DS   [-WA]
LDT=0000 0000000000000000 0000ffff 00008200 DPL=0 LDT
TR =0000 0000000000000000 0000ffff 00008b00 DPL=0 TSS64-busy
GDT=     0000000000001058 0000001f
IDT=     0000000000080210 00000fff
CR0=e0000031 CR2=0000000000000000 CR3=0000000000070000 CR4=00000620
DR0=0000000000000000 DR1=0000000000000000 DR2=0000000000000000 DR3=0000000000000000 
DR6=00000000ffff0ff0 DR7=0000000000000400
CCS=0000000000000000 CCD=0000000000006e00 CCO=SUBB
EFER=0000000000000500
Servicing hardware INT=0x21
   140: v=21 e=0000 i=0 cpl=0 IP=0018:0000000000001cf9 pc=0000000000001cf9 SP=0010:0000000000067000 env->regs[R_EAX]=00000000000b8f12
RAX=00000000000b8f12 RBX=00000000000b8f0e RCX=000000000000000a RDX=0000000000006e00
RSI=0000000000000140 RDI=00000000009000a0 RBP=0000000000000000 RSP=0000000000067000
R8 =0000000080001808 R9 =0000000000000001 R10=000000000000000a R11=0000000000006e21
R12=0000000000007a1c R13=0000000000000000 R14=0000000000000000 R15=0000000000000004
RIP=0000000000001cf9 RFL=00000246 [---Z-P-] CPL=0 II=0 A20=1 SMM=0 HLT=0
ES =0010 0000000000000000 ffffffff 00cf9300 DPL=0 DS   [-WA]
CS =0018 0000000000000000 00000000 00209a00 DPL=0 CS64 [-R-]
SS =0010 0000000000000000 ffffffff 00cf9300 DPL=0 DS   [-WA]
DS =0010 0000000000000000 ffffffff 00cf9300 DPL=0 DS   [-WA]
FS =0010 0000000000000000 ffffffff 00cf9300 DPL=0 DS   [-WA]
GS =0010 0000000000000000 ffffffff 00cf9300 DPL=0 DS   [-WA]
LDT=0000 0000000000000000 0000ffff 00008200 DPL=0 LDT
TR =0000 0000000000000000 0000ffff 00008b00 DPL=0 TSS64-busy
GDT=     0000000000001058 0000001f
IDT=     0000000000080210 00000fff
CR0=e0000031 CR2=0000000000000000 CR3=0000000000070000 CR4=00000620
DR0=0000000000000000 DR1=0000000000000000 DR2=0000000000000000 DR3=0000000000000000 
DR6=00000000ffff0ff0 DR7=0000000000000400
CCS=0000000000000000 CCD=0000000000006e00 CCO=SUBB
EFER=0000000000000500
Servicing hardware INT=0x21
   141: v=21 e=0000 i=0 cpl=0 IP=0018:0000000000001cf9 pc=0000000000001cf9 SP=0010:0000000000067000 env->regs[R_EAX]=00000000000b8f12
RAX=00000000000b8f12 RBX=00000000000b8f0e RCX=000000000000000a RDX=0000000000006e00
RSI=0000000000000140 RDI=00000000009000a0 RBP=0000000000000000 RSP=0000000000067000
R8 =0000000080001808 R9 =0000000000000001 R10=000000000000000a R11=0000000000006e21
R12=0000000000007a1c R13=0000000000000000 R14=0000000000000000 R15=0000000000000004
RIP=0000000000001cf9 RFL=00000246 [---Z-P-] CPL=0 II=0 A20=1 SMM=0 HLT=0
ES =0010 0000000000000000 ffffffff 00cf9300 DPL=0 DS   [-WA]
CS =0018 0000000000000000 00000000 00209a00 DPL=0 CS64 [-R-]
SS =0010 0000000000000000 ffffffff 00cf9300 DPL=0 DS   [-WA]
DS =0010 0000000000000000 ffffffff 00cf9300 DPL=0 DS   [-WA]
FS =0010 0000000000000000 ffffffff 00cf9300 DPL=0 DS   [-WA]
GS =0010 0000000000000000 ffffffff 00cf9300 DPL=0 DS   [-WA]
LDT=0000 0000000000000000 0000ffff 00008200 DPL=0 LDT
TR =0000 0000000000000000 0000ffff 00008b00 DPL=0 TSS64-busy
GDT=     0000000000001058 0000001f
IDT=     0000000000080210 00000fff
CR0=e0000031 CR2=0000000000000000 CR3=0000000000070000 CR4=00000620
DR0=0000000000000000 DR1=0000000000000000 DR2=0000000000000000 DR3=0000000000000000 
DR6=00000000ffff0ff0 DR7=0000000000000400
CCS=0000000000000000 CCD=0000000000006e00 CCO=SUBB
EFER=0000000000000500
Servicing hardware INT=0x21
   142: v=21 e=0000 i=0 cpl=0 IP=0018:0000000000001cf9 pc=0000000000001cf9 SP=0010:0000000000067000 env->regs[R_EAX]=00000000000b8f12
RAX=00000000000b8f12 RBX=00000000000b8f0e RCX=000000000000000a RDX=0000000000006e00
RSI=0000000000000140 RDI=00000000009000a0 RBP=0000000000000000 RSP=0000000000067000
R8 =0000000080001808 R9 =0000000000000001 R10=000000000000000a R11=0000000000006e21
R12=0000000000007a1c R13=0000000000000000 R14=0000000000000000 R15=0000000000000004
RIP=0000000000001cf9 RFL=00000246 [---Z-P-] CPL=0 II=0 A20=1 SMM=0 HLT=0
ES =0010 0000000000000000 ffffffff 00cf9300 DPL=0 DS   [-WA]
CS =0018 0000000000000000 00000000 00209a00 DPL=0 CS64 [-R-]
SS =0010 0000000000000000 ffffffff 00cf9300 DPL=0 DS   [-WA]
DS =0010 0000000000000000 ffffffff 00cf9300 DPL=0 DS   [-WA]
FS =0010 0000000000000000 ffffffff 00cf9300 DPL=0 DS   [-WA]
GS =0010 0000000000000000 ffffffff 00cf9300 DPL=0 DS   [-WA]
LDT=0000 0000000000000000 0000ffff 00008200 DPL=0 LDT
TR =0000 0000000000000000 0000ffff 00008b00 DPL=0 TSS64-busy
GDT=     0000000000001058 0000001f
IDT=     0000000000080210 00000fff
CR0=e0000031 CR2=0000000000000000 CR3=0000000000070000 CR4=00000620
DR0=0000000000000000 DR1=0000000000000000 DR2=0000000000000000 DR3=0000000000000000 
DR6=00000000ffff0ff0 DR7=0000000000000400
CCS=0000000000000000 CCD=0000000000006e00 CCO=SUBB
EFER=0000000000000500
Servicing hardware INT=0x21
   143: v=21 e=0000 i=0 cpl=0 IP=0018:0000000000001cf9 pc=0000000000001cf9 SP=0010:0000000000067000 env->regs[R_EAX]=00000000000b8f14
RAX=00000000000b8f14 RBX=00000000000b8f0e RCX=000000000000000a RDX=0000000000006e00
RSI=0000000000000140 RDI=00000000009000a0 RBP=0000000000000000 RSP=0000000000067000
R8 =0000000080001808 R9 =0000000000000001 R10=000000000000000a R11=0000000000006e21
R12=0000000000007a1c R13=0000000000000000 R14=0000000000000000 R15=0000000000000004
RIP=0000000000001cf9 RFL=00000246 [---Z-P-] CPL=0 II=0 A20=1 SMM=0 HLT=0
ES =0010 0000000000000000 ffffffff 00cf9300 DPL=0 DS   [-WA]
CS =0018 0000000000000000 00000000 00209a00 DPL=0 CS64 [-R-]
SS =0010 0000000000000000 ffffffff 00cf9300 DPL=0 DS   [-WA]
DS =0010 0000000000000000 ffffffff 00cf9300 DPL=0 DS   [-WA]
FS =0010 0000000000000000 ffffffff 00cf9300 DPL=0 DS   [-WA]
GS =0010 0000000000000000 ffffffff 00cf9300 DPL=0 DS   [-WA]
LDT=0000 0000000000000000 0000ffff 00008200 DPL=0 LDT
TR =0000 0000000000000000 0000ffff 00008b00 DPL=0 TSS64-busy
GDT=     0000000000001058 0000001f
IDT=     0000000000080210 00000fff
CR0=e0000031 CR2=0000000000000000 CR3=0000000000070000 CR4=00000620
DR0=0000000000000000 DR1=0000000000000000 DR2=0000000000000000 DR3=0000000000000000 
DR6=00000000ffff0ff0 DR7=0000000000000400
CCS=0000000000000000 CCD=0000000000006e00 CCO=SUBB
EFER=0000000000000500
Servicing hardware INT=0x21
   144: v=21 e=0000 i=0 cpl=0 IP=0018:0000000000001cf9 pc=0000000000001cf9 SP=0010:0000000000067000 env->regs[R_EAX]=00000000000b8f14
RAX=00000000000b8f14 RBX=00000000000b8f0e RCX=000000000000000a RDX=0000000000006e00
RSI=0000000000000140 RDI=00000000009000a0 RBP=0000000000000000 RSP=0000000000067000
R8 =0000000080001808 R9 =0000000000000001 R10=000000000000000a R11=0000000000006e21
R12=0000000000007a1c R13=0000000000000000 R14=0000000000000000 R15=0000000000000004
RIP=0000000000001cf9 RFL=00000246 [---Z-P-] CPL=0 II=0 A20=1 SMM=0 HLT=0
ES =0010 0000000000000000 ffffffff 00cf9300 DPL=0 DS   [-WA]
CS =0018 0000000000000000 00000000 00209a00 DPL=0 CS64 [-R-]
SS =0010 0000000000000000 ffffffff 00cf9300 DPL=0 DS   [-WA]
DS =0010 0000000000000000 ffffffff 00cf9300 DPL=0 DS   [-WA]
FS =0010 0000000000000000 ffffffff 00cf9300 DPL=0 DS   [-WA]
GS =0010 0000000000000000 ffffffff 00cf9300 DPL=0 DS   [-WA]
LDT=0000 0000000000000000 0000ffff 00008200 DPL=0 LDT
TR =0000 0000000000000000 0000ffff 00008b00 DPL=0 TSS64-busy
GDT=     0000000000001058 0000001f
IDT=     0000000000080210 00000fff
CR0=e0000031 CR2=0000000000000000 CR3=0000000000070000 CR4=00000620
DR0=0000000000000000 DR1=0000000000000000 DR2=0000000000000000 DR3=0000000000000000 
DR6=00000000ffff0ff0 DR7=0000000000000400
CCS=0000000000000000 CCD=0000000000006e00 CCO=SUBB
EFER=0000000000000500
Servicing hardware INT=0x21
   145: v=21 e=0000 i=0 cpl=0 IP=0018:0000000000001cf9 pc=0000000000001cf9 SP=0010:0000000000067000 env->regs[R_EAX]=00000000000b8f14
RAX=00000000000b8f14 RBX=00000000000b8f0e RCX=000000000000000a RDX=0000000000006e00
RSI=0000000000000140 RDI=00000000009000a0 RBP=0000000000000000 RSP=0000000000067000
R8 =0000000080001808 R9 =0000000000000001 R10=000000000000000a R11=0000000000006e21
R12=0000000000007a1c R13=0000000000000000 R14=0000000000000000 R15=0000000000000004
RIP=0000000000001cf9 RFL=00000246 [---Z-P-] CPL=0 II=0 A20=1 SMM=0 HLT=0
ES =0010 0000000000000000 ffffffff 00cf9300 DPL=0 DS   [-WA]
CS =0018 0000000000000000 00000000 00209a00 DPL=0 CS64 [-R-]
SS =0010 0000000000000000 ffffffff 00cf9300 DPL=0 DS   [-WA]
DS =0010 0000000000000000 ffffffff 00cf9300 DPL=0 DS   [-WA]
FS =0010 0000000000000000 ffffffff 00cf9300 DPL=0 DS   [-WA]
GS =0010 0000000000000000 ffffffff 00cf9300 DPL=0 DS   [-WA]
LDT=0000 0000000000000000 0000ffff 00008200 DPL=0 LDT
TR =0000 0000000000000000 0000ffff 00008b00 DPL=0 TSS64-busy
GDT=     0000000000001058 0000001f
IDT=     0000000000080210 00000fff
CR0=e0000031 CR2=0000000000000000 CR3=0000000000070000 CR4=00000620
DR0=0000000000000000 DR1=0000000000000000 DR2=0000000000000000 DR3=0000000000000000 
DR6=00000000ffff0ff0 DR7=0000000000000400
CCS=0000000000000000 CCD=0000000000006e00 CCO=SUBB
EFER=0000000000000500
Servicing hardware INT=0x21
   146: v=21 e=0000 i=0 cpl=0 IP=0018:0000000000001cf9 pc=0000000000001cf9 SP=0010:0000000000067000 env->regs[R_EAX]=00000000000b8f14
RAX=00000000000b8f14 RBX=00000000000b8f0e RCX=000000000000000a RDX=0000000000006e00
RSI=0000000000000140 RDI=00000000009000a0 RBP=0000000000000000 RSP=0000000000067000
R8 =0000000080001808 R9 =0000000000000001 R10=000000000000000a R11=0000000000006e21
R12=0000000000007a1c R13=0000000000000000 R14=0000000000000000 R15=0000000000000004
RIP=0000000000001cf9 RFL=00000246 [---Z-P-] CPL=0 II=0 A20=1 SMM=0 HLT=0
ES =0010 0000000000000000 ffffffff 00cf9300 DPL=0 DS   [-WA]
CS =0018 0000000000000000 00000000 00209a00 DPL=0 CS64 [-R-]
SS =0010 0000000000000000 ffffffff 00cf9300 DPL=0 DS   [-WA]
DS =0010 0000000000000000 ffffffff 00cf9300 DPL=0 DS   [-WA]
FS =0010 0000000000000000 ffffffff 00cf9300 DPL=0 DS   [-WA]
GS =0010 0000000000000000 ffffffff 00cf9300 DPL=0 DS   [-WA]
LDT=0000 0000000000000000 0000ffff 00008200 DPL=0 LDT
TR =0000 0000000000000000 0000ffff 00008b00 DPL=0 TSS64-busy
GDT=     0000000000001058 0000001f
IDT=     0000000000080210 00000fff
CR0=e0000031 CR2=0000000000000000 CR3=0000000000070000 CR4=00000620
DR0=0000000000000000 DR1=0000000000000000 DR2=0000000000000000 DR3=0000000000000000 
DR6=00000000ffff0ff0 DR7=0000000000000400
CCS=0000000000000000 CCD=0000000000006e00 CCO=SUBB
EFER=0000000000000500
Servicing hardware INT=0x21
   147: v=21 e=0000 i=0 cpl=0 IP=0018:0000000000001cf9 pc=0000000000001cf9 SP=0010:0000000000067000 env->regs[R_EAX]=00000000000b8f14
RAX=00000000000b8f14 RBX=00000000000b8f0e RCX=000000000000000a RDX=0000000000006e00
RSI=0000000000000140 RDI=00000000009000a0 RBP=0000000000000000 RSP=0000000000067000
R8 =0000000080001808 R9 =0000000000000001 R10=000000000000000a R11=0000000000006e21
R12=0000000000007a1c R13=0000000000000000 R14=0000000000000000 R15=0000000000000004
RIP=0000000000001cf9 RFL=00000246 [---Z-P-] CPL=0 II=0 A20=1 SMM=0 HLT=0
ES =0010 0000000000000000 ffffffff 00cf9300 DPL=0 DS   [-WA]
CS =0018 0000000000000000 00000000 00209a00 DPL=0 CS64 [-R-]
SS =0010 0000000000000000 ffffffff 00cf9300 DPL=0 DS   [-WA]
DS =0010 0000000000000000 ffffffff 00cf9300 DPL=0 DS   [-WA]
FS =0010 0000000000000000 ffffffff 00cf9300 DPL=0 DS   [-WA]
GS =0010 0000000000000000 ffffffff 00cf9300 DPL=0 DS   [-WA]
LDT=0000 0000000000000000 0000ffff 00008200 DPL=0 LDT
TR =0000 0000000000000000 0000ffff 00008b00 DPL=0 TSS64-busy
GDT=     0000000000001058 0000001f
IDT=     0000000000080210 00000fff
CR0=e0000031 CR2=0000000000000000 CR3=0000000000070000 CR4=00000620
DR0=0000000000000000 DR1=0000000000000000 DR2=0000000000000000 DR3=0000000000000000 
DR6=00000000ffff0ff0 DR7=0000000000000400
CCS=0000000000000000 CCD=0000000000006e00 CCO=SUBB
EFER=0000000000000500
Servicing hardware INT=0x21
   148: v=21 e=0000 i=0 cpl=0 IP=0018:0000000000001cf9 pc=0000000000001cf9 SP=0010:0000000000067000 env->regs[R_EAX]=00000000000b8f14
RAX=00000000000b8f14 RBX=00000000000b8f0e RCX=000000000000000a RDX=0000000000006e00
RSI=0000000000000140 RDI=00000000009000a0 RBP=0000000000000000 RSP=0000000000067000
R8 =0000000080001808 R9 =0000000000000001 R10=000000000000000a R11=0000000000006e21
R12=0000000000007a1c R13=0000000000000000 R14=0000000000000000 R15=0000000000000004
RIP=0000000000001cf9 RFL=00000246 [---Z-P-] CPL=0 II=0 A20=1 SMM=0 HLT=0
ES =0010 0000000000000000 ffffffff 00cf9300 DPL=0 DS   [-WA]
CS =0018 0000000000000000 00000000 00209a00 DPL=0 CS64 [-R-]
SS =0010 0000000000000000 ffffffff 00cf9300 DPL=0 DS   [-WA]
DS =0010 0000000000000000 ffffffff 00cf9300 DPL=0 DS   [-WA]
FS =0010 0000000000000000 ffffffff 00cf9300 DPL=0 DS   [-WA]
GS =0010 0000000000000000 ffffffff 00cf9300 DPL=0 DS   [-WA]
LDT=0000 0000000000000000 0000ffff 00008200 DPL=0 LDT
TR =0000 0000000000000000 0000ffff 00008b00 DPL=0 TSS64-busy
GDT=     0000000000001058 0000001f
IDT=     0000000000080210 00000fff
CR0=e0000031 CR2=0000000000000000 CR3=0000000000070000 CR4=00000620
DR0=0000000000000000 DR1=0000000000000000 DR2=0000000000000000 DR3=0000000000000000 
DR6=00000000ffff0ff0 DR7=0000000000000400
CCS=0000000000000000 CCD=0000000000006e00 CCO=SUBB
EFER=0000000000000500
Servicing hardware INT=0x21
   149: v=21 e=0000 i=0 cpl=0 IP=0018:0000000000001cf9 pc=0000000000001cf9 SP=0010:0000000000067000 env->regs[R_EAX]=00000000000b8f12
RAX=00000000000b8f12 RBX=00000000000b8f0e RCX=000000000000000a RDX=0000000000006e00
RSI=0000000000000140 RDI=00000000009000a0 RBP=0000000000000000 RSP=0000000000067000
R8 =0000000080001808 R9 =0000000000000001 R10=000000000000000a R11=0000000000006e21
R12=0000000000007a1c R13=0000000000000000 R14=0000000000000000 R15=0000000000000004
RIP=0000000000001cf9 RFL=00000246 [---Z-P-] CPL=0 II=0 A20=1 SMM=0 HLT=0
ES =0010 0000000000000000 ffffffff 00cf9300 DPL=0 DS   [-WA]
CS =0018 0000000000000000 00000000 00209a00 DPL=0 CS64 [-R-]
SS =0010 0000000000000000 ffffffff 00cf9300 DPL=0 DS   [-WA]
DS =0010 0000000000000000 ffffffff 00cf9300 DPL=0 DS   [-WA]
FS =0010 0000000000000000 ffffffff 00cf9300 DPL=0 DS   [-WA]
GS =0010 0000000000000000 ffffffff 00cf9300 DPL=0 DS   [-WA]
LDT=0000 0000000000000000 0000ffff 00008200 DPL=0 LDT
TR =0000 0000000000000000 0000ffff 00008b00 DPL=0 TSS64-busy
GDT=     0000000000001058 0000001f
IDT=     0000000000080210 00000fff
CR0=e0000031 CR2=0000000000000000 CR3=0000000000070000 CR4=00000620
DR0=0000000000000000 DR1=0000000000000000 DR2=0000000000000000 DR3=0000000000000000 
DR6=00000000ffff0ff0 DR7=0000000000000400
CCS=0000000000000000 CCD=0000000000006e00 CCO=SUBB
EFER=0000000000000500
Servicing hardware INT=0x21
   150: v=21 e=0000 i=0 cpl=0 IP=0018:0000000000001cf9 pc=0000000000001cf9 SP=0010:0000000000067000 env->regs[R_EAX]=00000000000b8f12
RAX=00000000000b8f12 RBX=00000000000b8f0e RCX=000000000000000a RDX=0000000000006e00
RSI=0000000000000140 RDI=00000000009000a0 RBP=0000000000000000 RSP=0000000000067000
R8 =0000000080001808 R9 =0000000000000001 R10=000000000000000a R11=0000000000006e21
R12=0000000000007a1c R13=0000000000000000 R14=0000000000000000 R15=0000000000000004
RIP=0000000000001cf9 RFL=00000246 [---Z-P-] CPL=0 II=0 A20=1 SMM=0 HLT=0
ES =0010 0000000000000000 ffffffff 00cf9300 DPL=0 DS   [-WA]
CS =0018 0000000000000000 00000000 00209a00 DPL=0 CS64 [-R-]
SS =0010 0000000000000000 ffffffff 00cf9300 DPL=0 DS   [-WA]
DS =0010 0000000000000000 ffffffff 00cf9300 DPL=0 DS   [-WA]
FS =0010 0000000000000000 ffffffff 00cf9300 DPL=0 DS   [-WA]
GS =0010 0000000000000000 ffffffff 00cf9300 DPL=0 DS   [-WA]
LDT=0000 0000000000000000 0000ffff 00008200 DPL=0 LDT
TR =0000 0000000000000000 0000ffff 00008b00 DPL=0 TSS64-busy
GDT=     0000000000001058 0000001f
IDT=     0000000000080210 00000fff
CR0=e0000031 CR2=0000000000000000 CR3=0000000000070000 CR4=00000620
DR0=0000000000000000 DR1=0000000000000000 DR2=0000000000000000 DR3=0000000000000000 
DR6=00000000ffff0ff0 DR7=0000000000000400
CCS=0000000000000000 CCD=0000000000006e00 CCO=SUBB
EFER=0000000000000500
Servicing hardware INT=0x21
   151: v=21 e=0000 i=0 cpl=0 IP=0018:0000000000001cf9 pc=0000000000001cf9 SP=0010:0000000000067000 env->regs[R_EAX]=00000000000b8f12
RAX=00000000000b8f12 RBX=00000000000b8f0e RCX=000000000000000a RDX=0000000000006e00
RSI=0000000000000140 RDI=00000000009000a0 RBP=0000000000000000 RSP=0000000000067000
R8 =0000000080001808 R9 =0000000000000001 R10=000000000000000a R11=0000000000006e21
R12=0000000000007a1c R13=0000000000000000 R14=0000000000000000 R15=0000000000000004
RIP=0000000000001cf9 RFL=00000246 [---Z-P-] CPL=0 II=0 A20=1 SMM=0 HLT=0
ES =0010 0000000000000000 ffffffff 00cf9300 DPL=0 DS   [-WA]
CS =0018 0000000000000000 00000000 00209a00 DPL=0 CS64 [-R-]
SS =0010 0000000000000000 ffffffff 00cf9300 DPL=0 DS   [-WA]
DS =0010 0000000000000000 ffffffff 00cf9300 DPL=0 DS   [-WA]
FS =0010 0000000000000000 ffffffff 00cf9300 DPL=0 DS   [-WA]
GS =0010 0000000000000000 ffffffff 00cf9300 DPL=0 DS   [-WA]
LDT=0000 0000000000000000 0000ffff 00008200 DPL=0 LDT
TR =0000 0000000000000000 0000ffff 00008b00 DPL=0 TSS64-busy
GDT=     0000000000001058 0000001f
IDT=     0000000000080210 00000fff
CR0=e0000031 CR2=0000000000000000 CR3=0000000000070000 CR4=00000620
DR0=0000000000000000 DR1=0000000000000000 DR2=0000000000000000 DR3=0000000000000000 
DR6=00000000ffff0ff0 DR7=0000000000000400
CCS=0000000000000000 CCD=0000000000006e00 CCO=SUBB
EFER=0000000000000500
Servicing hardware INT=0x21
   152: v=21 e=0000 i=0 cpl=0 IP=0018:0000000000001cf9 pc=0000000000001cf9 SP=0010:0000000000067000 env->regs[R_EAX]=00000000000b8f12
RAX=00000000000b8f12 RBX=00000000000b8f0e RCX=000000000000000a RDX=0000000000006e00
RSI=0000000000000140 RDI=00000000009000a0 RBP=0000000000000000 RSP=0000000000067000
R8 =0000000080001808 R9 =0000000000000001 R10=000000000000000a R11=0000000000006e21
R12=0000000000007a1c R13=0000000000000000 R14=0000000000000000 R15=0000000000000004
RIP=0000000000001cf9 RFL=00000246 [---Z-P-] CPL=0 II=0 A20=1 SMM=0 HLT=0
ES =0010 0000000000000000 ffffffff 00cf9300 DPL=0 DS   [-WA]
CS =0018 0000000000000000 00000000 00209a00 DPL=0 CS64 [-R-]
SS =0010 0000000000000000 ffffffff 00cf9300 DPL=0 DS   [-WA]
DS =0010 0000000000000000 ffffffff 00cf9300 DPL=0 DS   [-WA]
FS =0010 0000000000000000 ffffffff 00cf9300 DPL=0 DS   [-WA]
GS =0010 0000000000000000 ffffffff 00cf9300 DPL=0 DS   [-WA]
LDT=0000 0000000000000000 0000ffff 00008200 DPL=0 LDT
TR =0000 0000000000000000 0000ffff 00008b00 DPL=0 TSS64-busy
GDT=     0000000000001058 0000001f
IDT=     0000000000080210 00000fff
CR0=e0000031 CR2=0000000000000000 CR3=0000000000070000 CR4=00000620
DR0=0000000000000000 DR1=0000000000000000 DR2=0000000000000000 DR3=0000000000000000 
DR6=00000000ffff0ff0 DR7=0000000000000400
CCS=0000000000000000 CCD=0000000000006e00 CCO=SUBB
EFER=0000000000000500
Servicing hardware INT=0x21
   153: v=21 e=0000 i=0 cpl=0 IP=0018:0000000000001cf9 pc=0000000000001cf9 SP=0010:0000000000067000 env->regs[R_EAX]=00000000000b8f12
RAX=00000000000b8f12 RBX=00000000000b8f0e RCX=000000000000000a RDX=0000000000006e00
RSI=0000000000000140 RDI=00000000009000a0 RBP=0000000000000000 RSP=0000000000067000
R8 =0000000080001808 R9 =0000000000000001 R10=000000000000000a R11=0000000000006e21
R12=0000000000007a1c R13=0000000000000000 R14=0000000000000000 R15=0000000000000004
RIP=0000000000001cf9 RFL=00000246 [---Z-P-] CPL=0 II=0 A20=1 SMM=0 HLT=0
ES =0010 0000000000000000 ffffffff 00cf9300 DPL=0 DS   [-WA]
CS =0018 0000000000000000 00000000 00209a00 DPL=0 CS64 [-R-]
SS =0010 0000000000000000 ffffffff 00cf9300 DPL=0 DS   [-WA]
DS =0010 0000000000000000 ffffffff 00cf9300 DPL=0 DS   [-WA]
FS =0010 0000000000000000 ffffffff 00cf9300 DPL=0 DS   [-WA]
GS =0010 0000000000000000 ffffffff 00cf9300 DPL=0 DS   [-WA]
LDT=0000 0000000000000000 0000ffff 00008200 DPL=0 LDT
TR =0000 0000000000000000 0000ffff 00008b00 DPL=0 TSS64-busy
GDT=     0000000000001058 0000001f
IDT=     0000000000080210 00000fff
CR0=e0000031 CR2=0000000000000000 CR3=0000000000070000 CR4=00000620
DR0=0000000000000000 DR1=0000000000000000 DR2=0000000000000000 DR3=0000000000000000 
DR6=00000000ffff0ff0 DR7=0000000000000400
CCS=0000000000000000 CCD=0000000000006e00 CCO=SUBB
EFER=0000000000000500
Servicing hardware INT=0x21
   154: v=21 e=0000 i=0 cpl=0 IP=0018:0000000000001cf9 pc=0000000000001cf9 SP=0010:0000000000067000 env->regs[R_EAX]=00000000000b8f12
RAX=00000000000b8f12 RBX=00000000000b8f0e RCX=000000000000000a RDX=0000000000006e00
RSI=0000000000000140 RDI=00000000009000a0 RBP=0000000000000000 RSP=0000000000067000
R8 =0000000080001808 R9 =0000000000000001 R10=000000000000000a R11=0000000000006e21
R12=0000000000007a1c R13=0000000000000000 R14=0000000000000000 R15=0000000000000004
RIP=0000000000001cf9 RFL=00000246 [---Z-P-] CPL=0 II=0 A20=1 SMM=0 HLT=0
ES =0010 0000000000000000 ffffffff 00cf9300 DPL=0 DS   [-WA]
CS =0018 0000000000000000 00000000 00209a00 DPL=0 CS64 [-R-]
SS =0010 0000000000000000 ffffffff 00cf9300 DPL=0 DS   [-WA]
DS =0010 0000000000000000 ffffffff 00cf9300 DPL=0 DS   [-WA]
FS =0010 0000000000000000 ffffffff 00cf9300 DPL=0 DS   [-WA]
GS =0010 0000000000000000 ffffffff 00cf9300 DPL=0 DS   [-WA]
LDT=0000 0000000000000000 0000ffff 00008200 DPL=0 LDT
TR =0000 0000000000000000 0000ffff 00008b00 DPL=0 TSS64-busy
GDT=     0000000000001058 0000001f
IDT=     0000000000080210 00000fff
CR0=e0000031 CR2=0000000000000000 CR3=0000000000070000 CR4=00000620
DR0=0000000000000000 DR1=0000000000000000 DR2=0000000000000000 DR3=0000000000000000 
DR6=00000000ffff0ff0 DR7=0000000000000400
CCS=0000000000000000 CCD=0000000000006e00 CCO=SUBB
EFER=0000000000000500
Servicing hardware INT=0x21
   155: v=21 e=0000 i=0 cpl=0 IP=0018:0000000000001cf9 pc=0000000000001cf9 SP=0010:0000000000067000 env->regs[R_EAX]=00000000000b8f14
RAX=00000000000b8f14 RBX=00000000000b8f0e RCX=000000000000000a RDX=0000000000006e00
RSI=0000000000000140 RDI=00000000009000a0 RBP=0000000000000000 RSP=0000000000067000
R8 =0000000080001808 R9 =0000000000000001 R10=000000000000000a R11=0000000000006e21
R12=0000000000007a1c R13=0000000000000000 R14=0000000000000000 R15=0000000000000004
RIP=0000000000001cf9 RFL=00000246 [---Z-P-] CPL=0 II=0 A20=1 SMM=0 HLT=0
ES =0010 0000000000000000 ffffffff 00cf9300 DPL=0 DS   [-WA]
CS =0018 0000000000000000 00000000 00209a00 DPL=0 CS64 [-R-]
SS =0010 0000000000000000 ffffffff 00cf9300 DPL=0 DS   [-WA]
DS =0010 0000000000000000 ffffffff 00cf9300 DPL=0 DS   [-WA]
FS =0010 0000000000000000 ffffffff 00cf9300 DPL=0 DS   [-WA]
GS =0010 0000000000000000 ffffffff 00cf9300 DPL=0 DS   [-WA]
LDT=0000 0000000000000000 0000ffff 00008200 DPL=0 LDT
TR =0000 0000000000000000 0000ffff 00008b00 DPL=0 TSS64-busy
GDT=     0000000000001058 0000001f
IDT=     0000000000080210 00000fff
CR0=e0000031 CR2=0000000000000000 CR3=0000000000070000 CR4=00000620
DR0=0000000000000000 DR1=0000000000000000 DR2=0000000000000000 DR3=0000000000000000 
DR6=00000000ffff0ff0 DR7=0000000000000400
CCS=0000000000000000 CCD=0000000000006e00 CCO=SUBB
EFER=0000000000000500
Servicing hardware INT=0x21
   156: v=21 e=0000 i=0 cpl=0 IP=0018:0000000000001cf9 pc=0000000000001cf9 SP=0010:0000000000067000 env->regs[R_EAX]=00000000000b8f14
RAX=00000000000b8f14 RBX=00000000000b8f0e RCX=000000000000000a RDX=0000000000006e00
RSI=0000000000000140 RDI=00000000009000a0 RBP=0000000000000000 RSP=0000000000067000
R8 =0000000080001808 R9 =0000000000000001 R10=000000000000000a R11=0000000000006e21
R12=0000000000007a1c R13=0000000000000000 R14=0000000000000000 R15=0000000000000004
RIP=0000000000001cf9 RFL=00000246 [---Z-P-] CPL=0 II=0 A20=1 SMM=0 HLT=0
ES =0010 0000000000000000 ffffffff 00cf9300 DPL=0 DS   [-WA]
CS =0018 0000000000000000 00000000 00209a00 DPL=0 CS64 [-R-]
SS =0010 0000000000000000 ffffffff 00cf9300 DPL=0 DS   [-WA]
DS =0010 0000000000000000 ffffffff 00cf9300 DPL=0 DS   [-WA]
FS =0010 0000000000000000 ffffffff 00cf9300 DPL=0 DS   [-WA]
GS =0010 0000000000000000 ffffffff 00cf9300 DPL=0 DS   [-WA]
LDT=0000 0000000000000000 0000ffff 00008200 DPL=0 LDT
TR =0000 0000000000000000 0000ffff 00008b00 DPL=0 TSS64-busy
GDT=     0000000000001058 0000001f
IDT=     0000000000080210 00000fff
CR0=e0000031 CR2=0000000000000000 CR3=0000000000070000 CR4=00000620
DR0=0000000000000000 DR1=0000000000000000 DR2=0000000000000000 DR3=0000000000000000 
DR6=00000000ffff0ff0 DR7=0000000000000400
CCS=0000000000000000 CCD=0000000000006e00 CCO=SUBB
EFER=0000000000000500
Servicing hardware INT=0x21
   157: v=21 e=0000 i=0 cpl=0 IP=0018:0000000000001cf9 pc=0000000000001cf9 SP=0010:0000000000067000 env->regs[R_EAX]=00000000000b8f14
RAX=00000000000b8f14 RBX=00000000000b8f0e RCX=000000000000000a RDX=0000000000006e00
RSI=0000000000000140 RDI=00000000009000a0 RBP=0000000000000000 RSP=0000000000067000
R8 =0000000080001808 R9 =0000000000000001 R10=000000000000000a R11=0000000000006e21
R12=0000000000007a1c R13=0000000000000000 R14=0000000000000000 R15=0000000000000004
RIP=0000000000001cf9 RFL=00000246 [---Z-P-] CPL=0 II=0 A20=1 SMM=0 HLT=0
ES =0010 0000000000000000 ffffffff 00cf9300 DPL=0 DS   [-WA]
CS =0018 0000000000000000 00000000 00209a00 DPL=0 CS64 [-R-]
SS =0010 0000000000000000 ffffffff 00cf9300 DPL=0 DS   [-WA]
DS =0010 0000000000000000 ffffffff 00cf9300 DPL=0 DS   [-WA]
FS =0010 0000000000000000 ffffffff 00cf9300 DPL=0 DS   [-WA]
GS =0010 0000000000000000 ffffffff 00cf9300 DPL=0 DS   [-WA]
LDT=0000 0000000000000000 0000ffff 00008200 DPL=0 LDT
TR =0000 0000000000000000 0000ffff 00008b00 DPL=0 TSS64-busy
GDT=     0000000000001058 0000001f
IDT=     0000000000080210 00000fff
CR0=e0000031 CR2=0000000000000000 CR3=0000000000070000 CR4=00000620
DR0=0000000000000000 DR1=0000000000000000 DR2=0000000000000000 DR3=0000000000000000 
DR6=00000000ffff0ff0 DR7=0000000000000400
CCS=0000000000000000 CCD=0000000000006e00 CCO=SUBB
EFER=0000000000000500
Servicing hardware INT=0x21
   158: v=21 e=0000 i=0 cpl=0 IP=0018:0000000000001cf9 pc=0000000000001cf9 SP=0010:0000000000067000 env->regs[R_EAX]=00000000000b8f14
RAX=00000000000b8f14 RBX=00000000000b8f0e RCX=000000000000000a RDX=0000000000006e00
RSI=0000000000000140 RDI=00000000009000a0 RBP=0000000000000000 RSP=0000000000067000
R8 =0000000080001808 R9 =0000000000000001 R10=000000000000000a R11=0000000000006e21
R12=0000000000007a1c R13=0000000000000000 R14=0000000000000000 R15=0000000000000004
RIP=0000000000001cf9 RFL=00000246 [---Z-P-] CPL=0 II=0 A20=1 SMM=0 HLT=0
ES =0010 0000000000000000 ffffffff 00cf9300 DPL=0 DS   [-WA]
CS =0018 0000000000000000 00000000 00209a00 DPL=0 CS64 [-R-]
SS =0010 0000000000000000 ffffffff 00cf9300 DPL=0 DS   [-WA]
DS =0010 0000000000000000 ffffffff 00cf9300 DPL=0 DS   [-WA]
FS =0010 0000000000000000 ffffffff 00cf9300 DPL=0 DS   [-WA]
GS =0010 0000000000000000 ffffffff 00cf9300 DPL=0 DS   [-WA]
LDT=0000 0000000000000000 0000ffff 00008200 DPL=0 LDT
TR =0000 0000000000000000 0000ffff 00008b00 DPL=0 TSS64-busy
GDT=     0000000000001058 0000001f
IDT=     0000000000080210 00000fff
CR0=e0000031 CR2=0000000000000000 CR3=0000000000070000 CR4=00000620
DR0=0000000000000000 DR1=0000000000000000 DR2=0000000000000000 DR3=0000000000000000 
DR6=00000000ffff0ff0 DR7=0000000000000400
CCS=0000000000000000 CCD=0000000000006e00 CCO=SUBB
EFER=0000000000000500
Servicing hardware INT=0x21
   159: v=21 e=0000 i=0 cpl=0 IP=0018:0000000000001cf9 pc=0000000000001cf9 SP=0010:0000000000067000 env->regs[R_EAX]=00000000000b8f14
RAX=00000000000b8f14 RBX=00000000000b8f0e RCX=000000000000000a RDX=0000000000006e00
RSI=0000000000000140 RDI=00000000009000a0 RBP=0000000000000000 RSP=0000000000067000
R8 =0000000080001808 R9 =0000000000000001 R10=000000000000000a R11=0000000000006e21
R12=0000000000007a1c R13=0000000000000000 R14=0000000000000000 R15=0000000000000004
RIP=0000000000001cf9 RFL=00000246 [---Z-P-] CPL=0 II=0 A20=1 SMM=0 HLT=0
ES =0010 0000000000000000 ffffffff 00cf9300 DPL=0 DS   [-WA]
CS =0018 0000000000000000 00000000 00209a00 DPL=0 CS64 [-R-]
SS =0010 0000000000000000 ffffffff 00cf9300 DPL=0 DS   [-WA]
DS =0010 0000000000000000 ffffffff 00cf9300 DPL=0 DS   [-WA]
FS =0010 0000000000000000 ffffffff 00cf9300 DPL=0 DS   [-WA]
GS =0010 0000000000000000 ffffffff 00cf9300 DPL=0 DS   [-WA]
LDT=0000 0000000000000000 0000ffff 00008200 DPL=0 LDT
TR =0000 0000000000000000 0000ffff 00008b00 DPL=0 TSS64-busy
GDT=     0000000000001058 0000001f
IDT=     0000000000080210 00000fff
CR0=e0000031 CR2=0000000000000000 CR3=0000000000070000 CR4=00000620
DR0=0000000000000000 DR1=0000000000000000 DR2=0000000000000000 DR3=0000000000000000 
DR6=00000000ffff0ff0 DR7=0000000000000400
CCS=0000000000000000 CCD=0000000000006e00 CCO=SUBB
EFER=0000000000000500
Servicing hardware INT=0x21
   160: v=21 e=0000 i=0 cpl=0 IP=0018:0000000000001cf9 pc=0000000000001cf9 SP=0010:0000000000067000 env->regs[R_EAX]=00000000000b8f14
RAX=00000000000b8f14 RBX=00000000000b8f0e RCX=000000000000000a RDX=0000000000006e00
RSI=0000000000000140 RDI=00000000009000a0 RBP=0000000000000000 RSP=0000000000067000
R8 =0000000080001808 R9 =0000000000000001 R10=000000000000000a R11=0000000000006e21
R12=0000000000007a1c R13=0000000000000000 R14=0000000000000000 R15=0000000000000004
RIP=0000000000001cf9 RFL=00000246 [---Z-P-] CPL=0 II=0 A20=1 SMM=0 HLT=0
ES =0010 0000000000000000 ffffffff 00cf9300 DPL=0 DS   [-WA]
CS =0018 0000000000000000 00000000 00209a00 DPL=0 CS64 [-R-]
SS =0010 0000000000000000 ffffffff 00cf9300 DPL=0 DS   [-WA]
DS =0010 0000000000000000 ffffffff 00cf9300 DPL=0 DS   [-WA]
FS =0010 0000000000000000 ffffffff 00cf9300 DPL=0 DS   [-WA]
GS =0010 0000000000000000 ffffffff 00cf9300 DPL=0 DS   [-WA]
LDT=0000 0000000000000000 0000ffff 00008200 DPL=0 LDT
TR =0000 0000000000000000 0000ffff 00008b00 DPL=0 TSS64-busy
GDT=     0000000000001058 0000001f
IDT=     0000000000080210 00000fff
CR0=e0000031 CR2=0000000000000000 CR3=0000000000070000 CR4=00000620
DR0=0000000000000000 DR1=0000000000000000 DR2=0000000000000000 DR3=0000000000000000 
DR6=00000000ffff0ff0 DR7=0000000000000400
CCS=0000000000000000 CCD=0000000000006e00 CCO=SUBB
EFER=0000000000000500
Servicing hardware INT=0x21
   161: v=21 e=0000 i=0 cpl=0 IP=0018:0000000000001cf9 pc=0000000000001cf9 SP=0010:0000000000067000 env->regs[R_EAX]=00000000000b8f0e
RAX=00000000000b8f0e RBX=00000000000b8f0e RCX=000000000000000a RDX=0000000000006e00
RSI=0000000000000140 RDI=00000000009001e0 RBP=0000000000000000 RSP=0000000000067000
R8 =0000000080001808 R9 =0000000000000001 R10=000000000000000a R11=0000000000006e21
R12=0000000000007a1c R13=0000000000000000 R14=0000000000000000 R15=0000000000000004
RIP=0000000000001cf9 RFL=00000246 [---Z-P-] CPL=0 II=0 A20=1 SMM=0 HLT=0
ES =0010 0000000000000000 ffffffff 00cf9300 DPL=0 DS   [-WA]
CS =0018 0000000000000000 00000000 00209a00 DPL=0 CS64 [-R-]
SS =0010 0000000000000000 ffffffff 00cf9300 DPL=0 DS   [-WA]
DS =0010 0000000000000000 ffffffff 00cf9300 DPL=0 DS   [-WA]
FS =0010 0000000000000000 ffffffff 00cf9300 DPL=0 DS   [-WA]
GS =0010 0000000000000000 ffffffff 00cf9300 DPL=0 DS   [-WA]
LDT=0000 0000000000000000 0000ffff 00008200 DPL=0 LDT
TR =0000 0000000000000000 0000ffff 00008b00 DPL=0 TSS64-busy
GDT=     0000000000001058 0000001f
IDT=     0000000000080210 00000fff
CR0=e0000031 CR2=0000000000000000 CR3=0000000000070000 CR4=00000620
DR0=0000000000000000 DR1=0000000000000000 DR2=0000000000000000 DR3=0000000000000000 
DR6=00000000ffff0ff0 DR7=0000000000000400
CCS=0000000000000000 CCD=0000000000006e00 CCO=SUBB
EFER=0000000000000500
Servicing hardware INT=0x21
   162: v=21 e=0000 i=0 cpl=0 IP=0018:0000000000001cf9 pc=0000000000001cf9 SP=0010:0000000000067000 env->regs[R_EAX]=00000000000b8f0e
RAX=00000000000b8f0e RBX=00000000000b8f0e RCX=000000000000000a RDX=0000000000006e00
RSI=0000000000000140 RDI=00000000009001e0 RBP=0000000000000000 RSP=0000000000067000
R8 =0000000080001808 R9 =0000000000000001 R10=000000000000000a R11=0000000000006e21
R12=0000000000007a1c R13=0000000000000000 R14=0000000000000000 R15=0000000000000004
RIP=0000000000001cf9 RFL=00000246 [---Z-P-] CPL=0 II=0 A20=1 SMM=0 HLT=0
ES =0010 0000000000000000 ffffffff 00cf9300 DPL=0 DS   [-WA]
CS =0018 0000000000000000 00000000 00209a00 DPL=0 CS64 [-R-]
SS =0010 0000000000000000 ffffffff 00cf9300 DPL=0 DS   [-WA]
DS =0010 0000000000000000 ffffffff 00cf9300 DPL=0 DS   [-WA]
FS =0010 0000000000000000 ffffffff 00cf9300 DPL=0 DS   [-WA]
GS =0010 0000000000000000 ffffffff 00cf9300 DPL=0 DS   [-WA]
LDT=0000 0000000000000000 0000ffff 00008200 DPL=0 LDT
TR =0000 0000000000000000 0000ffff 00008b00 DPL=0 TSS64-busy
GDT=     0000000000001058 0000001f
IDT=     0000000000080210 00000fff
CR0=e0000031 CR2=0000000000000000 CR3=0000000000070000 CR4=00000620
DR0=0000000000000000 DR1=0000000000000000 DR2=0000000000000000 DR3=0000000000000000 
DR6=00000000ffff0ff0 DR7=0000000000000400
CCS=0000000000000000 CCD=0000000000006e00 CCO=SUBB
EFER=0000000000000500
Servicing hardware INT=0x21
   163: v=21 e=0000 i=0 cpl=0 IP=0018:0000000000001cf9 pc=0000000000001cf9 SP=0010:0000000000067000 env->regs[R_EAX]=00000000000b8f10
RAX=00000000000b8f10 RBX=00000000000b8f0e RCX=000000000000000a RDX=0000000000006e00
RSI=0000000000000140 RDI=00000000009001e0 RBP=0000000000000000 RSP=0000000000067000
R8 =0000000080001808 R9 =0000000000000001 R10=000000000000000a R11=0000000000006e21
R12=0000000000007a1c R13=0000000000000000 R14=0000000000000000 R15=0000000000000004
RIP=0000000000001cf9 RFL=00000246 [---Z-P-] CPL=0 II=0 A20=1 SMM=0 HLT=0
ES =0010 0000000000000000 ffffffff 00cf9300 DPL=0 DS   [-WA]
CS =0018 0000000000000000 00000000 00209a00 DPL=0 CS64 [-R-]
SS =0010 0000000000000000 ffffffff 00cf9300 DPL=0 DS   [-WA]
DS =0010 0000000000000000 ffffffff 00cf9300 DPL=0 DS   [-WA]
FS =0010 0000000000000000 ffffffff 00cf9300 DPL=0 DS   [-WA]
GS =0010 0000000000000000 ffffffff 00cf9300 DPL=0 DS   [-WA]
LDT=0000 0000000000000000 0000ffff 00008200 DPL=0 LDT
TR =0000 0000000000000000 0000ffff 00008b00 DPL=0 TSS64-busy
GDT=     0000000000001058 0000001f
IDT=     0000000000080210 00000fff
CR0=e0000031 CR2=0000000000000000 CR3=0000000000070000 CR4=00000620
DR0=0000000000000000 DR1=0000000000000000 DR2=0000000000000000 DR3=0000000000000000 
DR6=00000000ffff0ff0 DR7=0000000000000400
CCS=0000000000000000 CCD=0000000000006e00 CCO=SUBB
EFER=0000000000000500
Servicing hardware INT=0x21
   164: v=21 e=0000 i=0 cpl=0 IP=0018:0000000000001cf9 pc=0000000000001cf9 SP=0010:0000000000067000 env->regs[R_EAX]=00000000000b8f10
RAX=00000000000b8f10 RBX=00000000000b8f0e RCX=000000000000000a RDX=0000000000006e00
RSI=0000000000000140 RDI=00000000009001e0 RBP=0000000000000000 RSP=0000000000067000
R8 =0000000080001808 R9 =0000000000000001 R10=000000000000000a R11=0000000000006e21
R12=0000000000007a1c R13=0000000000000000 R14=0000000000000000 R15=0000000000000004
RIP=0000000000001cf9 RFL=00000246 [---Z-P-] CPL=0 II=0 A20=1 SMM=0 HLT=0
ES =0010 0000000000000000 ffffffff 00cf9300 DPL=0 DS   [-WA]
CS =0018 0000000000000000 00000000 00209a00 DPL=0 CS64 [-R-]
SS =0010 0000000000000000 ffffffff 00cf9300 DPL=0 DS   [-WA]
DS =0010 0000000000000000 ffffffff 00cf9300 DPL=0 DS   [-WA]
FS =0010 0000000000000000 ffffffff 00cf9300 DPL=0 DS   [-WA]
GS =0010 0000000000000000 ffffffff 00cf9300 DPL=0 DS   [-WA]
LDT=0000 0000000000000000 0000ffff 00008200 DPL=0 LDT
TR =0000 0000000000000000 0000ffff 00008b00 DPL=0 TSS64-busy
GDT=     0000000000001058 0000001f
IDT=     0000000000080210 00000fff
CR0=e0000031 CR2=0000000000000000 CR3=0000000000070000 CR4=00000620
DR0=0000000000000000 DR1=0000000000000000 DR2=0000000000000000 DR3=0000000000000000 
DR6=00000000ffff0ff0 DR7=0000000000000400
CCS=0000000000000000 CCD=0000000000006e00 CCO=SUBB
EFER=0000000000000500
Servicing hardware INT=0x21
   165: v=21 e=0000 i=0 cpl=0 IP=0018:0000000000001cf9 pc=0000000000001cf9 SP=0010:0000000000067000 env->regs[R_EAX]=00000000000b8f12
RAX=00000000000b8f12 RBX=00000000000b8f0e RCX=000000000000000a RDX=0000000000006e00
RSI=0000000000000140 RDI=00000000009001e0 RBP=0000000000000000 RSP=0000000000067000
R8 =0000000080001808 R9 =0000000000000001 R10=000000000000000a R11=0000000000006e21
R12=0000000000007a1c R13=0000000000000000 R14=0000000000000000 R15=0000000000000004
RIP=0000000000001cf9 RFL=00000246 [---Z-P-] CPL=0 II=0 A20=1 SMM=0 HLT=0
ES =0010 0000000000000000 ffffffff 00cf9300 DPL=0 DS   [-WA]
CS =0018 0000000000000000 00000000 00209a00 DPL=0 CS64 [-R-]
SS =0010 0000000000000000 ffffffff 00cf9300 DPL=0 DS   [-WA]
DS =0010 0000000000000000 ffffffff 00cf9300 DPL=0 DS   [-WA]
FS =0010 0000000000000000 ffffffff 00cf9300 DPL=0 DS   [-WA]
GS =0010 0000000000000000 ffffffff 00cf9300 DPL=0 DS   [-WA]
LDT=0000 0000000000000000 0000ffff 00008200 DPL=0 LDT
TR =0000 0000000000000000 0000ffff 00008b00 DPL=0 TSS64-busy
GDT=     0000000000001058 0000001f
IDT=     0000000000080210 00000fff
CR0=e0000031 CR2=0000000000000000 CR3=0000000000070000 CR4=00000620
DR0=0000000000000000 DR1=0000000000000000 DR2=0000000000000000 DR3=0000000000000000 
DR6=00000000ffff0ff0 DR7=0000000000000400
CCS=0000000000000000 CCD=0000000000006e00 CCO=SUBB
EFER=0000000000000500
Servicing hardware INT=0x21
   166: v=21 e=0000 i=0 cpl=0 IP=0018:0000000000001cf9 pc=0000000000001cf9 SP=0010:0000000000067000 env->regs[R_EAX]=00000000000b8f12
RAX=00000000000b8f12 RBX=00000000000b8f0e RCX=000000000000000a RDX=0000000000006e00
RSI=0000000000000140 RDI=00000000009001e0 RBP=0000000000000000 RSP=0000000000067000
R8 =0000000080001808 R9 =0000000000000001 R10=000000000000000a R11=0000000000006e21
R12=0000000000007a1c R13=0000000000000000 R14=0000000000000000 R15=0000000000000004
RIP=0000000000001cf9 RFL=00000246 [---Z-P-] CPL=0 II=0 A20=1 SMM=0 HLT=0
ES =0010 0000000000000000 ffffffff 00cf9300 DPL=0 DS   [-WA]
CS =0018 0000000000000000 00000000 00209a00 DPL=0 CS64 [-R-]
SS =0010 0000000000000000 ffffffff 00cf9300 DPL=0 DS   [-WA]
DS =0010 0000000000000000 ffffffff 00cf9300 DPL=0 DS   [-WA]
FS =0010 0000000000000000 ffffffff 00cf9300 DPL=0 DS   [-WA]
GS =0010 0000000000000000 ffffffff 00cf9300 DPL=0 DS   [-WA]
LDT=0000 0000000000000000 0000ffff 00008200 DPL=0 LDT
TR =0000 0000000000000000 0000ffff 00008b00 DPL=0 TSS64-busy
GDT=     0000000000001058 0000001f
IDT=     0000000000080210 00000fff
CR0=e0000031 CR2=0000000000000000 CR3=0000000000070000 CR4=00000620
DR0=0000000000000000 DR1=0000000000000000 DR2=0000000000000000 DR3=0000000000000000 
DR6=00000000ffff0ff0 DR7=0000000000000400
CCS=0000000000000000 CCD=0000000000006e00 CCO=SUBB
EFER=0000000000000500
Servicing hardware INT=0x21
   167: v=21 e=0000 i=0 cpl=0 IP=0018:0000000000001cf9 pc=0000000000001cf9 SP=0010:0000000000067000 env->regs[R_EAX]=00000000000b8f14
RAX=00000000000b8f14 RBX=00000000000b8f0e RCX=000000000000000a RDX=0000000000006e00
RSI=0000000000000140 RDI=00000000009001e0 RBP=0000000000000000 RSP=0000000000067000
R8 =0000000080001808 R9 =0000000000000001 R10=000000000000000a R11=0000000000006e21
R12=0000000000007a1c R13=0000000000000000 R14=0000000000000000 R15=0000000000000004
RIP=0000000000001cf9 RFL=00000246 [---Z-P-] CPL=0 II=0 A20=1 SMM=0 HLT=0
ES =0010 0000000000000000 ffffffff 00cf9300 DPL=0 DS   [-WA]
CS =0018 0000000000000000 00000000 00209a00 DPL=0 CS64 [-R-]
SS =0010 0000000000000000 ffffffff 00cf9300 DPL=0 DS   [-WA]
DS =0010 0000000000000000 ffffffff 00cf9300 DPL=0 DS   [-WA]
FS =0010 0000000000000000 ffffffff 00cf9300 DPL=0 DS   [-WA]
GS =0010 0000000000000000 ffffffff 00cf9300 DPL=0 DS   [-WA]
LDT=0000 0000000000000000 0000ffff 00008200 DPL=0 LDT
TR =0000 0000000000000000 0000ffff 00008b00 DPL=0 TSS64-busy
GDT=     0000000000001058 0000001f
IDT=     0000000000080210 00000fff
CR0=e0000031 CR2=0000000000000000 CR3=0000000000070000 CR4=00000620
DR0=0000000000000000 DR1=0000000000000000 DR2=0000000000000000 DR3=0000000000000000 
DR6=00000000ffff0ff0 DR7=0000000000000400
CCS=0000000000000000 CCD=0000000000006e00 CCO=SUBB
EFER=0000000000000500
Servicing hardware INT=0x21
   168: v=21 e=0000 i=0 cpl=0 IP=0018:0000000000001cf9 pc=0000000000001cf9 SP=0010:0000000000067000 env->regs[R_EAX]=00000000000b8f14
RAX=00000000000b8f14 RBX=00000000000b8f0e RCX=000000000000000a RDX=0000000000006e00
RSI=0000000000000140 RDI=00000000009001e0 RBP=0000000000000000 RSP=0000000000067000
R8 =0000000080001808 R9 =0000000000000001 R10=000000000000000a R11=0000000000006e21
R12=0000000000007a1c R13=0000000000000000 R14=0000000000000000 R15=0000000000000004
RIP=0000000000001cf9 RFL=00000246 [---Z-P-] CPL=0 II=0 A20=1 SMM=0 HLT=0
ES =0010 0000000000000000 ffffffff 00cf9300 DPL=0 DS   [-WA]
CS =0018 0000000000000000 00000000 00209a00 DPL=0 CS64 [-R-]
SS =0010 0000000000000000 ffffffff 00cf9300 DPL=0 DS   [-WA]
DS =0010 0000000000000000 ffffffff 00cf9300 DPL=0 DS   [-WA]
FS =0010 0000000000000000 ffffffff 00cf9300 DPL=0 DS   [-WA]
GS =0010 0000000000000000 ffffffff 00cf9300 DPL=0 DS   [-WA]
LDT=0000 0000000000000000 0000ffff 00008200 DPL=0 LDT
TR =0000 0000000000000000 0000ffff 00008b00 DPL=0 TSS64-busy
GDT=     0000000000001058 0000001f
IDT=     0000000000080210 00000fff
CR0=e0000031 CR2=0000000000000000 CR3=0000000000070000 CR4=00000620
DR0=0000000000000000 DR1=0000000000000000 DR2=0000000000000000 DR3=0000000000000000 
DR6=00000000ffff0ff0 DR7=0000000000000400
CCS=0000000000000000 CCD=0000000000006e00 CCO=SUBB
EFER=0000000000000500
Servicing hardware INT=0x21
   169: v=21 e=0000 i=0 cpl=0 IP=0018:0000000000001cf9 pc=0000000000001cf9 SP=0010:0000000000067000 env->regs[R_EAX]=00000000000b8f16
RAX=00000000000b8f16 RBX=00000000000b8f0e RCX=000000000000000a RDX=0000000000006e00
RSI=0000000000000140 RDI=00000000009001e0 RBP=0000000000000000 RSP=0000000000067000
R8 =0000000080001808 R9 =0000000000000001 R10=000000000000000a R11=0000000000006e21
R12=0000000000007a1c R13=0000000000000000 R14=0000000000000000 R15=0000000000000004
RIP=0000000000001cf9 RFL=00000246 [---Z-P-] CPL=0 II=0 A20=1 SMM=0 HLT=0
ES =0010 0000000000000000 ffffffff 00cf9300 DPL=0 DS   [-WA]
CS =0018 0000000000000000 00000000 00209a00 DPL=0 CS64 [-R-]
SS =0010 0000000000000000 ffffffff 00cf9300 DPL=0 DS   [-WA]
DS =0010 0000000000000000 ffffffff 00cf9300 DPL=0 DS   [-WA]
FS =0010 0000000000000000 ffffffff 00cf9300 DPL=0 DS   [-WA]
GS =0010 0000000000000000 ffffffff 00cf9300 DPL=0 DS   [-WA]
LDT=0000 0000000000000000 0000ffff 00008200 DPL=0 LDT
TR =0000 0000000000000000 0000ffff 00008b00 DPL=0 TSS64-busy
GDT=     0000000000001058 0000001f
IDT=     0000000000080210 00000fff
CR0=e0000031 CR2=0000000000000000 CR3=0000000000070000 CR4=00000620
DR0=0000000000000000 DR1=0000000000000000 DR2=0000000000000000 DR3=0000000000000000 
DR6=00000000ffff0ff0 DR7=0000000000000400
CCS=0000000000000000 CCD=0000000000006e00 CCO=SUBB
EFER=0000000000000500
Servicing hardware INT=0x21
   170: v=21 e=0000 i=0 cpl=0 IP=0018:0000000000001cf9 pc=0000000000001cf9 SP=0010:0000000000067000 env->regs[R_EAX]=00000000000b8f16
RAX=00000000000b8f16 RBX=00000000000b8f0e RCX=000000000000000a RDX=0000000000006e00
RSI=0000000000000140 RDI=00000000009001e0 RBP=0000000000000000 RSP=0000000000067000
R8 =0000000080001808 R9 =0000000000000001 R10=000000000000000a R11=0000000000006e21
R12=0000000000007a1c R13=0000000000000000 R14=0000000000000000 R15=0000000000000004
RIP=0000000000001cf9 RFL=00000246 [---Z-P-] CPL=0 II=0 A20=1 SMM=0 HLT=0
ES =0010 0000000000000000 ffffffff 00cf9300 DPL=0 DS   [-WA]
CS =0018 0000000000000000 00000000 00209a00 DPL=0 CS64 [-R-]
SS =0010 0000000000000000 ffffffff 00cf9300 DPL=0 DS   [-WA]
DS =0010 0000000000000000 ffffffff 00cf9300 DPL=0 DS   [-WA]
FS =0010 0000000000000000 ffffffff 00cf9300 DPL=0 DS   [-WA]
GS =0010 0000000000000000 ffffffff 00cf9300 DPL=0 DS   [-WA]
LDT=0000 0000000000000000 0000ffff 00008200 DPL=0 LDT
TR =0000 0000000000000000 0000ffff 00008b00 DPL=0 TSS64-busy
GDT=     0000000000001058 0000001f
IDT=     0000000000080210 00000fff
CR0=e0000031 CR2=0000000000000000 CR3=0000000000070000 CR4=00000620
DR0=0000000000000000 DR1=0000000000000000 DR2=0000000000000000 DR3=0000000000000000 
DR6=00000000ffff0ff0 DR7=0000000000000400
CCS=0000000000000000 CCD=0000000000006e00 CCO=SUBB
EFER=0000000000000500
Servicing hardware INT=0x21
   171: v=21 e=0000 i=0 cpl=0 IP=0018:0000000000001cf9 pc=0000000000001cf9 SP=0010:0000000000067000 env->regs[R_EAX]=00000000000b8f18
RAX=00000000000b8f18 RBX=00000000000b8f0e RCX=000000000000000a RDX=0000000000006e00
RSI=0000000000000140 RDI=00000000009001e0 RBP=0000000000000000 RSP=0000000000067000
R8 =0000000080001808 R9 =0000000000000001 R10=000000000000000a R11=0000000000006e21
R12=0000000000007a1c R13=0000000000000000 R14=0000000000000000 R15=0000000000000004
RIP=0000000000001cf9 RFL=00000246 [---Z-P-] CPL=0 II=0 A20=1 SMM=0 HLT=0
ES =0010 0000000000000000 ffffffff 00cf9300 DPL=0 DS   [-WA]
CS =0018 0000000000000000 00000000 00209a00 DPL=0 CS64 [-R-]
SS =0010 0000000000000000 ffffffff 00cf9300 DPL=0 DS   [-WA]
DS =0010 0000000000000000 ffffffff 00cf9300 DPL=0 DS   [-WA]
FS =0010 0000000000000000 ffffffff 00cf9300 DPL=0 DS   [-WA]
GS =0010 0000000000000000 ffffffff 00cf9300 DPL=0 DS   [-WA]
LDT=0000 0000000000000000 0000ffff 00008200 DPL=0 LDT
TR =0000 0000000000000000 0000ffff 00008b00 DPL=0 TSS64-busy
GDT=     0000000000001058 0000001f
IDT=     0000000000080210 00000fff
CR0=e0000031 CR2=0000000000000000 CR3=0000000000070000 CR4=00000620
DR0=0000000000000000 DR1=0000000000000000 DR2=0000000000000000 DR3=0000000000000000 
DR6=00000000ffff0ff0 DR7=0000000000000400
CCS=0000000000000000 CCD=0000000000006e00 CCO=SUBB
EFER=0000000000000500
Servicing hardware INT=0x21
   172: v=21 e=0000 i=0 cpl=0 IP=0018:0000000000001cf9 pc=0000000000001cf9 SP=0010:0000000000067000 env->regs[R_EAX]=00000000000b8f18
RAX=00000000000b8f18 RBX=00000000000b8f0e RCX=000000000000000a RDX=0000000000006e00
RSI=0000000000000140 RDI=00000000009001e0 RBP=0000000000000000 RSP=0000000000067000
R8 =0000000080001808 R9 =0000000000000001 R10=000000000000000a R11=0000000000006e21
R12=0000000000007a1c R13=0000000000000000 R14=0000000000000000 R15=0000000000000004
RIP=0000000000001cf9 RFL=00000246 [---Z-P-] CPL=0 II=0 A20=1 SMM=0 HLT=0
ES =0010 0000000000000000 ffffffff 00cf9300 DPL=0 DS   [-WA]
CS =0018 0000000000000000 00000000 00209a00 DPL=0 CS64 [-R-]
SS =0010 0000000000000000 ffffffff 00cf9300 DPL=0 DS   [-WA]
DS =0010 0000000000000000 ffffffff 00cf9300 DPL=0 DS   [-WA]
FS =0010 0000000000000000 ffffffff 00cf9300 DPL=0 DS   [-WA]
GS =0010 0000000000000000 ffffffff 00cf9300 DPL=0 DS   [-WA]
LDT=0000 0000000000000000 0000ffff 00008200 DPL=0 LDT
TR =0000 0000000000000000 0000ffff 00008b00 DPL=0 TSS64-busy
GDT=     0000000000001058 0000001f
IDT=     0000000000080210 00000fff
CR0=e0000031 CR2=0000000000000000 CR3=0000000000070000 CR4=00000620
DR0=0000000000000000 DR1=0000000000000000 DR2=0000000000000000 DR3=0000000000000000 
DR6=00000000ffff0ff0 DR7=0000000000000400
CCS=0000000000000000 CCD=0000000000006e00 CCO=SUBB
EFER=0000000000000500
Servicing hardware INT=0x21
   173: v=21 e=0000 i=0 cpl=0 IP=0018:0000000000001cf9 pc=0000000000001cf9 SP=0010:0000000000067000 env->regs[R_EAX]=00000000000b8f1a
RAX=00000000000b8f1a RBX=00000000000b8f0e RCX=000000000000000a RDX=0000000000006e00
RSI=0000000000000140 RDI=00000000009001e0 RBP=0000000000000000 RSP=0000000000067000
R8 =0000000080001808 R9 =0000000000000001 R10=000000000000000a R11=0000000000006e21
R12=0000000000007a1c R13=0000000000000000 R14=0000000000000000 R15=0000000000000004
RIP=0000000000001cf9 RFL=00000246 [---Z-P-] CPL=0 II=0 A20=1 SMM=0 HLT=0
ES =0010 0000000000000000 ffffffff 00cf9300 DPL=0 DS   [-WA]
CS =0018 0000000000000000 00000000 00209a00 DPL=0 CS64 [-R-]
SS =0010 0000000000000000 ffffffff 00cf9300 DPL=0 DS   [-WA]
DS =0010 0000000000000000 ffffffff 00cf9300 DPL=0 DS   [-WA]
FS =0010 0000000000000000 ffffffff 00cf9300 DPL=0 DS   [-WA]
GS =0010 0000000000000000 ffffffff 00cf9300 DPL=0 DS   [-WA]
LDT=0000 0000000000000000 0000ffff 00008200 DPL=0 LDT
TR =0000 0000000000000000 0000ffff 00008b00 DPL=0 TSS64-busy
GDT=     0000000000001058 0000001f
IDT=     0000000000080210 00000fff
CR0=e0000031 CR2=0000000000000000 CR3=0000000000070000 CR4=00000620
DR0=0000000000000000 DR1=0000000000000000 DR2=0000000000000000 DR3=0000000000000000 
DR6=00000000ffff0ff0 DR7=0000000000000400
CCS=0000000000000000 CCD=0000000000006e00 CCO=SUBB
EFER=0000000000000500
Servicing hardware INT=0x21
   174: v=21 e=0000 i=0 cpl=0 IP=0018:0000000000001cf9 pc=0000000000001cf9 SP=0010:0000000000067000 env->regs[R_EAX]=00000000000b8f1a
RAX=00000000000b8f1a RBX=00000000000b8f0e RCX=000000000000000a RDX=0000000000006e00
RSI=0000000000000140 RDI=00000000009001e0 RBP=0000000000000000 RSP=0000000000067000
R8 =0000000080001808 R9 =0000000000000001 R10=000000000000000a R11=0000000000006e21
R12=0000000000007a1c R13=0000000000000000 R14=0000000000000000 R15=0000000000000004
RIP=0000000000001cf9 RFL=00000246 [---Z-P-] CPL=0 II=0 A20=1 SMM=0 HLT=0
ES =0010 0000000000000000 ffffffff 00cf9300 DPL=0 DS   [-WA]
CS =0018 0000000000000000 00000000 00209a00 DPL=0 CS64 [-R-]
SS =0010 0000000000000000 ffffffff 00cf9300 DPL=0 DS   [-WA]
DS =0010 0000000000000000 ffffffff 00cf9300 DPL=0 DS   [-WA]
FS =0010 0000000000000000 ffffffff 00cf9300 DPL=0 DS   [-WA]
GS =0010 0000000000000000 ffffffff 00cf9300 DPL=0 DS   [-WA]
LDT=0000 0000000000000000 0000ffff 00008200 DPL=0 LDT
TR =0000 0000000000000000 0000ffff 00008b00 DPL=0 TSS64-busy
GDT=     0000000000001058 0000001f
IDT=     0000000000080210 00000fff
CR0=e0000031 CR2=0000000000000000 CR3=0000000000070000 CR4=00000620
DR0=0000000000000000 DR1=0000000000000000 DR2=0000000000000000 DR3=0000000000000000 
DR6=00000000ffff0ff0 DR7=0000000000000400
CCS=0000000000000000 CCD=0000000000006e00 CCO=SUBB
EFER=0000000000000500
Servicing hardware INT=0x21
   175: v=21 e=0000 i=0 cpl=0 IP=0018:0000000000001cf9 pc=0000000000001cf9 SP=0010:0000000000067000 env->regs[R_EAX]=00000000000b8f1c
RAX=00000000000b8f1c RBX=00000000000b8f0e RCX=000000000000000a RDX=0000000000006e00
RSI=0000000000000140 RDI=00000000009001e0 RBP=0000000000000000 RSP=0000000000067000
R8 =0000000080001808 R9 =0000000000000001 R10=000000000000000a R11=0000000000006e21
R12=0000000000007a1c R13=0000000000000000 R14=0000000000000000 R15=0000000000000004
RIP=0000000000001cf9 RFL=00000246 [---Z-P-] CPL=0 II=0 A20=1 SMM=0 HLT=0
ES =0010 0000000000000000 ffffffff 00cf9300 DPL=0 DS   [-WA]
CS =0018 0000000000000000 00000000 00209a00 DPL=0 CS64 [-R-]
SS =0010 0000000000000000 ffffffff 00cf9300 DPL=0 DS   [-WA]
DS =0010 0000000000000000 ffffffff 00cf9300 DPL=0 DS   [-WA]
FS =0010 0000000000000000 ffffffff 00cf9300 DPL=0 DS   [-WA]
GS =0010 0000000000000000 ffffffff 00cf9300 DPL=0 DS   [-WA]
LDT=0000 0000000000000000 0000ffff 00008200 DPL=0 LDT
TR =0000 0000000000000000 0000ffff 00008b00 DPL=0 TSS64-busy
GDT=     0000000000001058 0000001f
IDT=     0000000000080210 00000fff
CR0=e0000031 CR2=0000000000000000 CR3=0000000000070000 CR4=00000620
DR0=0000000000000000 DR1=0000000000000000 DR2=0000000000000000 DR3=0000000000000000 
DR6=00000000ffff0ff0 DR7=0000000000000400
CCS=0000000000000000 CCD=0000000000006e00 CCO=SUBB
EFER=0000000000000500
Servicing hardware INT=0x21
   176: v=21 e=0000 i=0 cpl=0 IP=0018:0000000000001cf9 pc=0000000000001cf9 SP=0010:0000000000067000 env->regs[R_EAX]=00000000000b8f1c
RAX=00000000000b8f1c RBX=00000000000b8f0e RCX=000000000000000a RDX=0000000000006e00
RSI=0000000000000140 RDI=00000000009001e0 RBP=0000000000000000 RSP=0000000000067000
R8 =0000000080001808 R9 =0000000000000001 R10=000000000000000a R11=0000000000006e21
R12=0000000000007a1c R13=0000000000000000 R14=0000000000000000 R15=0000000000000004
RIP=0000000000001cf9 RFL=00000246 [---Z-P-] CPL=0 II=0 A20=1 SMM=0 HLT=0
ES =0010 0000000000000000 ffffffff 00cf9300 DPL=0 DS   [-WA]
CS =0018 0000000000000000 00000000 00209a00 DPL=0 CS64 [-R-]
SS =0010 0000000000000000 ffffffff 00cf9300 DPL=0 DS   [-WA]
DS =0010 0000000000000000 ffffffff 00cf9300 DPL=0 DS   [-WA]
FS =0010 0000000000000000 ffffffff 00cf9300 DPL=0 DS   [-WA]
GS =0010 0000000000000000 ffffffff 00cf9300 DPL=0 DS   [-WA]
LDT=0000 0000000000000000 0000ffff 00008200 DPL=0 LDT
TR =0000 0000000000000000 0000ffff 00008b00 DPL=0 TSS64-busy
GDT=     0000000000001058 0000001f
IDT=     0000000000080210 00000fff
CR0=e0000031 CR2=0000000000000000 CR3=0000000000070000 CR4=00000620
DR0=0000000000000000 DR1=0000000000000000 DR2=0000000000000000 DR3=0000000000000000 
DR6=00000000ffff0ff0 DR7=0000000000000400
CCS=0000000000000000 CCD=0000000000006e00 CCO=SUBB
EFER=0000000000000500
Servicing hardware INT=0x21
   177: v=21 e=0000 i=0 cpl=0 IP=0018:0000000000001cf9 pc=0000000000001cf9 SP=0010:0000000000067000 env->regs[R_EAX]=00000000000b8f1c
RAX=00000000000b8f1c RBX=00000000000b8f0e RCX=000000000000000a RDX=0000000000006e00
RSI=0000000000000140 RDI=00000000009001e0 RBP=0000000000000000 RSP=0000000000067000
R8 =0000000080001808 R9 =0000000000000001 R10=000000000000000a R11=0000000000006e21
R12=0000000000007a1c R13=0000000000000000 R14=0000000000000000 R15=0000000000000004
RIP=0000000000001cf9 RFL=00010246 [---Z-P-] CPL=0 II=0 A20=1 SMM=0 HLT=0
ES =0010 0000000000000000 ffffffff 00cf9300 DPL=0 DS   [-WA]
CS =0018 0000000000000000 00000000 00209a00 DPL=0 CS64 [-R-]
SS =0010 0000000000000000 ffffffff 00cf9300 DPL=0 DS   [-WA]
DS =0010 0000000000000000 ffffffff 00cf9300 DPL=0 DS   [-WA]
FS =0010 0000000000000000 ffffffff 00cf9300 DPL=0 DS   [-WA]
GS =0010 0000000000000000 ffffffff 00cf9300 DPL=0 DS   [-WA]
LDT=0000 0000000000000000 0000ffff 00008200 DPL=0 LDT
TR =0000 0000000000000000 0000ffff 00008b00 DPL=0 TSS64-busy
GDT=     0000000000001058 0000001f
IDT=     0000000000080210 00000fff
CR0=e0000031 CR2=0000000000000000 CR3=0000000000070000 CR4=00000620
DR0=0000000000000000 DR1=0000000000000000 DR2=0000000000000000 DR3=0000000000000000 
DR6=00000000ffff0ff0 DR7=0000000000000400
CCS=0000000000000044 CCD=0000000000000032 CCO=EFLAGS
EFER=0000000000000500
Servicing hardware INT=0x21
   178: v=21 e=0000 i=0 cpl=0 IP=0018:0000000000001cf9 pc=0000000000001cf9 SP=0010:0000000000067000 env->regs[R_EAX]=00000000000b8f1e
RAX=00000000000b8f1e RBX=00000000000b8f0e RCX=000000000000000a RDX=0000000000006e00
RSI=0000000000000140 RDI=00000000009001e0 RBP=0000000000000000 RSP=0000000000067000
R8 =0000000080001808 R9 =0000000000000001 R10=000000000000000a R11=0000000000006e21
R12=0000000000007a1c R13=0000000000000000 R14=0000000000000000 R15=0000000000000004
RIP=0000000000001cf9 RFL=00000246 [---Z-P-] CPL=0 II=0 A20=1 SMM=0 HLT=0
ES =0010 0000000000000000 ffffffff 00cf9300 DPL=0 DS   [-WA]
CS =0018 0000000000000000 00000000 00209a00 DPL=0 CS64 [-R-]
SS =0010 0000000000000000 ffffffff 00cf9300 DPL=0 DS   [-WA]
DS =0010 0000000000000000 ffffffff 00cf9300 DPL=0 DS   [-WA]
FS =0010 0000000000000000 ffffffff 00cf9300 DPL=0 DS   [-WA]
GS =0010 0000000000000000 ffffffff 00cf9300 DPL=0 DS   [-WA]
LDT=0000 0000000000000000 0000ffff 00008200 DPL=0 LDT
TR =0000 0000000000000000 0000ffff 00008b00 DPL=0 TSS64-busy
GDT=     0000000000001058 0000001f
IDT=     0000000000080210 00000fff
CR0=e0000031 CR2=0000000000000000 CR3=0000000000070000 CR4=00000620
DR0=0000000000000000 DR1=0000000000000000 DR2=0000000000000000 DR3=0000000000000000 
DR6=00000000ffff0ff0 DR7=0000000000000400
CCS=0000000000000000 CCD=0000000000006e00 CCO=SUBB
EFER=0000000000000500
Servicing hardware INT=0x21
   179: v=21 e=0000 i=0 cpl=0 IP=0018:0000000000001cf9 pc=0000000000001cf9 SP=0010:0000000000067000 env->regs[R_EAX]=00000000000b8f20
RAX=00000000000b8f20 RBX=00000000000b8f0e RCX=000000000000000a RDX=0000000000006e00
RSI=0000000000000140 RDI=00000000009001e0 RBP=0000000000000000 RSP=0000000000067000
R8 =0000000080001808 R9 =0000000000000001 R10=000000000000000a R11=0000000000006e21
R12=0000000000007a1c R13=0000000000000000 R14=0000000000000000 R15=0000000000000004
RIP=0000000000001cf9 RFL=00000246 [---Z-P-] CPL=0 II=0 A20=1 SMM=0 HLT=0
ES =0010 0000000000000000 ffffffff 00cf9300 DPL=0 DS   [-WA]
CS =0018 0000000000000000 00000000 00209a00 DPL=0 CS64 [-R-]
SS =0010 0000000000000000 ffffffff 00cf9300 DPL=0 DS   [-WA]
DS =0010 0000000000000000 ffffffff 00cf9300 DPL=0 DS   [-WA]
FS =0010 0000000000000000 ffffffff 00cf9300 DPL=0 DS   [-WA]
GS =0010 0000000000000000 ffffffff 00cf9300 DPL=0 DS   [-WA]
LDT=0000 0000000000000000 0000ffff 00008200 DPL=0 LDT
TR =0000 0000000000000000 0000ffff 00008b00 DPL=0 TSS64-busy
GDT=     0000000000001058 0000001f
IDT=     0000000000080210 00000fff
CR0=e0000031 CR2=0000000000000000 CR3=0000000000070000 CR4=00000620
DR0=0000000000000000 DR1=0000000000000000 DR2=0000000000000000 DR3=0000000000000000 
DR6=00000000ffff0ff0 DR7=0000000000000400
CCS=0000000000000000 CCD=0000000000006e00 CCO=SUBB
EFER=0000000000000500
Servicing hardware INT=0x21
   180: v=21 e=0000 i=0 cpl=0 IP=0018:0000000000001cf9 pc=0000000000001cf9 SP=0010:0000000000067000 env->regs[R_EAX]=00000000000b8f20
RAX=00000000000b8f20 RBX=00000000000b8f0e RCX=000000000000000a RDX=0000000000006e00
RSI=0000000000000140 RDI=00000000009001e0 RBP=0000000000000000 RSP=0000000000067000
R8 =0000000080001808 R9 =0000000000000001 R10=000000000000000a R11=0000000000006e21
R12=0000000000007a1c R13=0000000000000000 R14=0000000000000000 R15=0000000000000004
RIP=0000000000001cf9 RFL=00000246 [---Z-P-] CPL=0 II=0 A20=1 SMM=0 HLT=0
ES =0010 0000000000000000 ffffffff 00cf9300 DPL=0 DS   [-WA]
CS =0018 0000000000000000 00000000 00209a00 DPL=0 CS64 [-R-]
SS =0010 0000000000000000 ffffffff 00cf9300 DPL=0 DS   [-WA]
DS =0010 0000000000000000 ffffffff 00cf9300 DPL=0 DS   [-WA]
FS =0010 0000000000000000 ffffffff 00cf9300 DPL=0 DS   [-WA]
GS =0010 0000000000000000 ffffffff 00cf9300 DPL=0 DS   [-WA]
LDT=0000 0000000000000000 0000ffff 00008200 DPL=0 LDT
TR =0000 0000000000000000 0000ffff 00008b00 DPL=0 TSS64-busy
GDT=     0000000000001058 0000001f
IDT=     0000000000080210 00000fff
CR0=e0000031 CR2=0000000000000000 CR3=0000000000070000 CR4=00000620
DR0=0000000000000000 DR1=0000000000000000 DR2=0000000000000000 DR3=0000000000000000 
DR6=00000000ffff0ff0 DR7=0000000000000400
CCS=0000000000000000 CCD=0000000000006e00 CCO=SUBB
EFER=0000000000000500
Servicing hardware INT=0x21
   181: v=21 e=0000 i=0 cpl=0 IP=0018:0000000000001cf9 pc=0000000000001cf9 SP=0010:0000000000067000 env->regs[R_EAX]=00000000000b8f20
RAX=00000000000b8f20 RBX=00000000000b8f0e RCX=000000000000000a RDX=0000000000006e00
RSI=0000000000000140 RDI=00000000009001e0 RBP=0000000000000000 RSP=0000000000067000
R8 =0000000080001808 R9 =0000000000000001 R10=000000000000000a R11=0000000000006e21
R12=0000000000007a1c R13=0000000000000000 R14=0000000000000000 R15=0000000000000004
RIP=0000000000001cf9 RFL=00010246 [---Z-P-] CPL=0 II=0 A20=1 SMM=0 HLT=0
ES =0010 0000000000000000 ffffffff 00cf9300 DPL=0 DS   [-WA]
CS =0018 0000000000000000 00000000 00209a00 DPL=0 CS64 [-R-]
SS =0010 0000000000000000 ffffffff 00cf9300 DPL=0 DS   [-WA]
DS =0010 0000000000000000 ffffffff 00cf9300 DPL=0 DS   [-WA]
FS =0010 0000000000000000 ffffffff 00cf9300 DPL=0 DS   [-WA]
GS =0010 0000000000000000 ffffffff 00cf9300 DPL=0 DS   [-WA]
LDT=0000 0000000000000000 0000ffff 00008200 DPL=0 LDT
TR =0000 0000000000000000 0000ffff 00008b00 DPL=0 TSS64-busy
GDT=     0000000000001058 0000001f
IDT=     0000000000080210 00000fff
CR0=e0000031 CR2=0000000000000000 CR3=0000000000070000 CR4=00000620
DR0=0000000000000000 DR1=0000000000000000 DR2=0000000000000000 DR3=0000000000000000 
DR6=00000000ffff0ff0 DR7=0000000000000400
CCS=0000000000000044 CCD=0000000000000032 CCO=EFLAGS
EFER=0000000000000500
Servicing hardware INT=0x21
   182: v=21 e=0000 i=0 cpl=0 IP=0018:0000000000001cf9 pc=0000000000001cf9 SP=0010:0000000000067000 env->regs[R_EAX]=00000000000b8f22
RAX=00000000000b8f22 RBX=00000000000b8f0e RCX=000000000000000a RDX=0000000000006e00
RSI=0000000000000140 RDI=00000000009001e0 RBP=0000000000000000 RSP=0000000000067000
R8 =0000000080001808 R9 =0000000000000001 R10=000000000000000a R11=0000000000006e21
R12=0000000000007a1c R13=0000000000000000 R14=0000000000000000 R15=0000000000000004
RIP=0000000000001cf9 RFL=00000246 [---Z-P-] CPL=0 II=0 A20=1 SMM=0 HLT=0
ES =0010 0000000000000000 ffffffff 00cf9300 DPL=0 DS   [-WA]
CS =0018 0000000000000000 00000000 00209a00 DPL=0 CS64 [-R-]
SS =0010 0000000000000000 ffffffff 00cf9300 DPL=0 DS   [-WA]
DS =0010 0000000000000000 ffffffff 00cf9300 DPL=0 DS   [-WA]
FS =0010 0000000000000000 ffffffff 00cf9300 DPL=0 DS   [-WA]
GS =0010 0000000000000000 ffffffff 00cf9300 DPL=0 DS   [-WA]
LDT=0000 0000000000000000 0000ffff 00008200 DPL=0 LDT
TR =0000 0000000000000000 0000ffff 00008b00 DPL=0 TSS64-busy
GDT=     0000000000001058 0000001f
IDT=     0000000000080210 00000fff
CR0=e0000031 CR2=0000000000000000 CR3=0000000000070000 CR4=00000620
DR0=0000000000000000 DR1=0000000000000000 DR2=0000000000000000 DR3=0000000000000000 
DR6=00000000ffff0ff0 DR7=0000000000000400
CCS=0000000000000000 CCD=0000000000006e00 CCO=SUBB
EFER=0000000000000500
Servicing hardware INT=0x21
   183: v=21 e=0000 i=0 cpl=0 IP=0018:0000000000001cf9 pc=0000000000001cf9 SP=0010:0000000000067000 env->regs[R_EAX]=00000000000b8f24
RAX=00000000000b8f24 RBX=00000000000b8f0e RCX=000000000000000a RDX=0000000000006e00
RSI=0000000000000140 RDI=00000000009001e0 RBP=0000000000000000 RSP=0000000000067000
R8 =0000000080001808 R9 =0000000000000001 R10=000000000000000a R11=0000000000006e21
R12=0000000000007a1c R13=0000000000000000 R14=0000000000000000 R15=0000000000000004
RIP=0000000000001cf9 RFL=00000246 [---Z-P-] CPL=0 II=0 A20=1 SMM=0 HLT=0
ES =0010 0000000000000000 ffffffff 00cf9300 DPL=0 DS   [-WA]
CS =0018 0000000000000000 00000000 00209a00 DPL=0 CS64 [-R-]
SS =0010 0000000000000000 ffffffff 00cf9300 DPL=0 DS   [-WA]
DS =0010 0000000000000000 ffffffff 00cf9300 DPL=0 DS   [-WA]
FS =0010 0000000000000000 ffffffff 00cf9300 DPL=0 DS   [-WA]
GS =0010 0000000000000000 ffffffff 00cf9300 DPL=0 DS   [-WA]
LDT=0000 0000000000000000 0000ffff 00008200 DPL=0 LDT
TR =0000 0000000000000000 0000ffff 00008b00 DPL=0 TSS64-busy
GDT=     0000000000001058 0000001f
IDT=     0000000000080210 00000fff
CR0=e0000031 CR2=0000000000000000 CR3=0000000000070000 CR4=00000620
DR0=0000000000000000 DR1=0000000000000000 DR2=0000000000000000 DR3=0000000000000000 
DR6=00000000ffff0ff0 DR7=0000000000000400
CCS=0000000000000000 CCD=0000000000006e00 CCO=SUBB
EFER=0000000000000500
Servicing hardware INT=0x21
   184: v=21 e=0000 i=0 cpl=0 IP=0018:0000000000001cf9 pc=0000000000001cf9 SP=0010:0000000000067000 env->regs[R_EAX]=00000000000b8f24
RAX=00000000000b8f24 RBX=00000000000b8f0e RCX=000000000000000a RDX=0000000000006e00
RSI=0000000000000140 RDI=00000000009001e0 RBP=0000000000000000 RSP=0000000000067000
R8 =0000000080001808 R9 =0000000000000001 R10=000000000000000a R11=0000000000006e21
R12=0000000000007a1c R13=0000000000000000 R14=0000000000000000 R15=0000000000000004
RIP=0000000000001cf9 RFL=00000246 [---Z-P-] CPL=0 II=0 A20=1 SMM=0 HLT=0
ES =0010 0000000000000000 ffffffff 00cf9300 DPL=0 DS   [-WA]
CS =0018 0000000000000000 00000000 00209a00 DPL=0 CS64 [-R-]
SS =0010 0000000000000000 ffffffff 00cf9300 DPL=0 DS   [-WA]
DS =0010 0000000000000000 ffffffff 00cf9300 DPL=0 DS   [-WA]
FS =0010 0000000000000000 ffffffff 00cf9300 DPL=0 DS   [-WA]
GS =0010 0000000000000000 ffffffff 00cf9300 DPL=0 DS   [-WA]
LDT=0000 0000000000000000 0000ffff 00008200 DPL=0 LDT
TR =0000 0000000000000000 0000ffff 00008b00 DPL=0 TSS64-busy
GDT=     0000000000001058 0000001f
IDT=     0000000000080210 00000fff
CR0=e0000031 CR2=0000000000000000 CR3=0000000000070000 CR4=00000620
DR0=0000000000000000 DR1=0000000000000000 DR2=0000000000000000 DR3=0000000000000000 
DR6=00000000ffff0ff0 DR7=0000000000000400
CCS=0000000000000000 CCD=0000000000006e00 CCO=SUBB
EFER=0000000000000500
Servicing hardware INT=0x21
   185: v=21 e=0000 i=0 cpl=0 IP=0018:0000000000001cf9 pc=0000000000001cf9 SP=0010:0000000000067000 env->regs[R_EAX]=00000000000b8f26
RAX=00000000000b8f26 RBX=00000000000b8f0e RCX=000000000000000a RDX=0000000000006e00
RSI=0000000000000140 RDI=00000000009001e0 RBP=0000000000000000 RSP=0000000000067000
R8 =0000000080001808 R9 =0000000000000001 R10=000000000000000a R11=0000000000006e21
R12=0000000000007a1c R13=0000000000000000 R14=0000000000000000 R15=0000000000000004
RIP=0000000000001cf9 RFL=00000246 [---Z-P-] CPL=0 II=0 A20=1 SMM=0 HLT=0
ES =0010 0000000000000000 ffffffff 00cf9300 DPL=0 DS   [-WA]
CS =0018 0000000000000000 00000000 00209a00 DPL=0 CS64 [-R-]
SS =0010 0000000000000000 ffffffff 00cf9300 DPL=0 DS   [-WA]
DS =0010 0000000000000000 ffffffff 00cf9300 DPL=0 DS   [-WA]
FS =0010 0000000000000000 ffffffff 00cf9300 DPL=0 DS   [-WA]
GS =0010 0000000000000000 ffffffff 00cf9300 DPL=0 DS   [-WA]
LDT=0000 0000000000000000 0000ffff 00008200 DPL=0 LDT
TR =0000 0000000000000000 0000ffff 00008b00 DPL=0 TSS64-busy
GDT=     0000000000001058 0000001f
IDT=     0000000000080210 00000fff
CR0=e0000031 CR2=0000000000000000 CR3=0000000000070000 CR4=00000620
DR0=0000000000000000 DR1=0000000000000000 DR2=0000000000000000 DR3=0000000000000000 
DR6=00000000ffff0ff0 DR7=0000000000000400
CCS=0000000000000000 CCD=0000000000006e00 CCO=SUBB
EFER=0000000000000500
Servicing hardware INT=0x21
   186: v=21 e=0000 i=0 cpl=0 IP=0018:0000000000001cf9 pc=0000000000001cf9 SP=0010:0000000000067000 env->regs[R_EAX]=00000000000b8f26
RAX=00000000000b8f26 RBX=00000000000b8f0e RCX=000000000000000a RDX=0000000000006e00
RSI=0000000000000140 RDI=00000000009001e0 RBP=0000000000000000 RSP=0000000000067000
R8 =0000000080001808 R9 =0000000000000001 R10=000000000000000a R11=0000000000006e21
R12=0000000000007a1c R13=0000000000000000 R14=0000000000000000 R15=0000000000000004
RIP=0000000000001cf9 RFL=00000246 [---Z-P-] CPL=0 II=0 A20=1 SMM=0 HLT=0
ES =0010 0000000000000000 ffffffff 00cf9300 DPL=0 DS   [-WA]
CS =0018 0000000000000000 00000000 00209a00 DPL=0 CS64 [-R-]
SS =0010 0000000000000000 ffffffff 00cf9300 DPL=0 DS   [-WA]
DS =0010 0000000000000000 ffffffff 00cf9300 DPL=0 DS   [-WA]
FS =0010 0000000000000000 ffffffff 00cf9300 DPL=0 DS   [-WA]
GS =0010 0000000000000000 ffffffff 00cf9300 DPL=0 DS   [-WA]
LDT=0000 0000000000000000 0000ffff 00008200 DPL=0 LDT
TR =0000 0000000000000000 0000ffff 00008b00 DPL=0 TSS64-busy
GDT=     0000000000001058 0000001f
IDT=     0000000000080210 00000fff
CR0=e0000031 CR2=0000000000000000 CR3=0000000000070000 CR4=00000620
DR0=0000000000000000 DR1=0000000000000000 DR2=0000000000000000 DR3=0000000000000000 
DR6=00000000ffff0ff0 DR7=0000000000000400
CCS=0000000000000000 CCD=0000000000006e00 CCO=SUBB
EFER=0000000000000500
Servicing hardware INT=0x21
   187: v=21 e=0000 i=0 cpl=0 IP=0018:0000000000001cf9 pc=0000000000001cf9 SP=0010:0000000000067000 env->regs[R_EAX]=00000000000b8f28
RAX=00000000000b8f28 RBX=00000000000b8f0e RCX=000000000000000a RDX=0000000000006e00
RSI=0000000000000140 RDI=00000000009001e0 RBP=0000000000000000 RSP=0000000000067000
R8 =0000000080001808 R9 =0000000000000001 R10=000000000000000a R11=0000000000006e21
R12=0000000000007a1c R13=0000000000000000 R14=0000000000000000 R15=0000000000000004
RIP=0000000000001cf9 RFL=00000246 [---Z-P-] CPL=0 II=0 A20=1 SMM=0 HLT=0
ES =0010 0000000000000000 ffffffff 00cf9300 DPL=0 DS   [-WA]
CS =0018 0000000000000000 00000000 00209a00 DPL=0 CS64 [-R-]
SS =0010 0000000000000000 ffffffff 00cf9300 DPL=0 DS   [-WA]
DS =0010 0000000000000000 ffffffff 00cf9300 DPL=0 DS   [-WA]
FS =0010 0000000000000000 ffffffff 00cf9300 DPL=0 DS   [-WA]
GS =0010 0000000000000000 ffffffff 00cf9300 DPL=0 DS   [-WA]
LDT=0000 0000000000000000 0000ffff 00008200 DPL=0 LDT
TR =0000 0000000000000000 0000ffff 00008b00 DPL=0 TSS64-busy
GDT=     0000000000001058 0000001f
IDT=     0000000000080210 00000fff
CR0=e0000031 CR2=0000000000000000 CR3=0000000000070000 CR4=00000620
DR0=0000000000000000 DR1=0000000000000000 DR2=0000000000000000 DR3=0000000000000000 
DR6=00000000ffff0ff0 DR7=0000000000000400
CCS=0000000000000000 CCD=0000000000006e00 CCO=SUBB
EFER=0000000000000500
Servicing hardware INT=0x21
   188: v=21 e=0000 i=0 cpl=0 IP=0018:0000000000001cf9 pc=0000000000001cf9 SP=0010:0000000000067000 env->regs[R_EAX]=00000000000b8f28
RAX=00000000000b8f28 RBX=00000000000b8f0e RCX=000000000000000a RDX=0000000000006e00
RSI=0000000000000140 RDI=00000000009001e0 RBP=0000000000000000 RSP=0000000000067000
R8 =0000000080001808 R9 =0000000000000001 R10=000000000000000a R11=0000000000006e21
R12=0000000000007a1c R13=0000000000000000 R14=0000000000000000 R15=0000000000000004
RIP=0000000000001cf9 RFL=00000246 [---Z-P-] CPL=0 II=0 A20=1 SMM=0 HLT=0
ES =0010 0000000000000000 ffffffff 00cf9300 DPL=0 DS   [-WA]
CS =0018 0000000000000000 00000000 00209a00 DPL=0 CS64 [-R-]
SS =0010 0000000000000000 ffffffff 00cf9300 DPL=0 DS   [-WA]
DS =0010 0000000000000000 ffffffff 00cf9300 DPL=0 DS   [-WA]
FS =0010 0000000000000000 ffffffff 00cf9300 DPL=0 DS   [-WA]
GS =0010 0000000000000000 ffffffff 00cf9300 DPL=0 DS   [-WA]
LDT=0000 0000000000000000 0000ffff 00008200 DPL=0 LDT
TR =0000 0000000000000000 0000ffff 00008b00 DPL=0 TSS64-busy
GDT=     0000000000001058 0000001f
IDT=     0000000000080210 00000fff
CR0=e0000031 CR2=0000000000000000 CR3=0000000000070000 CR4=00000620
DR0=0000000000000000 DR1=0000000000000000 DR2=0000000000000000 DR3=0000000000000000 
DR6=00000000ffff0ff0 DR7=0000000000000400
CCS=0000000000000000 CCD=0000000000006e00 CCO=SUBB
EFER=0000000000000500
Servicing hardware INT=0x21
   189: v=21 e=0000 i=0 cpl=0 IP=0018:0000000000001cf9 pc=0000000000001cf9 SP=0010:0000000000067000 env->regs[R_EAX]=00000000000b8f28
RAX=00000000000b8f28 RBX=00000000000b8f0e RCX=000000000000000a RDX=0000000000006e00
RSI=0000000000000140 RDI=00000000009001e0 RBP=0000000000000000 RSP=0000000000067000
R8 =0000000080001808 R9 =0000000000000001 R10=000000000000000a R11=0000000000006e21
R12=0000000000007a1c R13=0000000000000000 R14=0000000000000000 R15=0000000000000004
RIP=0000000000001cf9 RFL=00010246 [---Z-P-] CPL=0 II=0 A20=1 SMM=0 HLT=0
ES =0010 0000000000000000 ffffffff 00cf9300 DPL=0 DS   [-WA]
CS =0018 0000000000000000 00000000 00209a00 DPL=0 CS64 [-R-]
SS =0010 0000000000000000 ffffffff 00cf9300 DPL=0 DS   [-WA]
DS =0010 0000000000000000 ffffffff 00cf9300 DPL=0 DS   [-WA]
FS =0010 0000000000000000 ffffffff 00cf9300 DPL=0 DS   [-WA]
GS =0010 0000000000000000 ffffffff 00cf9300 DPL=0 DS   [-WA]
LDT=0000 0000000000000000 0000ffff 00008200 DPL=0 LDT
TR =0000 0000000000000000 0000ffff 00008b00 DPL=0 TSS64-busy
GDT=     0000000000001058 0000001f
IDT=     0000000000080210 00000fff
CR0=e0000031 CR2=0000000000000000 CR3=0000000000070000 CR4=00000620
DR0=0000000000000000 DR1=0000000000000000 DR2=0000000000000000 DR3=0000000000000000 
DR6=00000000ffff0ff0 DR7=0000000000000400
CCS=0000000000000044 CCD=0000000000000032 CCO=EFLAGS
EFER=0000000000000500
Servicing hardware INT=0x21
   190: v=21 e=0000 i=0 cpl=0 IP=0018:0000000000001cf9 pc=0000000000001cf9 SP=0010:0000000000067000 env->regs[R_EAX]=00000000000b8f2a
RAX=00000000000b8f2a RBX=00000000000b8f0e RCX=000000000000000a RDX=0000000000006e00
RSI=0000000000000140 RDI=00000000009001e0 RBP=0000000000000000 RSP=0000000000067000
R8 =0000000080001808 R9 =0000000000000001 R10=000000000000000a R11=0000000000006e21
R12=0000000000007a1c R13=0000000000000000 R14=0000000000000000 R15=0000000000000004
RIP=0000000000001cf9 RFL=00000246 [---Z-P-] CPL=0 II=0 A20=1 SMM=0 HLT=0
ES =0010 0000000000000000 ffffffff 00cf9300 DPL=0 DS   [-WA]
CS =0018 0000000000000000 00000000 00209a00 DPL=0 CS64 [-R-]
SS =0010 0000000000000000 ffffffff 00cf9300 DPL=0 DS   [-WA]
DS =0010 0000000000000000 ffffffff 00cf9300 DPL=0 DS   [-WA]
FS =0010 0000000000000000 ffffffff 00cf9300 DPL=0 DS   [-WA]
GS =0010 0000000000000000 ffffffff 00cf9300 DPL=0 DS   [-WA]
LDT=0000 0000000000000000 0000ffff 00008200 DPL=0 LDT
TR =0000 0000000000000000 0000ffff 00008b00 DPL=0 TSS64-busy
GDT=     0000000000001058 0000001f
IDT=     0000000000080210 00000fff
CR0=e0000031 CR2=0000000000000000 CR3=0000000000070000 CR4=00000620
DR0=0000000000000000 DR1=0000000000000000 DR2=0000000000000000 DR3=0000000000000000 
DR6=00000000ffff0ff0 DR7=0000000000000400
CCS=0000000000000000 CCD=0000000000006e00 CCO=SUBB
EFER=0000000000000500
Servicing hardware INT=0x21
   191: v=21 e=0000 i=0 cpl=0 IP=0018:0000000000001cf9 pc=0000000000001cf9 SP=0010:0000000000067000 env->regs[R_EAX]=00000000000b8f2c
RAX=00000000000b8f2c RBX=00000000000b8f0e RCX=000000000000000a RDX=0000000000006e00
RSI=0000000000000140 RDI=00000000009001e0 RBP=0000000000000000 RSP=0000000000067000
R8 =0000000080001808 R9 =0000000000000001 R10=000000000000000a R11=0000000000006e21
R12=0000000000007a1c R13=0000000000000000 R14=0000000000000000 R15=0000000000000004
RIP=0000000000001cf9 RFL=00000246 [---Z-P-] CPL=0 II=0 A20=1 SMM=0 HLT=0
ES =0010 0000000000000000 ffffffff 00cf9300 DPL=0 DS   [-WA]
CS =0018 0000000000000000 00000000 00209a00 DPL=0 CS64 [-R-]
SS =0010 0000000000000000 ffffffff 00cf9300 DPL=0 DS   [-WA]
DS =0010 0000000000000000 ffffffff 00cf9300 DPL=0 DS   [-WA]
FS =0010 0000000000000000 ffffffff 00cf9300 DPL=0 DS   [-WA]
GS =0010 0000000000000000 ffffffff 00cf9300 DPL=0 DS   [-WA]
LDT=0000 0000000000000000 0000ffff 00008200 DPL=0 LDT
TR =0000 0000000000000000 0000ffff 00008b00 DPL=0 TSS64-busy
GDT=     0000000000001058 0000001f
IDT=     0000000000080210 00000fff
CR0=e0000031 CR2=0000000000000000 CR3=0000000000070000 CR4=00000620
DR0=0000000000000000 DR1=0000000000000000 DR2=0000000000000000 DR3=0000000000000000 
DR6=00000000ffff0ff0 DR7=0000000000000400
CCS=0000000000000000 CCD=0000000000006e00 CCO=SUBB
EFER=0000000000000500
Servicing hardware INT=0x21
   192: v=21 e=0000 i=0 cpl=0 IP=0018:0000000000001cf9 pc=0000000000001cf9 SP=0010:0000000000067000 env->regs[R_EAX]=00000000000b8f2c
RAX=00000000000b8f2c RBX=00000000000b8f0e RCX=000000000000000a RDX=0000000000006e00
RSI=0000000000000140 RDI=00000000009001e0 RBP=0000000000000000 RSP=0000000000067000
R8 =0000000080001808 R9 =0000000000000001 R10=000000000000000a R11=0000000000006e21
R12=0000000000007a1c R13=0000000000000000 R14=0000000000000000 R15=0000000000000004
RIP=0000000000001cf9 RFL=00000246 [---Z-P-] CPL=0 II=0 A20=1 SMM=0 HLT=0
ES =0010 0000000000000000 ffffffff 00cf9300 DPL=0 DS   [-WA]
CS =0018 0000000000000000 00000000 00209a00 DPL=0 CS64 [-R-]
SS =0010 0000000000000000 ffffffff 00cf9300 DPL=0 DS   [-WA]
DS =0010 0000000000000000 ffffffff 00cf9300 DPL=0 DS   [-WA]
FS =0010 0000000000000000 ffffffff 00cf9300 DPL=0 DS   [-WA]
GS =0010 0000000000000000 ffffffff 00cf9300 DPL=0 DS   [-WA]
LDT=0000 0000000000000000 0000ffff 00008200 DPL=0 LDT
TR =0000 0000000000000000 0000ffff 00008b00 DPL=0 TSS64-busy
GDT=     0000000000001058 0000001f
IDT=     0000000000080210 00000fff
CR0=e0000031 CR2=0000000000000000 CR3=0000000000070000 CR4=00000620
DR0=0000000000000000 DR1=0000000000000000 DR2=0000000000000000 DR3=0000000000000000 
DR6=00000000ffff0ff0 DR7=0000000000000400
CCS=0000000000000000 CCD=0000000000006e00 CCO=SUBB
EFER=0000000000000500
Servicing hardware INT=0x21
   193: v=21 e=0000 i=0 cpl=0 IP=0018:0000000000001cf9 pc=0000000000001cf9 SP=0010:0000000000067000 env->regs[R_EAX]=00000000000b8f2c
RAX=00000000000b8f2c RBX=00000000000b8f0e RCX=000000000000000a RDX=0000000000006e00
RSI=0000000000000140 RDI=00000000009001e0 RBP=0000000000000000 RSP=0000000000067000
R8 =0000000080001808 R9 =0000000000000001 R10=000000000000000a R11=0000000000006e21
R12=0000000000007a1c R13=0000000000000000 R14=0000000000000000 R15=0000000000000004
RIP=0000000000001cf9 RFL=00010246 [---Z-P-] CPL=0 II=0 A20=1 SMM=0 HLT=0
ES =0010 0000000000000000 ffffffff 00cf9300 DPL=0 DS   [-WA]
CS =0018 0000000000000000 00000000 00209a00 DPL=0 CS64 [-R-]
SS =0010 0000000000000000 ffffffff 00cf9300 DPL=0 DS   [-WA]
DS =0010 0000000000000000 ffffffff 00cf9300 DPL=0 DS   [-WA]
FS =0010 0000000000000000 ffffffff 00cf9300 DPL=0 DS   [-WA]
GS =0010 0000000000000000 ffffffff 00cf9300 DPL=0 DS   [-WA]
LDT=0000 0000000000000000 0000ffff 00008200 DPL=0 LDT
TR =0000 0000000000000000 0000ffff 00008b00 DPL=0 TSS64-busy
GDT=     0000000000001058 0000001f
IDT=     0000000000080210 00000fff
CR0=e0000031 CR2=0000000000000000 CR3=0000000000070000 CR4=00000620
DR0=0000000000000000 DR1=0000000000000000 DR2=0000000000000000 DR3=0000000000000000 
DR6=00000000ffff0ff0 DR7=0000000000000400
CCS=0000000000000044 CCD=0000000000000032 CCO=EFLAGS
EFER=0000000000000500
Servicing hardware INT=0x21
   194: v=21 e=0000 i=0 cpl=0 IP=0018:0000000000001cf9 pc=0000000000001cf9 SP=0010:0000000000067000 env->regs[R_EAX]=00000000000b8f2e
RAX=00000000000b8f2e RBX=00000000000b8f0e RCX=000000000000000a RDX=0000000000006e00
RSI=0000000000000140 RDI=00000000009001e0 RBP=0000000000000000 RSP=0000000000067000
R8 =0000000080001808 R9 =0000000000000001 R10=000000000000000a R11=0000000000006e21
R12=0000000000007a1c R13=0000000000000000 R14=0000000000000000 R15=0000000000000004
RIP=0000000000001cf9 RFL=00000246 [---Z-P-] CPL=0 II=0 A20=1 SMM=0 HLT=0
ES =0010 0000000000000000 ffffffff 00cf9300 DPL=0 DS   [-WA]
CS =0018 0000000000000000 00000000 00209a00 DPL=0 CS64 [-R-]
SS =0010 0000000000000000 ffffffff 00cf9300 DPL=0 DS   [-WA]
DS =0010 0000000000000000 ffffffff 00cf9300 DPL=0 DS   [-WA]
FS =0010 0000000000000000 ffffffff 00cf9300 DPL=0 DS   [-WA]
GS =0010 0000000000000000 ffffffff 00cf9300 DPL=0 DS   [-WA]
LDT=0000 0000000000000000 0000ffff 00008200 DPL=0 LDT
TR =0000 0000000000000000 0000ffff 00008b00 DPL=0 TSS64-busy
GDT=     0000000000001058 0000001f
IDT=     0000000000080210 00000fff
CR0=e0000031 CR2=0000000000000000 CR3=0000000000070000 CR4=00000620
DR0=0000000000000000 DR1=0000000000000000 DR2=0000000000000000 DR3=0000000000000000 
DR6=00000000ffff0ff0 DR7=0000000000000400
CCS=0000000000000000 CCD=0000000000006e00 CCO=SUBB
EFER=0000000000000500
Servicing hardware INT=0x21
   195: v=21 e=0000 i=0 cpl=0 IP=0018:0000000000001cf9 pc=0000000000001cf9 SP=0010:0000000000067000 env->regs[R_EAX]=00000000000b8f30
RAX=00000000000b8f30 RBX=00000000000b8f0e RCX=000000000000000a RDX=0000000000006e00
RSI=0000000000000140 RDI=00000000009001e0 RBP=0000000000000000 RSP=0000000000067000
R8 =0000000080001808 R9 =0000000000000001 R10=000000000000000a R11=0000000000006e21
R12=0000000000007a1c R13=0000000000000000 R14=0000000000000000 R15=0000000000000004
RIP=0000000000001cf9 RFL=00000246 [---Z-P-] CPL=0 II=0 A20=1 SMM=0 HLT=0
ES =0010 0000000000000000 ffffffff 00cf9300 DPL=0 DS   [-WA]
CS =0018 0000000000000000 00000000 00209a00 DPL=0 CS64 [-R-]
SS =0010 0000000000000000 ffffffff 00cf9300 DPL=0 DS   [-WA]
DS =0010 0000000000000000 ffffffff 00cf9300 DPL=0 DS   [-WA]
FS =0010 0000000000000000 ffffffff 00cf9300 DPL=0 DS   [-WA]
GS =0010 0000000000000000 ffffffff 00cf9300 DPL=0 DS   [-WA]
LDT=0000 0000000000000000 0000ffff 00008200 DPL=0 LDT
TR =0000 0000000000000000 0000ffff 00008b00 DPL=0 TSS64-busy
GDT=     0000000000001058 0000001f
IDT=     0000000000080210 00000fff
CR0=e0000031 CR2=0000000000000000 CR3=0000000000070000 CR4=00000620
DR0=0000000000000000 DR1=0000000000000000 DR2=0000000000000000 DR3=0000000000000000 
DR6=00000000ffff0ff0 DR7=0000000000000400
CCS=0000000000000000 CCD=0000000000006e00 CCO=SUBB
EFER=0000000000000500
