     1                                  [bits 16]
     2                                  [org 0x1000]
     3                                  start:
     4 00000000 31C0                       xor ax, ax
     5 00000002 8ED8                       mov ds, ax
     6 00000004 8EC0                       mov es, ax
     7 00000006 803E[5400]01               cmp byte [isbsp], 1
     8 0000000B 0F848B00                   je apentry
     9 0000000F C606[5400]01               mov byte [isbsp], 1
    10 00000014 8816[7E00]                 mov [disk], dl
    11 00000018 891E[9600]                 mov [pamet], bx
    12 0000001C 890E[9800]                 mov [pamet2], cx
    13 00000020 B40E                       mov ah, 0x0E
    14 00000022 B04B                       mov al, 'K'
    15 00000024 CD10                       int 0x10
    16 00000026 B00D                       mov al, 0x0D
    17 00000028 CD10                       int 0x10
    18 0000002A B00A                       mov al, 0x0A
    19 0000002C CD10                       int 0x10
    20 0000002E BE[7F00]                   mov si, bbios
    21 00000031 E81500                     call cpirnt
    22 00000034 FA                         cli
    23 00000035 0F0116[7800]               lgdt [gdtp]
    24 0000003A 0F20C0                     mov eax, cr0
    25 0000003D 6683C801                   or eax, 1
    26 00000041 0F22C0                     mov cr0, eax
    27 00000044 EA[A200]0800               jmp CIDE_SEG:fnl32b
    28                                  cpirnt:
    29 00000049 B40E                       mov ah, 0x0E
    30                                  lp:
    31 0000004B AC                         lodsb
    32 0000004C 84C0                       test al, al
    33 0000004E 7405                       jz kn
    34 00000050 CD10                       int 0x10
    35 00000052 EBF7                       jmp lp
    36 00000054 00                      isbsp: db 0
    37                                  kn:
    38 00000055 C3                         ret
    39 00000056 90<rep 2h>              align 4
    40                                  gdts:
    41 00000058 0000000000000000        dd 0, 0
    42                                  gdtc:
    43 00000060 FFFF                    dw 0xFFFF
    44 00000062 0000                    dw 0x0000
    45 00000064 00                      db 0x00
    46 00000065 9A                      db 0x9A
    47 00000066 CF                      db 0xCF
    48 00000067 00                      db 0x00
    49                                  gdtd:
    50 00000068 FFFF                    dw 0xFFFF
    51 0000006A 0000                    dw 0x0000
    52 0000006C 00                      db 0x00
    53 0000006D 92                      db 0x92
    54 0000006E CF                      db 0xCF
    55 0000006F 00                      db 0x00
    56                                  gdt67:
    57 00000070 0000                    dw 0x0000
    58 00000072 0000                    dw 0x0000
    59 00000074 00                      db 0x00
    60 00000075 9A                      db 0x9A
    61 00000076 20                      db 0x20
    62 00000077 00                      db 0x00
    63                                  gdte:
    64                                  gdtp:
    65 00000078 1F00                       dw gdte - gdts -1
    66 0000007A [58000000]                 dd gdts
    67                                  CIDE_SEG equ gdtc -gdts
    68                                  DATA_SEG equ gdtd - gdts
    69                                  CODE67_SEG equ gdt67 - gdts
    70 0000007E 00                      disk: db 0
    71 0000007F 627965206279652062-     bbios: db "bye bye bios forever", 0x0D, 0x0A, 0
    71 00000088 696F7320666F726576-
    71 00000091 65720D0A00         
    72 00000096 0000                    pamet: dw 0
    73 00000098 0000                    pamet2: dw 0
    74                                  apentry:
    75 0000009A B043                       mov al, 67
    76 0000009C A26700                     mov byte [0x67], al
    77 0000009F F4                         hlt
    78 000000A0 EBF8                       jmp apentry
    79                                  fnl32b:
    80                                  [bits 32]
    81 000000A2 C6050C800B0046             mov byte [0xb800c], 'F'
    82 000000A9 C6050D800B000F             mov byte [0xb800d], 0x0F
    83 000000B0 66B81000                   mov ax, DATA_SEG
    84 000000B4 8ED8                       mov ds, ax
    85 000000B6 8EC0                       mov es, ax
    86 000000B8 8EE0                       mov fs, ax
    87 000000BA 8EE8                       mov gs, ax
    88 000000BC 8ED0                       mov ss, ax
    89 000000BE BC00700600                 mov esp, 0x67000
    90 000000C3 C60500800B0070             mov byte [0xB8000], 'p'
    91 000000CA C60501800B0000             mov byte [0xB8001], 0x0
    92 000000D1 BF00000700                 mov edi, 0x70000
    93 000000D6 31C0                       xor eax, eax
    94 000000D8 B900280000                 mov ecx, 10240
    95 000000DD F3AB                       rep stosd
    96 000000DF C70500000700031007-        mov dword [0x70000], 0x71003
    96 000000E8 00                 
    97 000000E9 C70504000700000000-        mov dword [0x70004], 0x00000000
    97 000000F2 00                 
    98 000000F3 BF00100700                 mov edi, 0x71000
    99 000000F8 B803200700                 mov eax, 0x72003
   100 000000FD B908000000                 mov ecx, 8
   101                                  loo:
   102 00000102 8907                       mov [edi], eax
   103 00000104 C7470400000000             mov dword [edi+4], 0
   104 0000010B 83C708                     add edi, 8
   105 0000010E 0500100000                 add eax, 0x1000
   106 00000113 E2ED                       loop loo
   107 00000115 BF00200700                 mov edi, 0x72000
   108 0000011A B883000000                 mov eax, 0x00000083
   109 0000011F BA00000000                 mov edx, 0
   110 00000124 B900100000                 mov ecx, 4096
   111                                  looo:
   112 00000129 8907                       mov [edi], eax
   113 0000012B 895704                     mov [edi+4], edx
   114 0000012E 3D8300C0FE                 cmp eax, 0xFEC00083
   115 00000133 7203                       jb skipi
   116 00000135 830F10                     or dword [edi], 0x10
   117                                  skipi:
   118 00000138 83C708                     add edi, 8
   119 0000013B 0500002000                 add eax, 0x00200000
   120 00000140 83D200                     adc edx, 0
   121 00000143 E2E4                       loop looo
   122 00000145 0F20E0                     mov eax, cr4
   123 00000148 83C820                     or eax, 1 << 5
   124 0000014B 0F22E0                     mov cr4, eax
   125 0000014E B800000700                 mov eax, 0x70000
   126 00000153 0F22D8                     mov cr3, eax
   127 00000156 B9800000C0                 mov ecx, 0xC0000080
   128 0000015B 0F32                       rdmsr
   129 0000015D 0D00010000                 or eax, 1 << 8
   130 00000162 0F30                       wrmsr
   131 00000164 0F20C0                     mov eax, cr0
   132 00000167 0D00000080                 or eax, 1 << 31
   133 0000016C 0F22C0                     mov cr0, eax
   134 0000016F EA[76010000]1800           jmp CODE67_SEG:epstien
   135                                  [bits 64]
   136                                  epstien:
   137 00000176 C6042500800B0065           mov byte [0xb8000], 'e'
   138 0000017E C6042501800B0007           mov byte [0xb8001], 0x07
   139 00000186 30C0                       xor al, al
   140 00000188 30D2                       xor dl, dl
   141 0000018A 4D31FF                     xor r15, r15
   142 0000018D 30C9                       xor cl, cl
   143 0000018F 30DB                       xor bl, bl
   144 00000191 4D31C9                     xor r9, r9
   145 00000194 41B101                     mov r9b, 1
   146 00000197 49BC-                      mov r12, hlpg
   146 00000199 [0042000000000000] 
   147                                  strg:
   148 000001A1 C6042500800B0071           mov byte [0xb8000], 'q'
   149 000001A9 C6042501800B0007           mov byte [0xb8001], 0x7
   150 000001B1 4531DB                     xor r11d, r11d
   151 000001B4 4D31C0                     xor r8, r8
   152 000001B7 450FB6D1                   movzx r10d, r9b
   153 000001BB 41C1E21F                   shl r10d, 31
   154 000001BF 440FB6C0                   movzx r8d, al
   155 000001C3 41C1E010                   shl r8d, 16
   156 000001C7 4509D0                     or r8d, r10d
   157 000001CA 4D31D2                     xor r10, r10
   158 000001CD 4C0FB6D3                   movzx r10, bl
   159 000001D1 41C1E20B                   shl r10d, 11
   160 000001D5 4509D0                     or r8d, r10d
   161 000001D8 4D31D2                     xor r10, r10
   162 000001DB 440FB6D1                   movzx r10d, cl
   163 000001DF 41C1E208                   shl r10d, 8
   164 000001E3 4509D0                     or r8d, r10d
   165 000001E6 4D31D2                     xor r10, r10
   166 000001E9 4188C5                     mov r13b, al
   167 000001EC 4831C0                     xor rax,rax
   168 000001EF 66BAF80C                   mov dx, 0xcf8
   169 000001F3 4489C0                     mov eax, r8d
   170 000001F6 EF                         out dx, eax
   171 000001F7 4831C0                     xor rax, rax
   172 000001FA 66BAFC0C                   mov dx, 0xcfc
   173 000001FE ED                         in eax, dx
   174 000001FF 4189C3                     mov r11d, eax
   175 00000202 4831C0                     xor rax, rax
   176 00000205 4488E8                     mov al, r13b
   177 00000208 80C101                     add cl, 1
   178 0000020B 80F908                     cmp cl, 8
   179 0000020E 7439                       je tobl
   180                                  bc:
   181 00000210 80FB20                     cmp bl, 32
   182 00000213 743B                       je toal
   183                                  ac:
   184 00000215 4183FBFF                   cmp r11d, 0xffffffff
   185 00000219 7486                       je strg
   186 0000021B 45890424                   mov [r12], r8d
   187 0000021F 4983C404                   add r12, 4
   188 00000223 45891C24                   mov [r12], r11d
   189 00000227 E9AE020000                 jmp ttwo
   190                                  tt:
   191 0000022C 4983C404                   add r12, 4
   192 00000230 C6042502800B0064           mov byte [0xb8002], 'd'
   193 00000238 C6042503800B0007           mov byte [0xb8003], 0x7
   194 00000240 4983C701                   add r15, 1
   195 00000244 E958FFFFFF                 jmp strg
   196                                  tobl:
   197 00000249 30C9                       xor cl, cl
   198 0000024B 80C301                     add bl, 1
   199 0000024E EBC0                       jmp bc
   200                                  toal:
   201 00000250 3CFF                       cmp al, 255
   202 00000252 7406                       je steb
   203 00000254 30DB                       xor bl, bl
   204 00000256 0401                       add al, 1
   205 00000258 EBBB                       jmp ac
   206                                  steb:
   207 0000025A 488B0425[6D050000]         mov rax, [savior]
   208 00000262 4883E0F0                   and rax, 0xFFFFFFFF0
   208          ******************       warning: signed dword value exceeds bounds [-w+number-overflow]
   209 00000266 8B400C                     mov eax, [rax + 0x0C]
   210 00000269 4831DB                     xor rbx, rbx
   211                                  bitest:
   212 0000026C 0FA3D8                     bt eax, ebx
   213 0000026F 7224                       jc yez
   214 00000271 4883C301                   add rbx, 1
   215 00000275 4883FB20                   cmp rbx, 32
   216 00000279 7446                       je konc
   217 0000027B EBEF                       jmp bitest
   218 0000027D 0000000000000000        pbs: dq 0
   219 00000285 6E6F20646576696365-     npo: db 'no device found', 0
   219 0000028E 20666F756E6400     
   220                                  yez:
   221 00000295 89DA                       mov edx, ebx
   222 00000297 48C1E207                   shl rdx, 7
   223 0000029B 488B0C25[6D050000]         mov rcx, [savior]
   224 000002A3 4881C100010000             add rcx, 0x100
   225 000002AA 4801CA                     add rdx, rcx
   226 000002AD 4883C228                   add rdx, 0x28
   227 000002B1 8B0A                       mov ecx, [rdx]
   228 000002B3 83E10F                     and ecx, 0xf
   229 000002B6 83F903                     cmp ecx, 3
   230 000002B9 7418                       je yess
   231 000002BB 4883C301                   add rbx, 1
   232 000002BF EBAB                       jmp bitest
   233                                  konc:
   234 000002C1 48BA-                      mov rdx, npo
   234 000002C3 [8502000000000000] 
   235 000002CB B107                       mov cl, 0x7
   236 000002CD E83C080000                 call cpritn
   237 000002D2 C3                         ret
   238                                  yess:
   239 000002D3 4883EA28                   sub rdx, 0x28
   240 000002D7 48891425[7D020000]         mov [pbs], rdx
   241 000002DF C6042502800B0064           mov byte [0xb8002], 'd'
   242 000002E7 C6042503800B0007           mov byte [0xb8003], 0x07
   243 000002EF 4C893C25[75050000]         mov qword [count], r15
   244 000002F7 488B0425[7D020000]         mov rax, [pbs]
   245 000002FF 4883C018                   add rax, 0x18
   246 00000303 8B18                       mov ebx, [rax]
   247 00000305 D1EB                       shr ebx, 1
   248 00000307 D1E3                       shl ebx, 1
   249 00000309 8918                       mov [rax], ebx
   250                                  walt:
   251 0000030B 8B18                       mov ebx, [rax]
   252 0000030D 0FBAE30F                   bt ebx, 15
   253 00000311 72F8                       jc walt
   254 00000313 8B18                       mov ebx, [rax]
   255 00000315 0FBAF304                   btr ebx, 4
   256 00000319 8918                       mov [rax], ebx
   257                                  aaah:
   258 0000031B 8B18                       mov ebx, [rax]
   259 0000031D 0FBAE30E                   bt ebx, 14
   260 00000321 72F8                       jc aaah
   261 00000323 B8FF9F0700                 mov rax, 0x79fff
   262                                  zot:
   263 00000328 4883C001                   add rax, 1
   264 0000032C C60000                     mov byte [rax], 0
   265 0000032F 483DFFA40700               cmp rax, 0x7a4ff
   266 00000335 75F1                       jne zot
   267 00000337 488B0425[7D020000]         mov rax, [pbs]
   268 0000033F 4889C3                     mov rbx, rax
   269 00000342 C70000A00700               mov dword [rax], 0x7a000
   270 00000348 4883C004                   add rax, 0x4
   271 0000034C C70000000000               mov dword [rax], 0
   272 00000352 4883C004                   add rax, 0x4
   273 00000356 C70000A40700               mov dword [rax], 0x7a400
   274 0000035C 4883C30C                   add rbx, 0xc
   275 00000360 C70300000000               mov dword [rbx], 0
   276 00000366 4883EB0C                   sub rbx, 0xc
   277 0000036A 4883C318                   add rbx, 0x18
   278 0000036E 8B0B                       mov ecx, [rbx]
   279 00000370 BA01000000                 mov edx, 1
   280 00000375 C1E204                     shl edx, 4
   281 00000378 09D1                       or ecx, edx
   282 0000037A 890B                       mov [rbx], ecx
   283 0000037C C604251100000045           mov byte [17], 69
   284 00000384 4831C0                     xor rax, rax
   285 00000387 C6042504800B0031           mov byte [0xb8004], '1'
   286 0000038F C6042505800B0007           mov byte [0xb8005], 0x07
   287 00000397 E805000000                 call drs
   288 0000039C E94D080000                 jmp miguel
   289                                  drs:
   290 000003A1 C6042500A0070005           mov byte [0x7a000], 5
   291 000003A9 C6042501A0070000           mov byte [0x7a001], 0
   292 000003B1 66C7042502A0070001-        mov word [0x7a002], 1
   292 000003BA 00                 
   293 000003BB C7042504A007000000-        mov dword [0x7a004], 0
   293 000003C4 0000               
   294 000003C6 C7042508A0070000A5-        mov dword [0x7a008], 0x7a500
   294 000003CF 0700               
   295 000003D1 C704250CA007000000-        mov dword [0x7a00c], 0
   295 000003DA 0000               
   296 000003DC BA00A50700                 mov rdx, 0x7a500
   297                                  zrr:
   298 000003E1 C60200                     mov byte [rdx], 0
   299 000003E4 4881FA90A50700             cmp rdx, 0x7a590
   300 000003EB 7416                       je zre
   301 000003ED 4883C201                   add rdx, 1
   302 000003F1 EBEE                       jmp zrr
   303 000003F3 C6042508800B0033           mov byte [0xb8008], '3'
   304 000003FB C6042509800B0007           mov byte [0xb8009], 0x07
   305                                  zre:
   306 00000403 C6042500A5070027           mov byte [0x7a500], 0x27
   307 0000040B C6042501A5070080           mov byte [0x7a501], 0x80
   308 00000413 C6042502A5070025           mov byte [0x7a502], 0x25
   309 0000041B C6042507A5070040           mov byte [0x7a507], 0x40
   310 00000423 88042504A50700             mov byte [0x7a504], al
   311 0000042A 48C1E808                   shr rax, 8
   312 0000042E 88042505A50700             mov byte [0x7a505], al
   313 00000435 48C1E808                   shr rax, 8
   314 00000439 88042506A50700             mov byte [0x7a506], al
   315 00000440 48C1E808                   shr rax, 8
   316 00000444 88042508A50700             mov byte [0x7a508], al
   317 0000044B 48C1E808                   shr rax, 8
   318 0000044F 88042509A50700             mov byte [0x7a509], al
   319 00000456 48C1E808                   shr rax, 8
   320 0000045A 8804250AA50700             mov byte [0x7a50a], al
   321 00000461 C604250CA5070001           mov byte [0x7a50c], 1
   322 00000469 C604250DA5070000           mov byte [0x7a50d], 0
   323 00000471 C7042580A5070000B0-        mov dword [0x7a580], 0x7b000
   323 0000047A 0700               
   324 0000047C C7042584A507000000-        mov dword [0x7a584], 0
   324 00000485 0000               
   325 00000487 C7042588A507000000-        mov dword [0x7a588], 0
   325 00000490 0000               
   326 00000492 B8FF010000                 mov eax, 511
   327 00000497 BB01000000                 mov ebx, 1
   328 0000049C C1E31F                     shl ebx, 31
   329 0000049F 09D8                       or eax, ebx
   330 000004A1 8904258CA50700             mov dword [0x7a58c], eax
   331 000004A8 488B0425[7D020000]         mov rax, [pbs]
   332 000004B0 4889C3                     mov rbx, rax
   333 000004B3 4883C338                   add rbx, 0x38
   334 000004B7 4883C018                   add rax, 0x18
   335 000004BB 8B10                       mov edx, [rax]
   336 000004BD 0FBAEA00                   bts edx, 0
   337 000004C1 8910                       mov [rax], edx
   338 000004C3 B901000000                 mov ecx, 1
   339 000004C8 890B                       mov dword [rbx], ecx
   340                                  aah_i_have_an_head_ache_from_writing_this_shit:
   341 000004CA 8B0B                       mov ecx, [rbx]
   342 000004CC 0FBAE100                   bt ecx, 0
   343 000004D0 72F8                       jc aah_i_have_an_head_ache_from_writing_this_shit
   344 000004D2 C3                         ret
   345                                  tte:
   346 000004D3 58                         pop rax
   347 000004D4 5B                         pop rbx
   348 000004D5 E952FDFFFF                 jmp tt
   349                                  ttwo:
   350 000004DA 41BE08000000               mov r14d, 0x8
   351 000004E0 53                         push rbx
   352 000004E1 4489C3                     mov ebx, r8d
   353 000004E4 4509F0                     or r8d, r14d
   354 000004E7 50                         push rax
   355 000004E8 4831C0                     xor rax, rax
   356 000004EB 4489C0                     mov eax, r8d
   357 000004EE 66BAF80C                   mov dx, 0xcf8
   358 000004F2 EF                         out dx, eax
   359 000004F3 66BAFC0C                   mov dx, 0xcfc
   360 000004F7 ED                         in eax, dx
   361 000004F8 4189C6                     mov r14d, eax
   362 000004FB C1E818                     shr eax, 24
   363 000004FE 83F801                     cmp eax, 1
   364 00000501 75D0                       jne tte
   365 00000503 4489F0                     mov eax, r14d
   366 00000506 C1E810                     shr eax, 16
   367 00000509 25FF000000                 and eax, 0xff
   368 0000050E 83F806                     cmp eax, 0x6
   369 00000511 75C0                       jne tte
   370 00000513 4489F0                     mov eax, r14d
   371 00000516 C1E010                     shl eax, 16
   372 00000519 C1E818                     shr eax, 24
   373 0000051C 83F801                     cmp eax, 0x1
   374 0000051F 75B2                       jne tte
   375 00000521 41BE24000000               mov r14d, 0x24
   376 00000527 41BF04000000               mov r15d, 0x4
   377 0000052D 89D9                       mov ecx, ebx
   378 0000052F 4409F9                     or ecx, r15d
   379 00000532 66BAFC0C                   mov dx, 0xcfc
   380 00000536 89C8                       mov eax, ecx
   381 00000538 EF                         out dx, eax
   382 00000539 66BAFC0C                   mov dx, 0xcfc
   383 0000053D ED                         in eax, dx
   384 0000053E 83C906                     or ecx, 0b110
   385 00000541 66BAFC0C                   mov dx, 0xcfc
   386 00000545 89C8                       mov eax, ecx
   387 00000547 EF                         out dx, eax
   388 00000548 89D8                       mov eax, ebx
   389 0000054A 4409F0                     or eax, r14d
   390 0000054D 66BAF80C                   mov dx, 0xcf8
   391 00000551 EF                         out dx, eax
   392 00000552 66BAFC0C                   mov dx, 0xcfc
   393 00000556 ED                         in eax, dx
   394 00000557 890425[6D050000]           mov [savior], eax
   395 0000055E 58                         pop rax
   396 0000055F 5B                         pop rbx
   397 00000560 C604251000000043           mov byte [16], 67
   398 00000568 E9EDFCFFFF                 jmp steb
   399 0000056D 0000000000000000        savior: dq 0
   400 00000575 0000000000000000        count: dq 0
   401                                  hexbintrn:
   402 0000057D C60425[4D060000]30         mov byte [netanyahu], 48
   403 00000585 C60425[4E060000]78         mov byte [netanyahu + 1], 'x'
   404 0000058D C60425[60060000]00         mov byte [netanyahu + 19], 0
   405 00000595 41B812000000               mov r8, 18
   406 0000059B 4989C1                     mov r9, rax
   407 0000059E BB10000000                 mov rbx, 16
   408                                  hexbenjamin:
   409 000005A3 4831C0                     xor rax, rax
   410 000005A6 4C89C8                     mov rax, r9
   411 000005A9 4831D2                     xor rdx, rdx
   412 000005AC 48F7F3                     div rbx
   413 000005AF 4989C1                     mov r9, rax
   414 000005B2 4889D0                     mov rax, rdx
   415 000005B5 4983E801                   sub r8, 1
   416 000005B9 4883F80A                   cmp rax, 10
   417 000005BD 7430                       je jea
   418 000005BF 4883F80B                   cmp rax, 11
   419 000005C3 742E                       je jeb
   420 000005C5 4883F80C                   cmp rax, 12
   421 000005C9 742C                       je jec
   422 000005CB 4883F80D                   cmp rax, 13
   423 000005CF 742A                       je jed
   424 000005D1 4883F80E                   cmp rax, 14
   425 000005D5 7428                       je jee
   426 000005D7 4883F80F                   cmp rax, 15
   427 000005DB 7426                       je jef
   428 000005DD 4883C030                   add rax, 48
   429                                  hxlp:
   430 000005E1 418880[4D060000]           mov byte [netanyahu + r8], al
   431 000005E8 4983F802                   cmp r8, 2
   432 000005EC 75B5                       jne hexbenjamin
   433 000005EE C3                         ret
   434                                  jea:
   435 000005EF B041                       mov al, 'A'
   436 000005F1 EBEE                       jmp hxlp
   437                                  jeb:
   438 000005F3 B042                       mov al, 'B'
   439 000005F5 EBEA                       jmp hxlp
   440                                  jec:
   441 000005F7 B043                       mov al, 'C'
   442 000005F9 EBE6                       jmp hxlp
   443                                  jed:
   444 000005FB B044                       mov al, 'D'
   445 000005FD EBE2                       jmp hxlp
   446                                  jee:
   447 000005FF B045                       mov al, 'E'
   448 00000601 EBDE                       jmp hxlp
   449                                  jef:
   450 00000603 B046                       mov al, 'F'
   451 00000605 EBDA                       jmp hxlp
   452                                  bintrn:
   453 00000607 BB0A000000                 mov rbx, 10
   454 0000060C 4831C9                     xor rcx, rcx
   455 0000060F 49B8-                      mov r8, netanyahu
   455 00000611 [4D06000000000000] 
   456 00000619 4989C1                     mov r9, rax
   457                                  idf:
   458 0000061C 4831D2                     xor rdx, rdx
   459 0000061F 4883C101                   add rcx, 1
   460 00000623 48F7F3                     div rbx
   461 00000626 4883F800                   cmp rax, 0
   462 0000062A 75F0                       jne idf
   463 0000062C 4901C8                     add r8, rcx
   464 0000062F 498900                     mov [r8], rax
   465 00000632 4C89C8                     mov rax, r9
   466                                  benjamin:
   467 00000635 4831D2                     xor rdx, rdx
   468 00000638 4983E801                   sub r8, 1
   469 0000063C 48F7F3                     div rbx
   470 0000063F 4883C230                   add rdx, 48
   471 00000643 418810                     mov byte [r8], dl
   472 00000646 4883F800                   cmp rax, 0
   473 0000064A 75E9                       jne benjamin
   474 0000064C C3                         ret
   475 0000064D 00<rep 16h>             netanyahu: times 22 db 0
   476                                  ksnc:
   477 00000663 50                         push rax
   478 00000664 51                         push rcx
   479 00000665 53                         push rbx
   480 00000666 4831C0                     xor rax, rax
   481 00000669 E460                       in al, 0x60
   482 0000066B 88C1                       mov cl, al
   483 0000066D B020                       mov al, 0x20
   484 0000066F E620                       out 0x20, al
   485 00000671 88C8                       mov al, cl
   486 00000673 4883F800                   cmp rax, 0
   487 00000677 0F848D010000               je err
   488 0000067D 480FB61C25-                movzx rbx, byte [spcbf]
   488 00000682 [000B0000]         
   489 00000686 4883FB01                   cmp rbx, 1
   490 0000068A 0F8487010000               je spcs
   491 00000690 483DE0000000               cmp rax, 0xE0
   492 00000696 0F8457040000               je special
   493 0000069C 4883F81C                   cmp rax, 0x1C
   494 000006A0 0F845B040000               je ent
   495 000006A6 4883F80A                   cmp rax, 10
   496 000006AA 0F8E9F010000               jle num
   497 000006B0 4883F80B                   cmp rax, 11
   498 000006B4 0F84A9010000               je zer
   499 000006BA 4883F80C                   cmp rax, 0x0C
   500 000006BE 0F84AC010000               je min
   501 000006C4 4883F80D                   cmp rax, 0x0D
   502 000006C8 0F84AF010000               je eql
   503 000006CE 4883F80E                   cmp rax, 0x0E
   504 000006D2 0F84B2010000               je del
   505 000006D8 4883F839                   cmp rax, 0x39
   506 000006DC 0F84DD010000               je spc
   507 000006E2 4883F82A                   cmp rax, 0x2A
   508 000006E6 0F84E0010000               je shft
   509                                  letters:
   510 000006EC 480FB61C25-                movzx rbx, byte [shift]
   510 000006F1 [9D2C0000]         
   511 000006F5 4883F81E                   cmp rax, 0x1E
   512 000006F9 0F84EC010000               je keya
   513 000006FF 4883F830                   cmp rax, 0x30
   514 00000703 0F84F6010000               je keyb
   515 00000709 4883F82E                   cmp rax, 0x2E
   516 0000070D 0F8400020000               je keyc
   517 00000713 4883F820                   cmp rax, 0x20
   518 00000717 0F840A020000               je keyd
   519 0000071D 4883F812                   cmp rax, 0x12
   520 00000721 0F8414020000               je keye
   521 00000727 4883F821                   cmp rax, 0x21
   522 0000072B 0F841E020000               je keyf
   523 00000731 4883F822                   cmp rax, 0x22
   524 00000735 0F8428020000               je keyg
   525 0000073B 4883F823                   cmp rax, 0x23
   526 0000073F 0F8432020000               je keyh
   527 00000745 4883F817                   cmp rax, 0x17
   528 00000749 0F843C020000               je keyi
   529 0000074F 4883F824                   cmp rax, 0x24
   530 00000753 0F8446020000               je keyj
   531 00000759 4883F825                   cmp rax, 0x25
   532 0000075D 0F8450020000               je keyk
   533 00000763 4883F826                   cmp rax, 0x26
   534 00000767 0F845A020000               je keyl
   535 0000076D 4883F832                   cmp rax, 0x32
   536 00000771 0F8464020000               je keym
   537 00000777 4883F831                   cmp rax, 0x31
   538 0000077B 0F846E020000               je keyn
   539 00000781 4883F818                   cmp rax, 0x18
   540 00000785 0F8478020000               je keyo
   541 0000078B 4883F819                   cmp rax, 0x19
   542 0000078F 0F8482020000               je keyp
   543 00000795 4883F810                   cmp rax, 0x10
   544 00000799 0F848C020000               je keyq
   545 0000079F 4883F813                   cmp rax, 0x13
   546 000007A3 0F8496020000               je keyr
   547 000007A9 4883F81F                   cmp rax, 0x1F
   548 000007AD 0F84A0020000               je keys
   549 000007B3 4883F814                   cmp rax, 0x14
   550 000007B7 0F84AA020000               je keyt
   551 000007BD 4883F816                   cmp rax, 0x16
   552 000007C1 0F84B4020000               je keyu
   553 000007C7 4883F82F                   cmp rax, 0x2F
   554 000007CB 0F84BE020000               je keyv
   555 000007D1 4883F811                   cmp rax, 0x11
   556 000007D5 0F84C8020000               je keyw
   557 000007DB 4883F82D                   cmp rax, 0x2D
   558 000007DF 0F84D2020000               je keyx
   559 000007E5 4883F815                   cmp rax, 0x15
   560 000007E9 0F84DC020000               je keyy
   561 000007EF 4883F82C                   cmp rax, 0x2C
   562 000007F3 0F84E6020000               je keyz
   563 000007F9 483DAA000000               cmp rax, 0xAA
   564 000007FF 0F84D4000000               je shftrel
   565 00000805 E9DC000000                 jmp norec
   566                                  err:
   567 0000080A 5B                         pop rbx
   568 0000080B 59                         pop rcx
   569 0000080C 58                         pop rax
   570 0000080D C60425[000B0000]00         mov byte [spcbf], 0
   571 00000815 48CF                       iretq
   572                                  spcs:
   573 00000817 4883F848                   cmp rax, 0x48
   574 0000081B 7408                       je upar
   575 0000081D 4883F850                   cmp rax, 0x50
   576 00000821 7417                       je downar
   577 00000823 EBE5                       jmp err
   578                                  upar:
   579 00000825 C60425[D62C0000]22         mov byte [char], '"'
   580 0000082D C60425[000B0000]00         mov byte [spcbf], 0
   581 00000835 5B                         pop rbx
   582 00000836 59                         pop rcx
   583 00000837 58                         pop rax
   584 00000838 48CF                       iretq
   585                                  downar:
   586 0000083A C60425[D62C0000]27         mov byte [char], "'"
   587 00000842 C60425[000B0000]00         mov byte [spcbf], 0
   588 0000084A 5B                         pop rbx
   589 0000084B 59                         pop rcx
   590 0000084C 58                         pop rax
   591 0000084D 48CF                       iretq
   592                                  num:
   593 0000084F 4883E801                   sub rax, 1
   594 00000853 4883C030                   add rax, 48
   595 00000857 880425[D62C0000]           mov byte [char], al
   596 0000085E 5B                         pop rbx
   597 0000085F 59                         pop rcx
   598 00000860 58                         pop rax
   599 00000861 48CF                       iretq
   600                                  zer:
   601 00000863 C60425[D62C0000]30         mov byte [char], 48
   602 0000086B 5B                         pop rbx
   603 0000086C 59                         pop rcx
   604 0000086D 58                         pop rax
   605 0000086E 48CF                       iretq
   606                                  min:
   607 00000870 C60425[D62C0000]2D         mov byte [char], '-'
   608 00000878 5B                         pop rbx
   609 00000879 59                         pop rcx
   610 0000087A 58                         pop rax
   611 0000087B 48CF                       iretq
   612                                  eql:
   613 0000087D C60425[D62C0000]3D         mov byte [char], '='
   614 00000885 5B                         pop rbx
   615 00000886 59                         pop rcx
   616 00000887 58                         pop rax
   617 00000888 48CF                       iretq
   618                                  del:
   619 0000088A 4831C0                     xor rax, rax
   620 0000088D 488B0425[9E2C0000]         mov qword rax, [curzor]
   621 00000895 483DE0810B00               cmp qword rax, (0xB8000 + 480)
   622 0000089B 741D                       je stp
   623 0000089D 8078FE3E                   cmp byte [rax - 2], '>'
   624 000008A1 7417                       je stp
   625 000008A3 4883E802                   sub qword rax, 2
   626 000008A7 C6400170                   mov byte [rax + 1], 0x70
   627 000008AB C6400300                   mov byte [rax + 3], 0x00
   628 000008AF C60000                     mov byte [rax], 0x00
   629 000008B2 48890425[9E2C0000]         mov qword [curzor], rax
   630                                  stp:
   631 000008BA 5B                         pop rbx
   632 000008BB 59                         pop rcx
   633 000008BC 58                         pop rax
   634 000008BD 48CF                       iretq
   635                                  spc:
   636 000008BF C60425[D62C0000]20         mov byte [char], 32
   637 000008C7 5B                         pop rbx
   638 000008C8 59                         pop rcx
   639 000008C9 58                         pop rax
   640 000008CA 48CF                       iretq
   641                                  shft:
   642 000008CC C60425[9D2C0000]20         mov byte [shift], 32
   643 000008D4 5B                         pop rbx
   644 000008D5 59                         pop rcx
   645 000008D6 58                         pop rax
   646 000008D7 48CF                       iretq
   647                                  shftrel:
   648 000008D9 C60425[9D2C0000]00         mov byte [shift], 0
   649 000008E1 5B                         pop rbx
   650 000008E2 59                         pop rcx
   651 000008E3 58                         pop rax
   652 000008E4 48CF                       iretq
   653                                  norec:
   654 000008E6 5B                         pop rbx
   655 000008E7 59                         pop rcx
   656 000008E8 58                         pop rax
   657 000008E9 48CF                       iretq
   658                                  keya:
   659 000008EB B861000000                 mov rax, 97
   660 000008F0 4829D8                     sub rax, rbx
   661 000008F3 880425[D62C0000]           mov byte [char], al
   662 000008FA 5B                         pop rbx
   663 000008FB 59                         pop rcx
   664 000008FC 58                         pop rax
   665 000008FD 48CF                       iretq
   666                                  keyb:
   667 000008FF B862000000                 mov rax, 98
   668 00000904 4829D8                     sub rax, rbx
   669 00000907 880425[D62C0000]           mov byte [char], al
   670 0000090E 5B                         pop rbx
   671 0000090F 59                         pop rcx
   672 00000910 58                         pop rax
   673 00000911 48CF                       iretq
   674                                  keyc:
   675 00000913 B863000000                 mov rax, 99
   676 00000918 4829D8                     sub rax, rbx
   677 0000091B 880425[D62C0000]           mov byte [char], al
   678 00000922 5B                         pop rbx
   679 00000923 59                         pop rcx
   680 00000924 58                         pop rax
   681 00000925 48CF                       iretq
   682                                  keyd:
   683 00000927 B864000000                 mov rax, 100
   684 0000092C 4829D8                     sub rax, rbx
   685 0000092F 880425[D62C0000]           mov byte [char], al
   686 00000936 5B                         pop rbx
   687 00000937 59                         pop rcx
   688 00000938 58                         pop rax
   689 00000939 48CF                       iretq
   690                                  keye:
   691 0000093B B865000000                 mov rax, 101
   692 00000940 4829D8                     sub rax, rbx
   693 00000943 880425[D62C0000]           mov byte [char], al
   694 0000094A 5B                         pop rbx
   695 0000094B 59                         pop rcx
   696 0000094C 58                         pop rax
   697 0000094D 48CF                       iretq
   698                                  keyf:
   699 0000094F B866000000                 mov rax, 102
   700 00000954 4829D8                     sub rax, rbx
   701 00000957 880425[D62C0000]           mov byte [char], al
   702 0000095E 5B                         pop rbx
   703 0000095F 59                         pop rcx
   704 00000960 58                         pop rax
   705 00000961 48CF                       iretq
   706                                  keyg:
   707 00000963 B867000000                 mov rax, 103
   708 00000968 4829D8                     sub rax, rbx
   709 0000096B 880425[D62C0000]           mov byte [char], al
   710 00000972 5B                         pop rbx
   711 00000973 59                         pop rcx
   712 00000974 58                         pop rax
   713 00000975 48CF                       iretq
   714                                  keyh:
   715 00000977 B868000000                 mov rax, 104
   716 0000097C 4829D8                     sub rax, rbx
   717 0000097F 880425[D62C0000]           mov byte [char], al
   718 00000986 5B                         pop rbx
   719 00000987 59                         pop rcx
   720 00000988 58                         pop rax
   721 00000989 48CF                       iretq
   722                                  keyi:
   723 0000098B B869000000                 mov rax, 105
   724 00000990 4829D8                     sub rax, rbx
   725 00000993 880425[D62C0000]           mov byte [char], al
   726 0000099A 5B                         pop rbx
   727 0000099B 59                         pop rcx
   728 0000099C 58                         pop rax
   729 0000099D 48CF                       iretq
   730                                  keyj:
   731 0000099F B86A000000                 mov rax, 106
   732 000009A4 4829D8                     sub rax, rbx
   733 000009A7 880425[D62C0000]           mov byte [char], al
   734 000009AE 5B                         pop rbx
   735 000009AF 59                         pop rcx
   736 000009B0 58                         pop rax
   737 000009B1 48CF                       iretq
   738                                  keyk:
   739 000009B3 B86B000000                 mov rax, 107
   740 000009B8 4829D8                     sub rax, rbx
   741 000009BB 880425[D62C0000]           mov byte [char], al
   742 000009C2 5B                         pop rbx
   743 000009C3 59                         pop rcx
   744 000009C4 58                         pop rax
   745 000009C5 48CF                       iretq
   746                                  keyl:
   747 000009C7 B86C000000                 mov rax, 108
   748 000009CC 4829D8                     sub rax, rbx
   749 000009CF 880425[D62C0000]           mov byte [char], al
   750 000009D6 5B                         pop rbx
   751 000009D7 59                         pop rcx
   752 000009D8 58                         pop rax
   753 000009D9 48CF                       iretq
   754                                  keym:
   755 000009DB B86D000000                 mov rax, 109
   756 000009E0 4829D8                     sub rax, rbx
   757 000009E3 880425[D62C0000]           mov byte [char], al
   758 000009EA 5B                         pop rbx
   759 000009EB 59                         pop rcx
   760 000009EC 58                         pop rax
   761 000009ED 48CF                       iretq
   762                                  keyn:
   763 000009EF B86E000000                 mov rax, 110
   764 000009F4 4829D8                     sub rax, rbx
   765 000009F7 880425[D62C0000]           mov byte [char], al
   766 000009FE 5B                         pop rbx
   767 000009FF 59                         pop rcx
   768 00000A00 58                         pop rax
   769 00000A01 48CF                       iretq
   770                                  keyo:
   771 00000A03 B86F000000                 mov rax, 111
   772 00000A08 4829D8                     sub rax, rbx
   773 00000A0B 880425[D62C0000]           mov byte [char], al
   774 00000A12 5B                         pop rbx
   775 00000A13 59                         pop rcx
   776 00000A14 58                         pop rax
   777 00000A15 48CF                       iretq
   778                                  keyp:
   779 00000A17 B870000000                 mov rax, 112
   780 00000A1C 4829D8                     sub rax, rbx
   781 00000A1F 880425[D62C0000]           mov byte [char], al
   782 00000A26 5B                         pop rbx
   783 00000A27 59                         pop rcx
   784 00000A28 58                         pop rax
   785 00000A29 48CF                       iretq
   786                                  keyq:
   787 00000A2B B871000000                 mov rax, 113
   788 00000A30 4829D8                     sub rax, rbx
   789 00000A33 880425[D62C0000]           mov byte [char], al
   790 00000A3A 5B                         pop rbx
   791 00000A3B 59                         pop rcx
   792 00000A3C 58                         pop rax
   793 00000A3D 48CF                       iretq
   794                                  keyr:
   795 00000A3F B872000000                 mov rax, 114
   796 00000A44 4829D8                     sub rax, rbx
   797 00000A47 880425[D62C0000]           mov byte [char], al
   798 00000A4E 5B                         pop rbx
   799 00000A4F 59                         pop rcx
   800 00000A50 58                         pop rax
   801 00000A51 48CF                       iretq
   802                                  keys:
   803 00000A53 B873000000                 mov rax, 115
   804 00000A58 4829D8                     sub rax, rbx
   805 00000A5B 880425[D62C0000]           mov byte [char], al
   806 00000A62 5B                         pop rbx
   807 00000A63 59                         pop rcx
   808 00000A64 58                         pop rax
   809 00000A65 48CF                       iretq
   810                                  keyt:
   811 00000A67 B874000000                 mov rax, 116
   812 00000A6C 4829D8                     sub rax, rbx
   813 00000A6F 880425[D62C0000]           mov byte [char], al
   814 00000A76 5B                         pop rbx
   815 00000A77 59                         pop rcx
   816 00000A78 58                         pop rax
   817 00000A79 48CF                       iretq
   818                                  keyu:
   819 00000A7B B875000000                 mov rax, 117
   820 00000A80 4829D8                     sub rax, rbx
   821 00000A83 880425[D62C0000]           mov byte [char], al
   822 00000A8A 5B                         pop rbx
   823 00000A8B 59                         pop rcx
   824 00000A8C 58                         pop rax
   825 00000A8D 48CF                       iretq
   826                                  keyv:
   827 00000A8F B876000000                 mov rax, 118
   828 00000A94 4829D8                     sub rax, rbx
   829 00000A97 880425[D62C0000]           mov byte [char], al
   830 00000A9E 5B                         pop rbx
   831 00000A9F 59                         pop rcx
   832 00000AA0 58                         pop rax
   833 00000AA1 48CF                       iretq
   834                                  keyw:
   835 00000AA3 B877000000                 mov rax, 119
   836 00000AA8 4829D8                     sub rax, rbx
   837 00000AAB 880425[D62C0000]           mov byte [char], al
   838 00000AB2 5B                         pop rbx
   839 00000AB3 59                         pop rcx
   840 00000AB4 58                         pop rax
   841 00000AB5 48CF                       iretq
   842                                  keyx:
   843 00000AB7 B878000000                 mov rax, 120
   844 00000ABC 4829D8                     sub rax, rbx
   845 00000ABF 880425[D62C0000]           mov byte [char], al
   846 00000AC6 5B                         pop rbx
   847 00000AC7 59                         pop rcx
   848 00000AC8 58                         pop rax
   849 00000AC9 48CF                       iretq
   850                                  keyy:
   851 00000ACB B879000000                 mov rax, 121
   852 00000AD0 4829D8                     sub rax, rbx
   853 00000AD3 880425[D62C0000]           mov byte [char], al
   854 00000ADA 5B                         pop rbx
   855 00000ADB 59                         pop rcx
   856 00000ADC 58                         pop rax
   857 00000ADD 48CF                       iretq
   858                                  keyz:
   859 00000ADF B87A000000                 mov rax, 122
   860 00000AE4 4829D8                     sub rax, rbx
   861 00000AE7 880425[D62C0000]           mov byte [char], al
   862 00000AEE 5B                         pop rbx
   863 00000AEF 59                         pop rcx
   864 00000AF0 58                         pop rax
   865 00000AF1 48CF                       iretq
   866                                  special:
   867 00000AF3 C60425[000B0000]01         mov byte [spcbf], 1
   868 00000AFB 5B                         pop rbx
   869 00000AFC 59                         pop rcx
   870 00000AFD 58                         pop rax
   871 00000AFE 48CF                       iretq
   872 00000B00 00                      spcbf: db 0
   873                                  ent:
   874 00000B01 C60425[D62C0000]2A         mov byte [char], '*'
   875 00000B09 5B                         pop rbx
   876 00000B0A 59                         pop rcx
   877 00000B0B 58                         pop rax
   878 00000B0C 48CF                       iretq
   879                                  cpritn:
   880 00000B0E 41BE01000000               mov r14, 1
   881                                  cpritnn:
   882 00000B14 8A02                       mov byte al, [rdx]
   883 00000B16 3C00                       cmp al, 0
   884 00000B18 7437                       je ced
   885 00000B1A 488B1C25[9E2C0000]         mov rbx, [curzor]
   886 00000B22 8803                       mov byte [rbx], al
   887 00000B24 884B01                     mov byte [rbx + 1], cl
   888 00000B27 4883C302                   add rbx, 2
   889 00000B2B 48891C25[9E2C0000]         mov [curzor], rbx
   890 00000B33 4883C201                   add rdx, 1
   891 00000B37 4881FB9F8F0B00             cmp rbx, 0xb8f9f
   892 00000B3E 7609                       jna plees
   893 00000B40 51                         push rcx
   894 00000B41 52                         push rdx
   895 00000B42 E8A4030000                 call dnr
   896 00000B47 5A                         pop rdx
   897 00000B48 59                         pop rcx
   898                                  plees:
   899 00000B49 4989CA                     mov r10, rcx
   900 00000B4C 4989D3                     mov r11, rdx
   901 00000B4F EBC3                       jmp cpritnn
   902                                  ced:
   903 00000B51 4D31F6                     xor r14, r14
   904 00000B54 C3                         ret
   905                                  cls:
   906 00000B55 B8E0810B00                 mov rax, (0xB8000 + 480)
   907                                  lop:
   908 00000B5A C60000                     mov byte [rax], 0x00
   909 00000B5D 483DA08F0B00               cmp rax, 0xB8FA0
   910 00000B63 742A                       je ngeer
   911 00000B65 4883C001                   add rax, 1
   912 00000B69 EBEF                       jmp lop
   913 00000B6B 4831D2                     xor rdx, rdx
   914 00000B6E B800009000                 mov rax, kniha
   915 00000B73 48890425[7C310000]         mov qword [relad], rax
   916                                  lup:
   917 00000B7B C60000                     mov byte [rax], 0
   918 00000B7E 4883C001                   add rax, 1
   919 00000B82 4883C201                   add rdx, 1
   920 00000B86 4881FA803E0000             cmp rdx, 16000
   921 00000B8D 75EC                       jne lup
   922                                  ngeer:
   923 00000B8F 48C70425[9E2C0000]-        mov qword [curzor], (0xB8000 + 480)
   923 00000B97 E0810B00           
   924 00000B9B C3                         ret
   925                                  cmper:
   926 00000B9C 4831C9                     xor rcx, rcx
   927 00000B9F 4831D2                     xor rdx, rdx
   928 00000BA2 8A08                       mov byte cl, [rax]
   929 00000BA4 8A13                       mov byte dl, [rbx]
   930 00000BA6 80FA00                     cmp dl, 0
   931 00000BA9 7414                       je sucend
   932 00000BAB 38D1                       cmp cl, dl
   933 00000BAD 750A                       jne badd
   934 00000BAF 4883C002                   add rax, 2
   935 00000BB3 4883C301                   add rbx, 1
   936 00000BB7 EBE3                       jmp cmper
   937                                  badd:
   938 00000BB9 B800000000                 mov rax, 0
   939 00000BBE C3                         ret
   940                                  sucend:
   941 00000BBF B801000000                 mov rax, 1
   942 00000BC4 C3                         ret
   943                                  cmp:
   944 00000BC5 4831C9                     xor rcx, rcx
   945 00000BC8 4831D2                     xor rdx, rdx
   946 00000BCB 8A08                       mov byte cl, [rax]
   947 00000BCD 8A13                       mov byte dl, [rbx]
   948 00000BCF 80FA00                     cmp dl, 0
   949 00000BD2 7414                       je sucendd
   950 00000BD4 38D1                       cmp cl, dl
   951 00000BD6 750A                       jne baddd
   952 00000BD8 4883C001                   add rax, 1
   953 00000BDC 4883C301                   add rbx, 1
   954 00000BE0 EBE3                       jmp cmp
   955                                  baddd:
   956 00000BE2 B800000000                 mov rax, 0
   957 00000BE7 C3                         ret
   958                                  sucendd:
   959 00000BE8 B801000000                 mov rax, 1
   960 00000BED C3                         ret
   961                                  miguel:
   962 00000BEE 4831D2                     xor rdx, rdx
   963 00000BF1 4831C0                     xor rax, rax
   964 00000BF4 66BAD403                   mov dx, 0x3d4
   965 00000BF8 B00A                       mov al, 0xa
   966 00000BFA EE                         out dx, al
   967 00000BFB 4831C0                     xor rax, rax
   968 00000BFE 4831D2                     xor rdx, rdx
   969 00000C01 66BAD503                   mov dx, 0x3d5
   970 00000C05 B020                       mov al, 0x20
   971 00000C07 EE                         out dx, al
   972 00000C08 E848FFFFFF                 call cls
   973 00000C0D 48C70425[9E2C0000]-        mov qword [curzor], 0xB8000
   973 00000C15 00800B00           
   974 00000C19 48BA-                      mov rdx, head
   974 00000C1B [F92C000000000000] 
   975 00000C23 4831C9                     xor rcx, rcx
   976 00000C26 B11F                       mov cl, 0x1F
   977 00000C28 E8E1FEFFFF                 call cpritn
   978 00000C2D B011                       mov al, 0x11
   979 00000C2F E620                       out 0x20, al
   980 00000C31 E6A0                       out 0xA0, al
   981 00000C33 B020                       mov al, 0x20
   982 00000C35 E621                       out 0x21, al
   983 00000C37 B028                       mov al, 0x28
   984 00000C39 E6A1                       out 0xA1, al
   985 00000C3B B004                       mov al, 0x04
   986 00000C3D E621                       out 0x21, al
   987 00000C3F B002                       mov al, 0x02
   988 00000C41 E6A1                       out 0xA1, al
   989 00000C43 B001                       mov al, 0x01
   990 00000C45 E621                       out 0x21, al
   991 00000C47 E6A1                       out 0xA1, al
   992 00000C49 B0FD                       mov al, 0xFD
   993 00000C4B E621                       out 0x21, al
   994 00000C4D B0FF                       mov al, 0xFF
   995 00000C4F E6A1                       out 0xA1, al
   996 00000C51 48B8-                      mov rax, ksnc
   996 00000C53 [6306000000000000] 
   997 00000C5B BF20040800                 mov rdi, 0x80420
   998 00000C60 668907                     mov [rdi], ax
   999 00000C63 48C1E810                   shr rax, 16
  1000 00000C67 66C747021800               mov word [rdi + 2], CODE67_SEG
  1001 00000C6D C6470400                   mov byte [rdi + 4], 0
  1002 00000C71 C647058E                   mov byte [rdi + 5], 0x8E
  1003 00000C75 66894706                   mov [rdi + 6], ax
  1004 00000C79 48C1E810                   shr rax, 16
  1005 00000C7D 894708                     mov [rdi + 8], eax
  1006 00000C80 C7470C00000000             mov dword [rdi + 12], 0x00000000
  1007 00000C87 48891C25[2E310000]         mov qword [cmdc], rbx
  1008 00000C8F 48C70425[7C310000]-        mov qword [relad], kniha
  1008 00000C97 00009000           
  1009 00000C9B 0F011C25[EF2C0000]         lidt [idttbl]
  1010 00000CA3 FB                         sti
  1011 00000CA4 48B8-                      mov rax, savior
  1011 00000CA6 [6D05000000000000] 
  1012 00000CAE 4889042500000000           mov [0], rax
  1013                                  tets:
  1014 00000CB6 48BA-                      mov rdx, usert
  1014 00000CB8 [0D31000000000000] 
  1015 00000CC0 4831C9                     xor rcx, rcx
  1016 00000CC3 B10A                       mov cl, 0x0A
  1017 00000CC5 E844FEFFFF                 call cpritn
  1018 00000CCA 488B0425[9E2C0000]         mov qword rax, [curzor]
  1019 00000CD2 48890425[2E310000]         mov qword [cmdc], rax
  1020                                  testt:
  1021 00000CDA 8A1425[D62C0000]           mov dl, byte [char]
  1022 00000CE1 80FA00                     cmp dl, 0
  1023 00000CE4 74F4                       je testt
  1024 00000CE6 80FA22                     cmp dl, '"'
  1025 00000CE9 0F84EE000000               je upr
  1026 00000CEF 80FA27                     cmp dl, "'"
  1027 00000CF2 0F84F3010000               je dnr
  1028 00000CF8 4831C0                     xor rax, rax
  1029 00000CFB 488B0425[9E2C0000]         mov qword rax, [curzor]
  1030 00000D03 483DA08F0B00               cmp rax, 0xb8fa0
  1031 00000D09 774D                       ja panic
  1032 00000D0B 483DE0810B00               cmp rax, 0xb8000 + 480
  1033 00000D11 7225                       jb pann
  1034 00000D13 80FA2A                     cmp dl, "*"
  1035 00000D16 7463                       je eter
  1036 00000D18 8810                       mov byte [rax], dl
  1037 00000D1A C6400107                   mov byte [rax + 1], 0x07
  1038 00000D1E 4883C002                   add qword rax, 2
  1039 00000D22 48890425[9E2C0000]         mov qword [curzor], rax
  1040 00000D2A C6400170                   mov byte [rax +1], 0x70
  1041 00000D2E C60425[D62C0000]00         mov byte [char], 0
  1042 00000D36 EBA2                       jmp testt
  1043                                  pann:
  1044 00000D38 41BE01000000               mov r14, 1
  1045 00000D3E E89A000000                 call upr
  1046 00000D43 488B0425[9E2C0000]         mov rax, qword [curzor]
  1047 00000D4B 483DE0810B00               cmp rax, 0xB81E0
  1048 00000D51 72E5                       jb pann
  1049 00000D53 4D31F6                     xor r14, r14
  1050 00000D56 EB82                       jmp testt
  1051                                  panic:
  1052 00000D58 41BE01000000               mov r14, 1
  1053 00000D5E E888010000                 call dnr
  1054 00000D63 488B0425[9E2C0000]         mov rax, qword [curzor]
  1055 00000D6B 483DA08F0B00               cmp rax, 0xB8fa0
  1056 00000D71 77E5                       ja panic
  1057 00000D73 4D31F6                     xor r14, r14
  1058 00000D76 E95FFFFFFF                 jmp testt
  1059                                  eter:
  1060 00000D7B 488B0425[9E2C0000]         mov qword rax, [curzor]
  1061 00000D83 482B0425[2E310000]         sub rax, [cmdc]
  1062 00000D8B 48890425[26310000]         mov [clen], rax
  1063 00000D93 488B0425[9E2C0000]         mov qword rax, [curzor]
  1064 00000D9B C6400100                   mov byte [rax + 1], 0x00
  1065 00000D9F 4831C0                     xor rax, rax
  1066 00000DA2 488B0425[9E2C0000]         mov qword rax, [curzor]
  1067 00000DAA 482D00800B00               sub rax, 0xB8000
  1068 00000DB0 4831D2                     xor rdx, rdx
  1069 00000DB3 BBA0000000                 mov rbx, 160
  1070 00000DB8 48F7F3                     div rbx
  1071 00000DBB 4883C001                   add rax, 1
  1072 00000DBF 48F7E3                     mul rbx
  1073 00000DC2 480500800B00               add rax, 0xB8000
  1074 00000DC8 48890425[9E2C0000]         mov qword [curzor], rax 
  1075 00000DD0 C60425[D62C0000]00         mov byte [char], 0
  1076 00000DD8 E97F030000                 jmp systm
  1077                                  upr:
  1078 00000DDD 4C89C0                     mov rax, r8
  1079 00000DE0 4C89CB                     mov rbx, r9
  1080 00000DE3 4C89D1                     mov rcx, r10
  1081 00000DE6 4C89DA                     mov rdx, r11
  1082 00000DE9 BE008F0B00                 mov rsi, (0xB8000 + 3840)
  1083 00000DEE BFA0000000                 mov rdi, mbf
  1084 00000DF3 4831C9                     xor rcx, rcx
  1085 00000DF6 4831D2                     xor rdx, rdx
  1086                                  copyp:
  1087 00000DF9 4883C201                   add rdx, 1
  1088 00000DFD 8A0E                       mov cl, [rsi]
  1089 00000DFF 880F                       mov [rdi], cl
  1090 00000E01 4883C601                   add rsi, 1
  1091 00000E05 4883C701                   add rdi, 1
  1092 00000E09 4881FAA0000000             cmp rdx, 160
  1093 00000E10 75E7                       jne copyp
  1094                                  shifter:
  1095 00000E12 BEA08F0B00                 mov rsi, (0xB8000 + 4000)
  1096 00000E17 BF008F0B00                 mov rdi, (0xB8000 + 3840)
  1097 00000E1C 4831D2                     xor rdx, rdx
  1098 00000E1F 4831C9                     xor rcx, rcx
  1099                                  shiflp:
  1100 00000E22 4883C201                   add rdx, 1
  1101 00000E26 8A0F                       mov cl, [rdi]
  1102 00000E28 880E                       mov [rsi], cl
  1103 00000E2A 4883EF01                   sub rdi, 1
  1104 00000E2E 4883EE01                   sub rsi, 1
  1105 00000E32 4881FAC00D0000             cmp rdx, 3520
  1106 00000E39 75E7                       jne shiflp
  1107                                  fsmv:
  1108 00000E3B 488B3425[7C310000]         mov rsi, [relad]
  1109 00000E43 BFE0810B00                 mov rdi, (0xB8000 + 480)
  1110 00000E48 4881EEA0000000             sub rsi, 160
  1111 00000E4F 48893425[7C310000]         mov [relad], rsi
  1112 00000E57 4831D2                     xor rdx, rdx
  1113 00000E5A 4831C9                     xor rcx, rcx
  1114                                  fsmlp:
  1115 00000E5D 4883C201                   add rdx, 1
  1116 00000E61 8A0E                       mov cl, [rsi]
  1117 00000E63 880F                       mov [rdi], cl
  1118 00000E65 4883C601                   add rsi, 1
  1119 00000E69 4883C701                   add rdi, 1
  1120 00000E6D 4881FAA0000000             cmp rdx, 160
  1121 00000E74 75E7                       jne fsmlp
  1122 00000E76 BEA0000000                 mov rsi, mbf
  1123 00000E7B 488B3C25[7C310000]         mov rdi, [relad]
  1124 00000E83 4831D2                     xor rdx, rdx
  1125 00000E86 4831C9                     xor rcx, rcx
  1126                                  savlp:
  1127 00000E89 4883C201                   add rdx, 1
  1128 00000E8D 8A0E                       mov cl, [rsi]
  1129 00000E8F 880F                       mov [rdi], cl
  1130 00000E91 4883C701                   add rdi, 1
  1131 00000E95 4883C601                   add rsi, 1
  1132 00000E99 4881FAA0000000             cmp rdx, 160
  1133 00000EA0 75E7                       jne savlp
  1134 00000EA2 C60425[D62C0000]00         mov byte [char], 0
  1135 00000EAA 488B0425[2E310000]         mov qword rax, [cmdc]
  1136 00000EB2 488B1C25[9E2C0000]         mov qword rbx, [curzor]
  1137 00000EBA 4805A0000000               add rax, 160
  1138 00000EC0 4881C3A0000000             add rbx, 160
  1139 00000EC7 48890425[2E310000]         mov qword [cmdc], rax
  1140 00000ECF 48891C25[9E2C0000]         mov qword [curzor], rbx
  1141 00000ED7 4983FE01                   cmp r14, 1
  1142 00000EDB 740D                       je cal
  1143 00000EDD C60425[D62C0000]00         mov byte [char], 0
  1144 00000EE5 E9F0FDFFFF                 jmp testt
  1145                                  cal:
  1146 00000EEA C3                         ret
  1147                                  dnr:
  1148 00000EEB BEE0810B00                 mov rsi, (0xB8000 + 480)
  1149 00000EF0 BFA0000000                 mov rdi, mbf
  1150 00000EF5 4831C9                     xor rcx, rcx
  1151 00000EF8 4831D2                     xor rdx, rdx
  1152                                  cplp:
  1153 00000EFB 4883C201                   add rdx, 1
  1154 00000EFF 8A0E                       mov cl, [rsi]
  1155 00000F01 880F                       mov [rdi], cl
  1156 00000F03 4883C601                   add rsi, 1
  1157 00000F07 4883C701                   add rdi, 1
  1158 00000F0B 4881FAA0000000             cmp rdx, 160
  1159 00000F12 75E7                       jne cplp
  1160                                  sfts:
  1161 00000F14 BE80820B00                 mov rsi, (0xB8000 + 640)
  1162 00000F19 BFE0810B00                 mov rdi, (0xB8000 + 480)
  1163 00000F1E 4831D2                     xor rdx, rdx
  1164 00000F21 4831C9                     xor rcx, rcx
  1165                                  sftlp:
  1166 00000F24 4883C201                   add rdx, 1
  1167 00000F28 8A0E                       mov cl, [rsi]
  1168 00000F2A 880F                       mov [rdi], cl
  1169 00000F2C 4883C701                   add rdi, 1
  1170 00000F30 4883C601                   add rsi, 1
  1171 00000F34 4881FAC00D0000             cmp rdx, 3520
  1172 00000F3B 75E7                       jne sftlp
  1173                                  lstmv:
  1174 00000F3D 488B3425[7C310000]         mov rsi, [relad]
  1175 00000F45 BF008F0B00                 mov rdi, (0xB8000 + 3840)
  1176 00000F4A 4831D2                     xor rdx, rdx
  1177 00000F4D 4831C9                     xor rcx, rcx
  1178                                  lstlp:
  1179 00000F50 4883C201                   add rdx, 1
  1180 00000F54 8A0E                       mov cl, [rsi]
  1181 00000F56 880F                       mov [rdi], cl
  1182 00000F58 4883C601                   add rsi, 1
  1183 00000F5C 4883C701                   add rdi, 1
  1184 00000F60 4881FAA0000000             cmp rdx, 160
  1185 00000F67 75E7                       jne lstlp
  1186 00000F69 BEA0000000                 mov rsi, mbf
  1187 00000F6E 488B3C25[7C310000]         mov rdi, [relad]
  1188 00000F76 4831D2                     xor rdx, rdx
  1189 00000F79 4831C9                     xor rcx, rcx
  1190                                  svlp:
  1191 00000F7C 4883C201                   add rdx, 1
  1192 00000F80 8A0E                       mov cl, [rsi]
  1193 00000F82 880F                       mov [rdi], cl
  1194 00000F84 4883C701                   add rdi, 1
  1195 00000F88 4883C601                   add rsi, 1
  1196 00000F8C 4881FAA0000000             cmp rdx, 160
  1197 00000F93 75E7                       jne svlp
  1198 00000F95 48893C25[7C310000]         mov qword [relad], rdi
  1199 00000F9D 488B0425[2E310000]         mov qword rax, [cmdc]
  1200 00000FA5 488B1C25[9E2C0000]         mov qword rbx, [curzor]
  1201 00000FAD 482DA0000000               sub rax, 160
  1202 00000FB3 4881EBA0000000             sub rbx, 160
  1203 00000FBA 48890425[2E310000]         mov qword [cmdc], rax
  1204 00000FC2 48891C25[9E2C0000]         mov qword [curzor], rbx
  1205 00000FCA C60425[D62C0000]00         mov byte [char], 0
  1206 00000FD2 4983FE01                   cmp r14, 1
  1207 00000FD6 7405                       je col
  1208 00000FD8 E9FDFCFFFF                 jmp testt
  1209                                  col:
  1210 00000FDD C3                         ret
  1211                                  gatherer:
  1212 00000FDE 4D31D2                     xor r10, r10
  1213 00000FE1 4831C0                     xor rax, rax
  1214 00000FE4 488B1C25[2E310000]         mov rbx, [cmdc]
  1215 00000FEC 48031C25[26310000]         add rbx, [clen]
  1216 00000FF4 807A0278                   cmp byte [rdx + 2], 'x'
  1217 00000FF8 744C                       je itshex
  1218 00000FFA 807A0258                   cmp byte [rdx + 2], 'X'
  1219 00000FFE 7446                       je itshex
  1220 00001000 B90A000000                 mov rcx, 10
  1221 00001005 4D31C0                     xor r8, r8
  1222 00001008 4D31C9                     xor r9, r9
  1223                                  getlp:
  1224 0000100B 4839DA                     cmp rdx, rbx
  1225 0000100E 742B                       je konex
  1226 00001010 4C0FB602                   movzx r8, byte [rdx]
  1227 00001014 4983F820                   cmp r8, ' '
  1228 00001018 0F84EF000000               je andr
  1229 0000101E 4983F830                   cmp r8, 48
  1230 00001022 7218                       jb sike
  1231 00001024 4983F839                   cmp r8, 57
  1232 00001028 7712                       ja sike
  1233 0000102A 4983E830                   sub r8, 48
  1234 0000102E 480FAFC1                   imul rax, rcx
  1235 00001032 4C01C0                     add rax, r8
  1236 00001035 4883C202                   add rdx, 2
  1237 00001039 EBD0                       jmp getlp
  1238                                  konex:
  1239 0000103B C3                         ret
  1240                                  sike:
  1241 0000103C 4D31C9                     xor r9, r9
  1242 0000103F 41B901000000               mov r9, 1
  1243 00001045 C3                         ret
  1244                                  itshex:
  1245 00001046 4D31C9                     xor r9, r9
  1246 00001049 4883C204                   add rdx, 4
  1247 0000104D B910000000                 mov rcx, 16
  1248 00001052 41BA01000000               mov r10, 1
  1249                                  gtlp:
  1250 00001058 4839DA                     cmp rdx, rbx
  1251 0000105B 74DE                       je konex
  1252 0000105D 4C0FB602                   movzx r8, byte [rdx]
  1253 00001061 4983F820                   cmp r8, ' '
  1254 00001065 0F84A2000000               je andr
  1255 0000106B 4983F830                   cmp r8, 48
  1256 0000106F 72CB                       jb sike
  1257 00001071 4983F866                   cmp r8, 102
  1258 00001075 77C5                       ja sike
  1259 00001077 4983F861                   cmp r8, 'a'
  1260 0000107B 7460                       je hea
  1261 0000107D 4983F841                   cmp r8, 'A'
  1262 00001081 745A                       je hea
  1263 00001083 4983F862                   cmp r8, 'b'
  1264 00001087 745C                       je heb
  1265 00001089 4983F842                   cmp r8, 'B'
  1266 0000108D 7456                       je heb
  1267 0000108F 4983F863                   cmp r8, 'c'
  1268 00001093 7458                       je hec
  1269 00001095 4983F843                   cmp r8, 'C'
  1270 00001099 7452                       je hec
  1271 0000109B 4983F864                   cmp r8, 'd'
  1272 0000109F 7454                       je hed
  1273 000010A1 4983F844                   cmp r8, 'D'
  1274 000010A5 744E                       je hed
  1275 000010A7 4983F865                   cmp r8, 'e'
  1276 000010AB 7450                       je hee
  1277 000010AD 4983F845                   cmp r8, 'E'
  1278 000010B1 744A                       je hee
  1279 000010B3 4983F866                   cmp r8, 'f'
  1280 000010B7 744C                       je hef
  1281 000010B9 4983F846                   cmp r8, 'F'
  1282 000010BD 7446                       je hef
  1283 000010BF 4983F839                   cmp r8, 57
  1284 000010C3 0F8773FFFFFF               ja sike
  1285 000010C9 4983E830                   sub r8, 48
  1286                                  reter:
  1287 000010CD 480FAFC1                   imul rax, rcx
  1288 000010D1 4C01C0                     add rax, r8
  1289 000010D4 4883C202                   add rdx, 2
  1290 000010D8 E97BFFFFFF                 jmp gtlp
  1291                                  hea:
  1292 000010DD 41B80A000000               mov r8, 10
  1293 000010E3 EBE8                       jmp reter
  1294                                  heb:
  1295 000010E5 41B80B000000               mov r8, 11
  1296 000010EB EBE0                       jmp reter
  1297                                  hec:
  1298 000010ED 41B80C000000               mov r8, 12
  1299 000010F3 EBD8                       jmp reter
  1300                                  hed:
  1301 000010F5 41B80D000000               mov r8, 13
  1302 000010FB EBD0                       jmp reter
  1303                                  hee:
  1304 000010FD 41B80E000000               mov r8, 14
  1305 00001103 EBC8                       jmp reter
  1306                                  hef:
  1307 00001105 41B80F000000               mov r8, 15
  1308 0000110B EBC0                       jmp reter
  1309                                  andr:
  1310 0000110D 41B902000000               mov r9, 2
  1311 00001113 C3                         ret
  1312                                  tim:
  1313 00001114 4D31C9                     xor r9, r9
  1314 00001117 B00A                       mov al, 0x0a
  1315 00001119 E670                       out 0x70, al
  1316 0000111B E471                       in al, 0x71
  1317 0000111D A880                       test al, 0x80
  1318 0000111F 75F3                       jnz tim
  1319 00001121 B00B                       mov al, 0xb
  1320 00001123 E670                       out 0x70, al
  1321 00001125 E471                       in al, 0x71
  1322 00001127 A804                       test al, 0x4
  1323 00001129 7506                       jnz binry
  1324 0000112B 41B901000000               mov r9, 1
  1325                                     binry:
  1326 00001131 4831C0                     xor rax, rax
  1327 00001134 4831DB                     xor rbx, rbx
  1328 00001137 4831C9                     xor rcx, rcx
  1329 0000113A 4831D2                     xor rdx, rdx
  1330 0000113D B007                       mov al, 0x7
  1331 0000113F E670                       out 0x70, al
  1332 00001141 E471                       in al, 0x71
  1333 00001143 88C2                       mov dl, al
  1334 00001145 B004                       mov al, 0x4
  1335 00001147 E670                       out 0x70, al
  1336 00001149 E471                       in al, 0x71
  1337 0000114B 88C1                       mov cl, al
  1338 0000114D B002                       mov al, 0x2
  1339 0000114F E670                       out 0x70, al
  1340 00001151 E471                       in al, 0x71
  1341 00001153 88C3                       mov bl, al
  1342 00001155 B000                       mov al, 0
  1343 00001157 E670                       out 0x70, al
  1344 00001159 E471                       in al, 0x71
  1345 0000115B C3                         ret
  1346                                  systm:
  1347 0000115C 48BA-                      mov rdx, syst
  1347 0000115E [1531000000000000] 
  1348 00001166 B1C6                       mov cl, 0xC6
  1349 00001168 E8A1F9FFFF                 call cpritn
  1350 0000116D 48BB-                      mov rbx, clscm
  1350 0000116F [0031000000000000] 
  1351 00001177 488B0425[2E310000]         mov rax, [cmdc]
  1352 0000117F E818FAFFFF                 call cmper
  1353 00001184 4883F801                   cmp rax, 1
  1354 00001188 0F8419120000               je clsdo
  1355 0000118E 48BB-                      mov rbx, hlpcm
  1355 00001190 [EA2D000000000000] 
  1356 00001198 488B0425[2E310000]         mov rax, [cmdc]
  1357 000011A0 E8F7F9FFFF                 call cmper
  1358 000011A5 4883F801                   cmp rax, 1
  1359 000011A9 0F8465120000               je helpdo
  1360 000011AF 48BB-                      mov rbx, vercm
  1360 000011B1 [EF2D000000000000] 
  1361 000011B9 488B0425[2E310000]         mov rax, [cmdc]
  1362 000011C1 E8D6F9FFFF                 call cmper
  1363 000011C6 4883F801                   cmp rax, 1
  1364 000011CA 0F845A120000               je verdo
  1365 000011D0 48BB-                      mov rbx, wht
  1365 000011D2 [3D30000000000000] 
  1366 000011DA 488B0425[2E310000]         mov rax, [cmdc]
  1367 000011E2 E8B5F9FFFF                 call cmper
  1368 000011E7 4883F801                   cmp rax, 1
  1369 000011EB 0F8459130000               je whtdo
  1370 000011F1 48BB-                      mov rbx, cred
  1370 000011F3 [F32D000000000000] 
  1371 000011FB 488B0425[2E310000]         mov rax, [cmdc]
  1372 00001203 E894F9FFFF                 call cmper
  1373 00001208 4883F801                   cmp rax, 1
  1374 0000120C 0F842E120000               je creddo
  1375 00001212 48BB-                      mov rbx, echcm
  1375 00001214 [4630000000000000] 
  1376 0000121C 488B0425[2E310000]         mov rax, [cmdc]
  1377 00001224 E873F9FFFF                 call cmper
  1378 00001229 4883F801                   cmp rax, 1
  1379 0000122D 0F846D120000               je echdo
  1380 00001233 48BB-                      mov rbx, memf
  1380 00001235 [9E30000000000000] 
  1381 0000123D 488B0425[2E310000]         mov rax, [cmdc]
  1382 00001245 E852F9FFFF                 call cmper
  1383 0000124A 4883F801                   cmp rax, 1
  1384 0000124E 0F84CF140000               je memfdo
  1385 00001254 48BB-                      mov rbx, tran
  1385 00001256 [6C31000000000000] 
  1386 0000125E 488B0425[2E310000]         mov rax, [cmdc]
  1387 00001266 E831F9FFFF                 call cmper
  1388 0000126B 4883F801                   cmp rax, 1
  1389 0000126F 0F8492120000               je trando
  1390 00001275 48BB-                      mov rbx, memp
  1390 00001277 [A330000000000000] 
  1391 0000127F 488B0425[2E310000]         mov rax, [cmdc]
  1392 00001287 E810F9FFFF                 call cmper
  1393 0000128C 4883F801                   cmp rax, 1
  1394 00001290 0F84C0110000               je mmpdo
  1395 00001296 48BB-                      mov rbx, time
  1395 00001298 [A730000000000000] 
  1396 000012A0 488B0425[2E310000]         mov rax, [cmdc]
  1397 000012A8 E8EFF8FFFF                 call cmper
  1398 000012AD 4883F801                   cmp rax, 1
  1399 000012B1 0F8455020000               je tmdo
  1400 000012B7 48BB-                      mov rbx, wdr
  1400 000012B9 [0431000000000000] 
  1401 000012C1 488B0425[2E310000]         mov rax, [cmdc]
  1402 000012C9 E8CEF8FFFF                 call cmper
  1403 000012CE 4883F801                   cmp rax, 1
  1404 000012D2 0F844A130000               je debdo
  1405 000012D8 48BB-                      mov rbx, stai
  1405 000012DA [5730000000000000] 
  1406 000012E2 488B0425[2E310000]         mov rax, [cmdc]
  1407 000012EA E8ADF8FFFF                 call cmper
  1408 000012EF 4883F801                   cmp rax, 1
  1409 000012F3 0F84DD020000               je stdo
  1410 000012F9 48BB-                      mov rbx, reds
  1410 000012FB [2131000000000000] 
  1411 00001303 488B0425[2E310000]         mov rax, [cmdc]
  1412 0000130B E88CF8FFFF                 call cmper
  1413 00001310 4883F801                   cmp rax, 1
  1414 00001314 0F8497100000               je rdsdo
  1415 0000131A 48BB-                      mov rbx, inout
  1415 0000131C [AD2C000000000000] 
  1416 00001324 488B0425[2E310000]         mov rax, [cmdc]
  1417 0000132C E86BF8FFFF                 call cmper
  1418 00001331 4883F801                   cmp rax, 1
  1419 00001335 0F8449010000               je ido
  1420 0000133B 48BB-                      mov rbx, pltai
  1420 0000133D [A62C000000000000] 
  1421 00001345 488B0425[2E310000]         mov rax, [cmdc]
  1422 0000134D E84AF8FFFF                 call cmper
  1423 00001352 4883F801                   cmp rax, 1
  1424 00001356 0F84E3170000               je pltdo
  1425 0000135C 48BB-                      mov rbx, asii
  1425 0000135E [7631000000000000] 
  1426 00001366 488B0425[2E310000]         mov rax, [cmdc]
  1427 0000136E E829F8FFFF                 call cmper
  1428 00001373 4883F801                   cmp rax, 1
  1429 00001377 7457                       je qdo
  1430 00001379 48BB-                      mov rbx, wakup
  1430 0000137B [942C000000000000] 
  1431 00001383 488B0425[2E310000]         mov rax, [cmdc]
  1432 0000138B E80CF8FFFF                 call cmper
  1433 00001390 4883F801                   cmp rax, 1
  1434 00001394 0F84D7130000               je prd
  1435                                  newliner:
  1436 0000139A 4831C0                     xor rax, rax
  1437 0000139D 488B0425[9E2C0000]         mov qword rax, [curzor]
  1438 000013A5 482D00800B00               sub rax, 0xB8000
  1439 000013AB 4831D2                     xor rdx, rdx
  1440 000013AE BBA0000000                 mov rbx, 160
  1441 000013B3 48F7F3                     div rbx
  1442 000013B6 4883C001                   add rax, 1
  1443 000013BA 48F7E3                     mul rbx
  1444 000013BD 480500800B00               add rax, 0xB8000
  1445 000013C3 48890425[9E2C0000]         mov qword [curzor], rax
  1446 000013CB E9E6F8FFFF                 jmp tets
  1447                                  qdo:
  1448 000013D0 488B1C25[2E310000]         mov rbx, [cmdc]
  1449 000013D8 4883C30C                   add rbx, 12
  1450 000013DC 488B0425[9E2C0000]         mov rax, [curzor]
  1451 000013E4 48BA-                      mov rdx, chata
  1451 000013E6 [0040000000000000] 
  1452 000013EE 48891425[77140000]         mov qword [bufc], rdx
  1453 000013F6 E818000000                 call wavef
  1454 000013FB E88B0B0000                 call tkenc
  1455 00001400 48BA-                      mov rdx, chata
  1455 00001402 [0040000000000000] 
  1456 0000140A B107                       mov cl, 0x7
  1457 0000140C E8FDF6FFFF                 call cpritn
  1458 00001411 EB87                       jmp newliner
  1459                                     ; still working here
  1460                                  wavef:
  1461 00001413 4831C9                     xor rcx, rcx
  1462                                  wordelizer:
  1463 00001416 4839D8                     cmp rax, rbx
  1464 00001419 745B                       je formated
  1465 0000141B 803B20                     cmp byte [rbx], ' '
  1466 0000141E 7409                       je dskp
  1467 00001420 48FFC1                     inc rcx
  1468 00001423 4883C302                   add rbx, 2
  1469 00001427 EBED                       jmp wordelizer
  1470                                  dskp:
  1471 00001429 50                         push rax
  1472 0000142A 53                         push rbx
  1473 0000142B 4883F900                   cmp rcx, 0
  1474 0000142F 743D                       je gut
  1475 00001431 488B1425[77140000]         mov rdx, qword [bufc]
  1476 00001439 880A                       mov byte [rdx], cl
  1477 0000143B 4883C201                   add rdx, 1
  1478 0000143F 4831C0                     xor rax, rax
  1479 00001442 4829CB                     sub rbx, rcx
  1480 00001445 4989D0                     mov r8, rdx
  1481                                  pplp:
  1482 00001448 4839C1                     cmp rcx, rax
  1483 0000144B 7411                       je idn
  1484 0000144D 8A13                       mov dl, byte [rbx]
  1485 0000144F 418810                     mov byte [r8], dl
  1486 00001452 4883C302                   add rbx, 2
  1487 00001456 48FFC0                     inc rax
  1488 00001459 49FFC0                     inc r8
  1489 0000145C EBEA                       jmp pplp
  1490                                  idn:
  1491 0000145E 4C890425[77140000]         mov qword [bufc], r8
  1492 00001466 5B                         pop rbx
  1493 00001467 58                         pop rax
  1494 00001468 4883C302                   add rbx, 2
  1495 0000146C EBA8                       jmp wordelizer
  1496                                  gut:
  1497 0000146E 5B                         pop rbx
  1498 0000146F 58                         pop rax
  1499 00001470 4883C302                   add rbx, 2
  1500 00001474 EBA0                       jmp wordelizer
  1501                                  formated:
  1502 00001476 C3                         ret
  1503 00001477 0000000000000000        bufc: dq 0
  1504 0000147F E932F8FFFF                 jmp tets
  1505                                  ido:
  1506 00001484 488B1425[2E310000]         mov rdx, [cmdc]
  1507 0000148C 4883C20C                   add rdx, 12
  1508 00001490 E849FBFFFF                 call gatherer
  1509 00001495 4989C7                     mov r15, rax
  1510 00001498 4157                       push r15
  1511 0000149A 4983F901                   cmp r9, 1
  1512 0000149E 0F8498FBFFFF               je sike
  1513 000014A4 4883C202                   add rdx, 2
  1514 000014A8 E831FBFFFF                 call gatherer
  1515 000014AD 4983F901                   cmp r9, 1
  1516 000014B1 0F8485FBFFFF               je sike
  1517 000014B7 4989C7                     mov r15, rax
  1518 000014BA 4157                       push r15
  1519 000014BC 4983F901                   cmp r9, 1
  1520 000014C0 0F8476FBFFFF               je sike
  1521 000014C6 4883C202                   add rdx, 2
  1522 000014CA E80FFBFFFF                 call gatherer
  1523 000014CF 4983F901                   cmp r9, 1
  1524 000014D3 0F8463FBFFFF               je sike
  1525 000014D9 4989C6                     mov r14, rax
  1526 000014DC 415F                       pop r15
  1527 000014DE 4D89FD                     mov r13, r15
  1528 000014E1 415F                       pop r15
  1529 000014E3 4C89F8                     mov rax, r15
  1530 000014E6 4831D2                     xor rdx, rdx
  1531 000014E9 4C89EA                     mov rdx, r13
  1532 000014EC EE                         out dx, al
  1533 000014ED 4C89F2                     mov rdx, r14
  1534 000014F0 EC                         in al, dx
  1535 000014F1 E811F1FFFF                 call bintrn
  1536 000014F6 48BA-                      mov rdx, netanyahu
  1536 000014F8 [4D06000000000000] 
  1537 00001500 B107                       mov cl, 0x7
  1538 00001502 E807F6FFFF                 call cpritn
  1539 00001507 E98EFEFFFF                 jmp newliner
  1540                                  tmdo:
  1541 0000150C E803FCFFFF                 call tim
  1542 00001511 4983F900                   cmp r9, 0
  1543 00001515 0F84F20D0000               je bint
  1544 0000151B 4D31ED                     xor r13, r13
  1545 0000151E 4D31E4                     xor r12, r12
  1546 00001521 4D31DB                     xor r11, r11
  1547 00001524 4989DB                     mov r11, rbx
  1548 00001527 4989CC                     mov r12, rcx
  1549 0000152A 4989D5                     mov r13, rdx
  1550 0000152D E84BF0FFFF                 call hexbintrn
  1551 00001532 48BA-                      mov rdx, netanyahu
  1551 00001534 [4D06000000000000] 
  1552 0000153C 4883C210                   add rdx, 16
  1553 00001540 B107                       mov cl, 0x7
  1554 00001542 E8C7F5FFFF                 call cpritn
  1555 00001547 48BA-                      mov rdx, crk
  1555 00001549 [C130000000000000] 
  1556 00001551 B107                       mov cl, 0x7
  1557 00001553 E8B6F5FFFF                 call cpritn
  1558 00001558 4C89D8                     mov rax, r11
  1559 0000155B E81DF0FFFF                 call hexbintrn
  1560 00001560 48BA-                      mov rdx, netanyahu
  1560 00001562 [4D06000000000000] 
  1561 0000156A 4883C210                   add rdx, 16
  1562 0000156E B107                       mov cl, 0x7
  1563 00001570 E899F5FFFF                 call cpritn
  1564 00001575 48BA-                      mov rdx, crk
  1564 00001577 [C130000000000000] 
  1565 0000157F B107                       mov cl, 0x7
  1566 00001581 E888F5FFFF                 call cpritn
  1567 00001586 4C89E0                     mov rax, r12
  1568 00001589 E8EFEFFFFF                 call hexbintrn
  1569 0000158E 48BA-                      mov rdx, netanyahu
  1569 00001590 [4D06000000000000] 
  1570 00001598 4883C210                   add rdx, 16
  1571 0000159C B107                       mov cl, 0x7
  1572 0000159E E86BF5FFFF                 call cpritn
  1573 000015A3 48BA-                      mov rdx, crk
  1573 000015A5 [C130000000000000] 
  1574 000015AD B107                       mov cl, 0x7
  1575 000015AF E85AF5FFFF                 call cpritn
  1576 000015B4 4C89E8                     mov rax, r13
  1577 000015B7 E8C1EFFFFF                 call hexbintrn
  1578 000015BC 48BA-                      mov rdx, netanyahu
  1578 000015BE [4D06000000000000] 
  1579 000015C6 4883C210                   add rdx, 16
  1580 000015CA B107                       mov cl, 0x7
  1581 000015CC E83DF5FFFF                 call cpritn
  1582 000015D1 E9C4FDFFFF                 jmp newliner
  1583                                  stdo:
  1584 000015D6 BE00001000                 mov rsi, 0x100000
  1585 000015DB 813E47475546               cmp dword [rsi], 'GGUF'
  1586 000015E1 0F85470B0000               jne rrr
  1587 000015E7 4883C604                   add rsi, 4
  1588 000015EB 4831C0                     xor rax, rax
  1589 000015EE 8B06                       mov eax, dword [rsi]
  1590 000015F0 890425[661C0000]           mov dword [verison], eax
  1591 000015F7 4883C604                   add rsi, 4
  1592 000015FB 488B06                     mov rax, qword [rsi]
  1593 000015FE 48890425[741C0000]         mov qword [tentry], rax
  1594 00001606 4883C608                   add rsi, 8
  1595 0000160A 488B06                     mov rax, qword [rsi]
  1596 0000160D 48890425[6C1C0000]         mov qword [mentry], rax
  1597 00001615 4883C608                   add rsi, 8
  1598 00001619 56                         push rsi
  1599 0000161A 48BA-                      mov rdx, vtxt
  1599 0000161C [F11B000000000000] 
  1600 00001624 B107                       mov cl, 0x7
  1601 00001626 E8E3F4FFFF                 call cpritn
  1602 0000162B 8B0425[661C0000]           mov eax, dword [verison]
  1603 00001632 E8D0EFFFFF                 call bintrn
  1604 00001637 48BA-                      mov rdx, netanyahu
  1604 00001639 [4D06000000000000] 
  1605 00001641 B107                       mov cl, 0x7
  1606 00001643 E8C6F4FFFF                 call cpritn
  1607 00001648 48BA-                      mov rdx, mtxt
  1607 0000164A [201C000000000000] 
  1608 00001652 B107                       mov cl, 0x7
  1609 00001654 E8B5F4FFFF                 call cpritn
  1610 00001659 488B0425[6C1C0000]         mov rax, qword [mentry]
  1611 00001661 E8A1EFFFFF                 call bintrn
  1612 00001666 48BA-                      mov rdx, netanyahu
  1612 00001668 [4D06000000000000] 
  1613 00001670 B107                       mov cl, 0x7
  1614 00001672 E897F4FFFF                 call cpritn
  1615 00001677 48BA-                      mov rdx, ttet
  1615 00001679 [441C000000000000] 
  1616 00001681 B107                       mov cl, 0x7
  1617 00001683 E886F4FFFF                 call cpritn
  1618 00001688 488B0425[741C0000]         mov rax, qword [tentry]
  1619 00001690 E872EFFFFF                 call bintrn
  1620 00001695 48BA-                      mov rdx, netanyahu
  1620 00001697 [4D06000000000000] 
  1621 0000169F B107                       mov cl, 0x7
  1622 000016A1 E868F4FFFF                 call cpritn
  1623 000016A6 BB18001000                 mov rbx, (0x100000 + 24)
  1624                                  genlp:
  1625 000016AB 488B03                     mov rax, qword [rbx]
  1626 000016AE 4883C308                   add rbx, 8
  1627 000016B2 83F814                     cmp eax, 20
  1628 000016B5 741D                       je findmtdt
  1629                                  tie:
  1630 000016B7 4801C3                     add rbx, rax
  1631 000016BA 8B03                       mov eax, dword [rbx]
  1632 000016BC E87E0B0000                 call tagid
  1633 000016C1 4983F901                   cmp r9, 1
  1634 000016C5 0F84560B0000               je parse_err
  1635 000016CB 4883C304                   add rbx, 4
  1636 000016CF 4801D3                     add rbx, rdx
  1637 000016D2 EBD7                       jmp genlp
  1638                                  findmtdt:
  1639 000016D4 50                         push rax
  1640 000016D5 53                         push rbx
  1641 000016D6 51                         push rcx
  1642 000016D7 52                         push rdx
  1643 000016D8 4889D8                     mov rax, rbx
  1644 000016DB 48BB-                      mov rbx, gnar
  1644 000016DD [AC30000000000000] 
  1645 000016E5 E8DBF4FFFF                 call cmp
  1646 000016EA 4883F801                   cmp rax, 1
  1647 000016EE 7406                       je ganok
  1648 000016F0 5A                         pop rdx
  1649 000016F1 59                         pop rcx
  1650 000016F2 5B                         pop rbx
  1651 000016F3 58                         pop rax
  1652 000016F4 EBC1                       jmp tie
  1653                                  ganok:
  1654 000016F6 5A                         pop rdx
  1655 000016F7 59                         pop rcx
  1656 000016F8 5B                         pop rbx
  1657 000016F9 58                         pop rax
  1658 000016FA 4883C314                   add rbx, 20
  1659 000016FE 8B03                       mov eax, dword [rbx]
  1660 00001700 E83A0B0000                 call tagid
  1661 00001705 4883EA08                   sub rdx, 8
  1662 00001709 4883C30C                   add rbx, 12
  1663 0000170D 48BF-                      mov rdi, prbf
  1663 0000170F [B11C000000000000] 
  1664 00001717 48891425[A91C0000]         mov qword [bflen], rdx
  1665                                  cper:
  1666 0000171F 4883FA40                   cmp rdx, 64
  1667 00001723 0F83F80A0000               jae parse_err
  1668 00001729 8A03                       mov al, byte [rbx]
  1669 0000172B 8807                       mov byte [rdi], al
  1670 0000172D 4883C301                   add rbx, 1
  1671 00001731 4883C701                   add rdi, 1
  1672 00001735 4883EA01                   sub rdx, 1
  1673 00001739 4883FA00                   cmp rdx, 0
  1674 0000173D 75E0                       jne cper
  1675 0000173F 48BA-                      mov rdx, gentxt
  1675 00001741 [7C1C000000000000] 
  1676 00001749 B107                       mov cl, 0x7
  1677 0000174B E8BEF3FFFF                 call cpritn
  1678 00001750 48BA-                      mov rdx, prbf
  1678 00001752 [B11C000000000000] 
  1679 0000175A B107                       mov cl, 0x7
  1680 0000175C E8ADF3FFFF                 call cpritn
  1681 00001761 48BA-                      mov rdx, mtext
  1681 00001763 [FB1B000000000000] 
  1682 0000176B B107                       mov cl, 0x7
  1683 0000176D E89CF3FFFF                 call cpritn
  1684 00001772 48BF-                      mov rdi, bos
  1684 00001774 [C61D000000000000] 
  1685 0000177C 48BE-                      mov rsi, bosb
  1685 0000177E [E21D000000000000] 
  1686 00001786 E8B9090000                 call etfun
  1687 0000178B 48BF-                      mov rdi, eos
  1687 0000178D [E61D000000000000] 
  1688 00001795 48BE-                      mov rsi, eosb
  1688 00001797 [021E000000000000] 
  1689 0000179F E8A0090000                 call etfun
  1690 000017A4 48BF-                      mov rdi, tok
  1690 000017A6 [061E000000000000] 
  1691 000017AE E891090000                 call etfun
  1692 000017B3 4C890425[1C1E0000]         mov qword [toks], r8
  1693 000017BB 4C890C25[241E0000]         mov qword [toke], r9
  1694 000017C3 48BF-                      mov rdi, scr
  1694 000017C5 [2C1E000000000000] 
  1695 000017CD E872090000                 call etfun
  1696 000017D2 4C890425[421E0000]         mov qword [scrs], r8
  1697 000017DA 4C890C25[4A1E0000]         mov qword [scre], r9
  1698 000017E2 48BF-                      mov rdi, tty
  1698 000017E4 [521E000000000000] 
  1699 000017EC E853090000                 call etfun
  1700 000017F1 4C890425[6C1E0000]         mov qword [ttys], r8
  1701 000017F9 4C890C25[741E0000]         mov qword [ttye], r9
  1702 00001801 48BE-                      mov rsi, vsz
  1702 00001803 [7C1D000000000000] 
  1703 0000180B E8F8080000                 call spcp
  1704 00001810 48BF-                      mov rdi, prbf
  1704 00001812 [B11C000000000000] 
  1705 0000181A 48BE-                      mov rsi, vszb
  1705 0000181C [881D000000000000] 
  1706 00001824 E81B090000                 call etfun
  1707 00001829 48BE-                      mov rsi, blc
  1707 0000182B [F11C000000000000] 
  1708 00001833 E8D0080000                 call spcp
  1709 00001838 48BF-                      mov rdi, prbf
  1709 0000183A [B11C000000000000] 
  1710 00001842 48BE-                      mov rsi, blcb
  1710 00001844 [FE1C000000000000] 
  1711 0000184C E8F3080000                 call etfun
  1712 00001851 48BE-                      mov rsi, ctl
  1712 00001853 [4F1D000000000000] 
  1713 0000185B E8A8080000                 call spcp
  1714 00001860 48BF-                      mov rdi, prbf
  1714 00001862 [B11C000000000000] 
  1715 0000186A 48BE-                      mov rsi, ctlb
  1715 0000186C [5F1D000000000000] 
  1716 00001874 E8CB080000                 call etfun
  1717 00001879 48BE-                      mov rsi, rpf
  1717 0000187B [8C1D000000000000] 
  1718 00001883 E880080000                 call spcp
  1719 00001888 48BF-                      mov rdi, prbf
  1719 0000188A [B11C000000000000] 
  1720 00001892 48BE-                      mov rsi, rpfb
  1720 00001894 [9C1D000000000000] 
  1721 0000189C E8A3080000                 call etfun
  1722 000018A1 48BE-                      mov rsi, embl
  1722 000018A3 [021D000000000000] 
  1723 000018AB E858080000                 call spcp
  1724 000018B0 48BF-                      mov rdi, prbf
  1724 000018B2 [B11C000000000000] 
  1725 000018BA 48BE-                      mov rsi, emblb
  1725 000018BC [141D000000000000] 
  1726 000018C4 E87B080000                 call etfun
  1727 000018C9 48BE-                      mov rsi, ffl
  1727 000018CB [631D000000000000] 
  1728 000018D3 E830080000                 call spcp
  1729 000018D8 48BF-                      mov rdi, prbf
  1729 000018DA [B11C000000000000] 
  1730 000018E2 48BE-                      mov rsi, fflb
  1730 000018E4 [781D000000000000] 
  1731 000018EC E853080000                 call etfun
  1732 000018F1 48BE-                      mov rsi, ath
  1732 000018F3 [181D000000000000] 
  1733 000018FB E808080000                 call spcp
  1734 00001900 48BF-                      mov rdi, prbf
  1734 00001902 [B11C000000000000] 
  1735 0000190A 48BE-                      mov rsi, athb
  1735 0000190C [2E1D000000000000] 
  1736 00001914 E82B080000                 call etfun
  1737 00001919 48BE-                      mov rsi, atv
  1737 0000191B [321D000000000000] 
  1738 00001923 E8E0070000                 call spcp
  1739 00001928 48BF-                      mov rdi, prbf
  1739 0000192A [B11C000000000000] 
  1740 00001932 48BE-                      mov rsi, atvb
  1740 00001934 [4B1D000000000000] 
  1741 0000193C E803080000                 call etfun
  1742 00001941 48BE-                      mov rsi, lne
  1742 00001943 [A01D000000000000] 
  1743 0000194B E8B8070000                 call spcp
  1744 00001950 48BF-                      mov rdi, prbf
  1744 00001952 [B11C000000000000] 
  1745 0000195A 48BE-                      mov rsi, lneb
  1745 0000195C [C21D000000000000] 
  1746 00001964 E8DB070000                 call etfun
  1747 00001969 B8[FE1C0000]               mov eax, blcb
  1748 0000196E E894ECFFFF                 call bintrn
  1749 00001973 48BA-                      mov rdx, netanyahu
  1749 00001975 [4D06000000000000] 
  1750 0000197D B107                       mov cl, 0x7
  1751 0000197F E88AF1FFFF                 call cpritn
  1752 00001984 48BA-                      mov rdx, pipe
  1752 00001986 [6A1C000000000000] 
  1753 0000198E B107                       mov cl, 0x7
  1754 00001990 E879F1FFFF                 call cpritn
  1755 00001995 B8[141D0000]               mov eax, emblb
  1756 0000199A E868ECFFFF                 call bintrn
  1757 0000199F 48BA-                      mov rdx, netanyahu
  1757 000019A1 [4D06000000000000] 
  1758 000019A9 B107                       mov cl, 0x7
  1759 000019AB E85EF1FFFF                 call cpritn
  1760 000019B0 48BA-                      mov rdx, pipe
  1760 000019B2 [6A1C000000000000] 
  1761 000019BA B107                       mov cl, 0x7
  1762 000019BC E84DF1FFFF                 call cpritn
  1763 000019C1 B8[2E1D0000]               mov eax, athb
  1764 000019C6 E83CECFFFF                 call bintrn
  1765 000019CB 48BA-                      mov rdx, netanyahu
  1765 000019CD [4D06000000000000] 
  1766 000019D5 B107                       mov cl, 0x7
  1767 000019D7 E832F1FFFF                 call cpritn
  1768 000019DC 48BA-                      mov rdx, pipe
  1768 000019DE [6A1C000000000000] 
  1769 000019E6 B107                       mov cl, 0x7
  1770 000019E8 E821F1FFFF                 call cpritn
  1771 000019ED B8[4B1D0000]               mov eax, atvb
  1772 000019F2 E810ECFFFF                 call bintrn
  1773 000019F7 48BA-                      mov rdx, netanyahu
  1773 000019F9 [4D06000000000000] 
  1774 00001A01 B107                       mov cl, 0x7
  1775 00001A03 E806F1FFFF                 call cpritn
  1776 00001A08 48BA-                      mov rdx, pipe
  1776 00001A0A [6A1C000000000000] 
  1777 00001A12 B107                       mov cl, 0x7
  1778 00001A14 E8F5F0FFFF                 call cpritn
  1779 00001A19 B8[781D0000]               mov eax, fflb
  1780 00001A1E E8E4EBFFFF                 call bintrn
  1781 00001A23 48BA-                      mov rdx, netanyahu
  1781 00001A25 [4D06000000000000] 
  1782 00001A2D B107                       mov cl, 0x7
  1783 00001A2F E8DAF0FFFF                 call cpritn
  1784 00001A34 48BA-                      mov rdx, pipe
  1784 00001A36 [6A1C000000000000] 
  1785 00001A3E B107                       mov cl, 0x7
  1786 00001A40 E8C9F0FFFF                 call cpritn
  1787 00001A45 B8[881D0000]               mov eax, vszb
  1788 00001A4A E8B8EBFFFF                 call bintrn
  1789 00001A4F 48BA-                      mov rdx, netanyahu
  1789 00001A51 [4D06000000000000] 
  1790 00001A59 B107                       mov cl, 0x7
  1791 00001A5B E8AEF0FFFF                 call cpritn
  1792 00001A60 48BA-                      mov rdx, pipe
  1792 00001A62 [6A1C000000000000] 
  1793 00001A6A B107                       mov cl, 0x7
  1794 00001A6C E89DF0FFFF                 call cpritn
  1795 00001A71 B8[C21D0000]               mov eax, lneb
  1796 00001A76 E88CEBFFFF                 call bintrn
  1797 00001A7B 48BA-                      mov rdx, netanyahu
  1797 00001A7D [4D06000000000000] 
  1798 00001A85 B107                       mov cl, 0x7
  1799 00001A87 E882F0FFFF                 call cpritn
  1800 00001A8C 48BA-                      mov rdx, pipe
  1800 00001A8E [6A1C000000000000] 
  1801 00001A96 B107                       mov cl, 0x7
  1802 00001A98 E871F0FFFF                 call cpritn
  1803 00001A9D B8[E21D0000]               mov eax, bosb
  1804 00001AA2 E860EBFFFF                 call bintrn
  1805 00001AA7 48BA-                      mov rdx, netanyahu
  1805 00001AA9 [4D06000000000000] 
  1806 00001AB1 B107                       mov cl, 0x7
  1807 00001AB3 E856F0FFFF                 call cpritn
  1808 00001AB8 48BA-                      mov rdx, pipe
  1808 00001ABA [6A1C000000000000] 
  1809 00001AC2 B107                       mov cl, 0x7
  1810 00001AC4 E845F0FFFF                 call cpritn
  1811 00001AC9 B8[021E0000]               mov eax, eosb
  1812 00001ACE E834EBFFFF                 call bintrn
  1813 00001AD3 48BA-                      mov rdx, netanyahu
  1813 00001AD5 [4D06000000000000] 
  1814 00001ADD B107                       mov cl, 0x7
  1815 00001ADF E82AF0FFFF                 call cpritn
  1816 00001AE4 48BA-                      mov rdx, pipe
  1816 00001AE6 [6A1C000000000000] 
  1817 00001AEE B107                       mov cl, 0x7
  1818 00001AF0 E819F0FFFF                 call cpritn
  1819 00001AF5 B8[1C1E0000]               mov eax, toks
  1820 00001AFA E808EBFFFF                 call bintrn
  1821 00001AFF 48BA-                      mov rdx, netanyahu
  1821 00001B01 [4D06000000000000] 
  1822 00001B09 B107                       mov cl, 0x7
  1823 00001B0B E8FEEFFFFF                 call cpritn
  1824 00001B10 48BA-                      mov rdx, pipe
  1824 00001B12 [6A1C000000000000] 
  1825 00001B1A B107                       mov cl, 0x7
  1826 00001B1C E8EDEFFFFF                 call cpritn
  1827 00001B21 B8[241E0000]               mov eax, toke
  1828 00001B26 E8DCEAFFFF                 call bintrn
  1829 00001B2B 48BA-                      mov rdx, netanyahu
  1829 00001B2D [4D06000000000000] 
  1830 00001B35 B107                       mov cl, 0x7
  1831 00001B37 E8D2EFFFFF                 call cpritn
  1832 00001B3C 48BA-                      mov rdx, pipe
  1832 00001B3E [6A1C000000000000] 
  1833 00001B46 B107                       mov cl, 0x7
  1834 00001B48 E8C1EFFFFF                 call cpritn
  1835 00001B4D B8[421E0000]               mov eax, scrs
  1836 00001B52 E8B0EAFFFF                 call bintrn
  1837 00001B57 48BA-                      mov rdx, netanyahu
  1837 00001B59 [4D06000000000000] 
  1838 00001B61 B107                       mov cl, 0x7
  1839 00001B63 E8A6EFFFFF                 call cpritn
  1840 00001B68 48BA-                      mov rdx, pipe
  1840 00001B6A [6A1C000000000000] 
  1841 00001B72 B107                       mov cl, 0x7
  1842 00001B74 E895EFFFFF                 call cpritn
  1843 00001B79 B8[4A1E0000]               mov eax, scre
  1844 00001B7E E884EAFFFF                 call bintrn
  1845 00001B83 48BA-                      mov rdx, netanyahu
  1845 00001B85 [4D06000000000000] 
  1846 00001B8D B107                       mov cl, 0x7
  1847 00001B8F E87AEFFFFF                 call cpritn
  1848 00001B94 48BA-                      mov rdx, pipe
  1848 00001B96 [6A1C000000000000] 
  1849 00001B9E B107                       mov cl, 0x7
  1850 00001BA0 E869EFFFFF                 call cpritn
  1851 00001BA5 B8[6C1E0000]               mov eax, ttys
  1852 00001BAA E858EAFFFF                 call bintrn
  1853 00001BAF 48BA-                      mov rdx, netanyahu
  1853 00001BB1 [4D06000000000000] 
  1854 00001BB9 B107                       mov cl, 0x7
  1855 00001BBB E84EEFFFFF                 call cpritn
  1856 00001BC0 48BA-                      mov rdx, pipe
  1856 00001BC2 [6A1C000000000000] 
  1857 00001BCA B107                       mov cl, 0x7
  1858 00001BCC E83DEFFFFF                 call cpritn
  1859 00001BD1 B8[741E0000]               mov eax, ttye
  1860 00001BD6 E82CEAFFFF                 call bintrn
  1861 00001BDB 48BA-                      mov rdx, netanyahu
  1861 00001BDD [4D06000000000000] 
  1862 00001BE5 B107                       mov cl, 0x7
  1863 00001BE7 E822EFFFFF                 call cpritn
  1864 00001BEC E9A9F7FFFF                 jmp newliner
  1865 00001BF1 76657273696F6E3A20-     vtxt: db 'version: ', 0
  1865 00001BFA 00                 
  1866 00001BFB 20676F696E67207472-     mtext: db ' going trough metadata entryes..... ', 0
  1866 00001C04 6F756768206D657461-
  1866 00001C0D 6461746120656E7472-
  1866 00001C16 7965732E2E2E2E2E20-
  1866 00001C1F 00                 
  1867 00001C20 206E756D626572206F-     mtxt: db ' number of metadata entryes found: ', 0
  1867 00001C29 66206D657461646174-
  1867 00001C32 6120656E7472796573-
  1867 00001C3B 20666F756E643A2000 
  1868 00001C44 206E756D626572206F-     ttet: db ' number of tensor entryes found: ', 0
  1868 00001C4D 662074656E736F7220-
  1868 00001C56 656E74727965732066-
  1868 00001C5F 6F756E643A2000     
  1869 00001C66 00000000                verison: dd 0
  1870 00001C6A 7C00                    pipe: db '|', 0
  1871 00001C6C 0000000000000000        mentry: dq 0
  1872 00001C74 0000000000000000        tentry: dq 0
  1873 00001C7C 2067656E6E6572616C-     gentxt: db ' genneral architecture: ', 0
  1873 00001C85 206172636869746563-
  1873 00001C8E 747572653A2000     
  1874 00001C95 6D6F64656C20776173-     mdnf: db 'model was mot found', 0
  1874 00001C9E 206D6F7420666F756E-
  1874 00001CA7 6400               
  1875 00001CA9 0000000000000000        bflen: dq 0
  1876 00001CB1 00<rep 40h>             prbf: times 64 db 0
  1877 00001CF1 2E626C6F636B5F636F-     blc:  db '.block_count', 0
  1877 00001CFA 756E7400           
  1878 00001CFE 1E000000                blcb: dd 30
  1879 00001D02 2E656D62656464696E-     embl: db '.embedding_length', 0
  1879 00001D0B 675F6C656E67746800 
  1880 00001D14 40020000                emblb: dd 576
  1881 00001D18 2E617474656E74696F-     ath:  db '.attention.head_count', 0
  1881 00001D21 6E2E686561645F636F-
  1881 00001D2A 756E7400           
  1882 00001D2E 09000000                athb: dd 9
  1883 00001D32 2E617474656E74696F-     atv:  db '.attention.head_count_kv', 0
  1883 00001D3B 6E2E686561645F636F-
  1883 00001D44 756E745F6B7600     
  1884 00001D4B 03000000                atvb: dd 3
  1885 00001D4F 2E636F6E746578745F-     ctl:  db '.context_length', 0
  1885 00001D58 6C656E67746800     
  1886 00001D5F 00200000                ctlb: dd 8192
  1887 00001D63 2E666565645F666F72-     ffl:  db '.feed_forward_length', 0
  1887 00001D6C 776172645F6C656E67-
  1887 00001D75 746800             
  1888 00001D78 00060000                fflb: dd 1536
  1889 00001D7C 2E766F6361625F7369-     vsz:  db '.vocab_size', 0
  1889 00001D85 7A6500             
  1890 00001D88 00C00000                vszb: dd 49152
  1891 00001D8C 2E726F70652E667265-     rpf:  db '.rope.freq_base', 0
  1891 00001D95 715F6261736500     
  1892 00001D9C A0860100                rpfb: dd 100000
  1893 00001DA0 2E617474656E74696F-     lne:  db '.attention.layer_norm_rms_epsilon', 0
  1893 00001DA9 6E2E6C617965725F6E-
  1893 00001DB2 6F726D5F726D735F65-
  1893 00001DBB 7073696C6F6E00     
  1894 00001DC2 17B7D138                lneb: dd 0x38d1b717
  1895 00001DC6 746F6B656E697A6572-     bos:  db 'tokenizer.ggml.bos_token_id', 0
  1895 00001DCF 2E67676D6C2E626F73-
  1895 00001DD8 5F746F6B656E5F6964-
  1895 00001DE1 00                 
  1896 00001DE2 01000000                bosb: dd 1
  1897 00001DE6 746F6B656E697A6572-     eos:  db 'tokenizer.ggml.eos_token_id', 0
  1897 00001DEF 2E67676D6C2E656F73-
  1897 00001DF8 5F746F6B656E5F6964-
  1897 00001E01 00                 
  1898 00001E02 02000000                eosb: dd 2
  1899 00001E06 746F6B656E697A6572-     tok:  db 'tokenizer.ggml.tokens', 0
  1899 00001E0F 2E67676D6C2E746F6B-
  1899 00001E18 656E7300           
  1900 00001E1C 4704000000000000        toks: dq 0x00000447      ; Start offset of token strings (49152 tokens)
  1901 00001E24 65A60B0000000000        toke: dq 0x000BA665      ; End offset of token strings
  1902 00001E2C 746F6B656E697A6572-     scr:  db 'tokenizer.ggml.scores', 0
  1902 00001E35 2E67676D6C2E73636F-
  1902 00001E3E 72657300           
  1903 00001E42 0000000000000000        scrs: dq 0
  1904 00001E4A 0000000000000000        scre: dq 0
  1905 00001E52 746F6B656E697A6572-     tty:  db 'tokenizer.ggml.token_type', 0
  1905 00001E5B 2E67676D6C2E746F6B-
  1905 00001E64 656E5F7479706500   
  1906 00001E6C 8AA60B0000000000        ttys: dq 0x000BA68A      ; Start offset of token types array
  1907 00001E74 96A60E0000000000        ttye: dq 0x000EA696      ; End offset of token types array
  1908 00001E7C 746F6B656E697A6572-     mrg:  db 'tokenizer.ggml.merges', 0
  1908 00001E85 2E67676D6C2E6D6572-
  1908 00001E8E 67657300           
  1909 00001E92 B7A60E0000000000        mrgs: dq 0x000EA6B7      ; Start offset of BPE merges list
  1910 00001E9A A8FD1A0000000000        mrge: dq 0x001AFDA8      ; End offset of BPE merges list
  1911                                  
  1912                                  ; =====================================================================
  1913                                  ; SmolLM2-135M-Instruct-f16 HARDCODED MODEL & TENSOR DATA
  1914                                  ; =====================================================================
  1915 00001EA2 6C6C616D6100            smollm2_arch:            db 'llama', 0
  1916 00001EA8 536D6F6C4C4D322D31-     smollm2_name:            db 'SmolLM2-135M-Instruct-f16', 0
  1916 00001EB1 33354D2D496E737472-
  1916 00001EBA 7563742D66313600   
  1917 00001EC2 403F1B0000000000        smollm2_gguf_hdr_len:    dq 0x1B3F40        ; GGUF Data Section Start Offset (1,785,664 bytes)
  1918 00001ECA 0000000000000000        smollm2_token_embd_off:  dq 0x00000000      ; token_embd.weight relative offset (dims=[576, 49152], F16)
  1919 00001ED2 001C0A1000000000        smollm2_output_norm_off: dq 0x100A1C00      ; output_norm.weight relative offset (dims=[576], F32)
  1920 00001EDA 0000600300000000        smollm2_blk_base_off:    dq 0x03600000      ; Block 0 base relative offset
  1921 00001EE2 00126C0000000000        smollm2_blk_stride:      dq 0x006C1200      ; Per-block offset stride (7,082,496 bytes)
  1922                                  
  1923                                  ; Hardcoded Tokenizer Offsets (SmolLM2 Token ID Book)
  1924 00001EEA 4704000000000000        smollm2_tok_start_off:   dq 0x00000447      ; Token strings dictionary start
  1925 00001EF2 4704000000000000        smollm2tokstartoff:      dq 0x00000447      ; Alias for smollm2tokstartoff
  1926 00001EFA 65A60B0000000000        smollm2_tok_end_off:     dq 0x000BA665      ; Token strings dictionary end
  1927 00001F02 8AA60B0000000000        smollm2_tty_start_off:   dq 0x000BA68A      ; Token types start
  1928 00001F0A 96A60E0000000000        smollm2_tty_end_off:     dq 0x000EA696      ; Token types end
  1929 00001F12 B7A60E0000000000        smollm2_mrg_start_off:   dq 0x000EA6B7      ; BPE merges start
  1930 00001F1A A8FD1A0000000000        smollm2_mrg_end_off:     dq 0x001AFDA8      ; BPE merges end
  1931                                  
  1932                                  ; Relative tensor offsets within each transformer block k (0 <= k < 30):
  1933 00001F22 0000000000000000        smollm2_attn_norm_rel:   dq 0x00000000      ; blk.k.attn_norm.weight (dims=[576], F32)
  1934 00001F2A 0009000000000000        smollm2_ffn_down_rel:    dq 0x00000900      ; blk.k.ffn_down.weight (dims=[1536, 576], F16)
  1935 00001F32 00091B0000000000        smollm2_ffn_gate_rel:    dq 0x001B0900      ; blk.k.ffn_gate.weight (dims=[576, 1536], F16)
  1936 00001F3A 0009360000000000        smollm2_ffn_up_rel:      dq 0x00360900      ; blk.k.ffn_up.weight (dims=[576, 1536], F16)
  1937 00001F42 0009510000000000        smollm2_ffn_norm_rel:    dq 0x00510900      ; blk.k.ffn_norm.weight (dims=[576], F32)
  1938 00001F4A 0012510000000000        smollm2_attn_k_rel:      dq 0x00511200      ; blk.k.attn_k.weight (dims=[576, 192], F16)
  1939 00001F52 0072540000000000        smollm2_attn_output_rel: dq 0x00547200      ; blk.k.attn_output.weight (dims=[576, 576], F16)
  1940 00001F5A 00925E0000000000        smollm2_attn_q_rel:      dq 0x005E9200      ; blk.k.attn_q.weight (dims=[576, 576], F16)
  1941 00001F62 00B2680000000000        smollm2_attn_v_rel:      dq 0x0068B200      ; blk.k.attn_v.weight (dims=[576, 192], F16)
  1942                                  tcmp:
  1943 00001F6A 4883F800                   cmp rax, 0
  1944 00001F6E 7417                       je yestok
  1945 00001F70 8A13                       mov dl, byte [rbx]
  1946 00001F72 3A11                       cmp dl, byte [rcx]
  1947 00001F74 750B                       jne notok
  1948 00001F76 48FFC3                     inc rbx
  1949 00001F79 48FFC1                     inc rcx
  1950 00001F7C 48FFC8                     dec rax
  1951 00001F7F EBE9                       jmp tcmp
  1952                                  notok:
  1953 00001F81 BA01000000                 mov rdx, 1
  1954 00001F86 C3                         ret
  1955                                  yestok:
  1956 00001F87 4831D2                     xor rdx, rdx
  1957 00001F8A C3                         ret
  1958                                  tkenc:
  1959 00001F8B 488B0C25[F21E0000]         mov rcx, [smollm2tokstartoff]
  1960 00001F93 4881C10C001000             add rcx, 0x10000C
  1961 00001F9A 48BB-                      mov rbx, chata
  1961 00001F9C [0040000000000000] 
  1962 00001FA4 4831F6                     xor rsi, rsi
  1963                                  enlp:
  1964 00001FA7 4831C0                     xor rax, rax
  1965 00001FAA 8A03                       mov al, byte [rbx]
  1966 00001FAC 488B39                     mov rdi, qword [rcx]
  1967 00001FAF 4839C7                     cmp rdi, rax
  1968 00001FB2 7417                       je try
  1969                                  notr:
  1970 00001FB4 4801F9                     add rcx, rdi
  1971 00001FB7 4883C108                   add rcx, 8
  1972 00001FBB 48FFC6                     inc rsi
  1973 00001FBE 8B0425[881D0000]           mov eax, dword [vszb]
  1974 00001FC5 39C6                       cmp esi, eax
  1975 00001FC7 7436                       je nofind
  1976 00001FC9 EBDC                       jmp enlp
  1977                                  try:
  1978 00001FCB 50                         push rax
  1979 00001FCC 53                         push rbx
  1980 00001FCD 51                         push rcx
  1981 00001FCE 57                         push rdi
  1982 00001FCF 56                         push rsi
  1983 00001FD0 4883C108                   add rcx, 8
  1984 00001FD4 48FFC3                     inc rbx
  1985 00001FD7 E88EFFFFFF                 call tcmp
  1986 00001FDC 5E                         pop rsi
  1987 00001FDD 5F                         pop rdi
  1988 00001FDE 59                         pop rcx
  1989 00001FDF 5B                         pop rbx
  1990 00001FE0 58                         pop rax
  1991 00001FE1 4883FA01                   cmp rdx, 1
  1992 00001FE5 74CD                       je notr
  1993 00001FE7 488B1425[00200000]         mov rdx, qword [tkcz]
  1994 00001FEF 488932                     mov qword [rdx], rsi
  1995 00001FF2 4883C208                   add rdx, 8
  1996 00001FF6 48891425[00200000]         mov qword [tkcz], rdx
  1997 00001FFE C3                         ret
  1998                                  nofind:
  1999 00001FFF C3                         ret
  2000 00002000 0000000000000000        tkcz: dq 0
  2001 00002008 00<rep 100h>            tkid: times 256 db 0
  2002                                  spcp:
  2003 00002108 488B0425[A91C0000]         mov rax, qword [bflen]
  2004 00002110 48BB-                      mov rbx, prbf
  2004 00002112 [B11C000000000000] 
  2005 0000211A 4801C3                     add rbx, rax
  2006                                  splp:
  2007 0000211D 8A06                       mov al, byte [rsi]
  2008 0000211F 8803                       mov byte [rbx], al
  2009 00002121 3C00                       cmp al, 0
  2010 00002123 7408                       je spend
  2011 00002125 48FFC3                     inc rbx
  2012 00002128 48FFC6                     inc rsi
  2013 0000212B EBF0                       jmp splp
  2014                                  spend:
  2015 0000212D C3                         ret
  2016                                  rrr:
  2017 0000212E 48BA-                      mov rdx, mdnf
  2017 00002130 [951C000000000000] 
  2018 00002138 B107                       mov cl, 0x7
  2019 0000213A E8CFE9FFFF                 call cpritn
  2020 0000213F E956F2FFFF                 jmp newliner
  2021                                  etfun:
  2022 00002144 BB00001000                 mov rbx, 0x100000
  2023 00002149 4883C318                   add rbx, 24
  2024 0000214D 4C8B1425[6C1C0000]         mov r10, qword [mentry]
  2025                                  etflp:
  2026 00002155 4983FA00                   cmp r10,0
  2027 00002159 0F8497000000               je etfl
  2028 0000215F 50                         push rax
  2029 00002160 53                         push rbx
  2030 00002161 51                         push rcx
  2031 00002162 52                         push rdx
  2032 00002163 56                         push rsi
  2033 00002164 57                         push rdi
  2034 00002165 4C89D0                     mov rax, r10
  2035 00002168 E810E4FFFF                 call hexbintrn
  2036 0000216D 48BA-                      mov rdx, netanyahu
  2036 0000216F [4D06000000000000] 
  2037 00002177 B107                       mov cl, 0x7
  2038 00002179 E890E9FFFF                 call cpritn
  2039 0000217E 5F                         pop rdi
  2040 0000217F 5E                         pop rsi
  2041 00002180 5A                         pop rdx
  2042 00002181 59                         pop rcx
  2043 00002182 5B                         pop rbx
  2044 00002183 58                         pop rax
  2045 00002184 4983EA01                   sub r10,1
  2046 00002188 488B03                     mov rax, qword [rbx]
  2047 0000218B 4883C308                   add rbx, 8
  2048 0000218F 57                         push rdi
  2049 00002190 56                         push rsi
  2050 00002191 50                         push rax
  2051 00002192 53                         push rbx
  2052 00002193 51                         push rcx
  2053 00002194 52                         push rdx
  2054 00002195 4152                       push r10
  2055 00002197 4889D8                     mov rax, rbx
  2056 0000219A 4889FB                     mov rbx, rdi
  2057 0000219D E823EAFFFF                 call cmp
  2058 000021A2 4883F801                   cmp rax, 1
  2059 000021A6 7555                       jne ntsok
  2060 000021A8 415A                       pop r10
  2061 000021AA 5A                         pop rdx
  2062 000021AB 59                         pop rcx
  2063 000021AC 5B                         pop rbx
  2064 000021AD 58                         pop rax
  2065 000021AE 5E                         pop rsi
  2066 000021AF 5F                         pop rdi
  2067 000021B0 4801C3                     add rbx, rax
  2068 000021B3 8B03                       mov eax, dword [rbx]
  2069 000021B5 4189C5                     mov r13d, eax
  2070 000021B8 E882000000                 call tagid
  2071 000021BD 4883FA04                   cmp rdx, 4
  2072 000021C1 742A                       je qadro
  2073 000021C3 4183FD09                   cmp r13d, 9
  2074 000021C7 7412                       je arrptrs
  2075 000021C9 4883EA08                   sub rdx, 8
  2076 000021CD 4883C30C                   add rbx, 12
  2077 000021D1 4989D8                     mov r8, rbx
  2078 000021D4 4801D3                     add rbx, rdx
  2079 000021D7 4989D9                     mov r9, rbx
  2080 000021DA C3                         ret
  2081                                     arrptrs:
  2082 000021DB 4883EA0C                   sub rdx, 12
  2083 000021DF 4883C310                   add rbx, 16
  2084 000021E3 4989D8                     mov r8, rbx
  2085 000021E6 4801D3                     add rbx, rdx
  2086 000021E9 4989D9                     mov r9, rbx
  2087 000021EC C3                         ret
  2088                                     qadro:
  2089                                  qadro:
  2090 000021ED 4883C304                   add rbx, 4
  2091 000021F1 8B03                       mov eax, dword [rbx]
  2092 000021F3 8906                       mov dword [rsi], eax
  2093 000021F5 C3                         ret
  2094                                  etfl:
  2095 000021F6 4D31C0                     xor r8, r8
  2096 000021F9 4D31C9                     xor r9, r9
  2097 000021FC C3                         ret
  2098                                  ntsok:
  2099 000021FD 415A                       pop r10
  2100 000021FF 5A                         pop rdx
  2101 00002200 59                         pop rcx
  2102 00002201 5B                         pop rbx
  2103 00002202 58                         pop rax
  2104 00002203 5E                         pop rsi
  2105 00002204 5F                         pop rdi
  2106 00002205 4801C3                     add rbx, rax
  2107 00002208 8B03                       mov eax, dword [rbx]
  2108 0000220A E830000000                 call tagid
  2109 0000220F 4983F901                   cmp r9, 1
  2110 00002213 740C                       je parse_err
  2111 00002215 4883C304                   add rbx, 4
  2112 00002219 4801D3                     add rbx, rdx
  2113 0000221C E934FFFFFF                 jmp etflp
  2114                                  parse_err:
  2115 00002221 48BA-                     mov rdx, badtag
  2115 00002223 [3722000000000000] 
  2116 0000222B B107                      mov cl, 0x7
  2117 0000222D E8DCE8FFFF                call cpritn
  2118 00002232 E963F1FFFF                jmp newliner
  2119 00002237 6261642074616700        badtag: db 'bad tag', 0
  2120                                  tagid:
  2121 0000223F 4D31C9                     xor r9, r9
  2122 00002242 83F800                     cmp eax, 0
  2123 00002245 7446                       je ui8
  2124 00002247 83F801                     cmp eax, 1
  2125 0000224A 7441                       je ui8
  2126 0000224C 83F802                     cmp eax, 2
  2127 0000224F 7445                       je ui6
  2128 00002251 83F803                     cmp eax, 3
  2129 00002254 7440                       je ui6
  2130 00002256 83F804                     cmp eax, 4
  2131 00002259 7444                       je ui2
  2132 0000225B 83F805                     cmp eax, 5
  2133 0000225E 743F                       je ui2
  2134 00002260 83F806                     cmp eax, 6
  2135 00002263 743A                       je ui2
  2136 00002265 83F807                     cmp eax, 7
  2137 00002268 7423                       je ui8
  2138 0000226A 83F808                     cmp eax, 8
  2139 0000226D 7442                       je strign
  2140 0000226F 83F809                     cmp eax, 9
  2141 00002272 7448                       je array
  2142 00002274 83F80A                     cmp eax, 10
  2143 00002277 742F                       je ui4
  2144 00002279 83F80B                     cmp eax, 11
  2145 0000227C 742A                       je ui4
  2146 0000227E 83F80C                     cmp eax, 12
  2147 00002281 7425                       je ui4
  2148 00002283 4831D2                     xor rdx, rdx
  2149 00002286 41B901000000               mov r9, 1
  2150 0000228C C3                         ret
  2151                                  ui8:
  2152 0000228D 4831D2                     xor rdx, rdx
  2153 00002290 BA01000000                 mov rdx, 1
  2154 00002295 C3                         ret
  2155                                  ui6:
  2156 00002296 4831D2                     xor rdx, rdx
  2157 00002299 BA02000000                 mov rdx, 2
  2158 0000229E C3                         ret
  2159                                  ui2:
  2160 0000229F 4831D2                     xor rdx, rdx
  2161 000022A2 BA04000000                 mov rdx, 4
  2162 000022A7 C3                         ret
  2163                                  ui4:
  2164 000022A8 4831D2                     xor rdx, rdx
  2165 000022AB BA08000000                 mov rdx, 8
  2166 000022B0 C3                         ret
  2167                                  strign:
  2168 000022B1 53                         push rbx
  2169 000022B2 488B5304                   mov rdx, qword [rbx + 4]
  2170 000022B6 4883C208                   add rdx, 8
  2171 000022BA 5B                         pop rbx
  2172 000022BB C3                         ret
  2173                                  array:
  2174 000022BC 53                         push rbx
  2175 000022BD 4883C304                   add rbx, 4
  2176 000022C1 8B03                       mov eax, dword [rbx]
  2177 000022C3 4883C304                   add rbx, 4
  2178 000022C7 488B0B                     mov rcx, qword [rbx]
  2179 000022CA 4883C308                   add rbx, 8
  2180 000022CE 83F808                     cmp eax, 8
  2181 000022D1 7416                       je arrstr
  2182 000022D3 51                         push rcx
  2183 000022D4 E866FFFFFF                 call tagid
  2184 000022D9 59                         pop rcx
  2185 000022DA 4889C8                     mov rax, rcx
  2186 000022DD 48F7E2                     mul rdx
  2187 000022E0 4883C00C                   add rax, 12
  2188 000022E4 4889C2                     mov rdx, rax
  2189 000022E7 5B                         pop rbx
  2190 000022E8 C3                         ret
  2191                                  arrstr:
  2192 000022E9 4D31DB                     xor r11, r11
  2193                                  arrstrlp:
  2194 000022EC 4883F900                   cmp rcx, 0
  2195 000022F0 7412                       je arrstrdone
  2196 000022F2 488B03                     mov rax, qword [rbx]
  2197 000022F5 4883C008                   add rax, 8
  2198 000022F9 4901C3                     add r11, rax
  2199 000022FC 4801C3                     add rbx, rax
  2200 000022FF 48FFC9                     dec rcx
  2201 00002302 EBE8                       jmp arrstrlp
  2202                                  arrstrdone:
  2203 00002304 4983C30C                   add r11, 12
  2204 00002308 4C89DA                     mov rdx, r11
  2205 0000230B 5B                         pop rbx
  2206 0000230C C3                         ret
  2207                                  bint:
  2208 0000230D 4D31DB                     xor r11, r11
  2209 00002310 4D31E4                     xor r12, r12
  2210 00002313 4D31ED                     xor r13, r13
  2211 00002316 4989DB                     mov r11, rbx
  2212 00002319 4989CC                     mov r12, rcx
  2213 0000231C 4989D5                     mov r13, rdx
  2214 0000231F E8E3E2FFFF                 call bintrn
  2215 00002324 48BA-                      mov rdx, netanyahu
  2215 00002326 [4D06000000000000] 
  2216 0000232E B107                       mov cl, 0x7
  2217 00002330 E8D9E7FFFF                 call cpritn
  2218 00002335 4C89D8                     mov rax, r11
  2219 00002338 E8CAE2FFFF                 call bintrn
  2220 0000233D 48BA-                      mov rdx, netanyahu
  2220 0000233F [4D06000000000000] 
  2221 00002347 B107                       mov cl, 0x7
  2222 00002349 E8C0E7FFFF                 call cpritn
  2223 0000234E 48BA-                      mov rdx, crk
  2223 00002350 [C130000000000000] 
  2224 00002358 B107                       mov cl, 0x7
  2225 0000235A E8AFE7FFFF                 call cpritn
  2226 0000235F 4C89E0                     mov rax, r12
  2227 00002362 E8A0E2FFFF                 call bintrn
  2228 00002367 48BA-                      mov rdx, netanyahu
  2228 00002369 [4D06000000000000] 
  2229 00002371 B107                       mov cl, 0x7
  2230 00002373 E896E7FFFF                 call cpritn
  2231 00002378 48BA-                      mov rdx, crk
  2231 0000237A [C130000000000000] 
  2232 00002382 B107                       mov cl, 0x7
  2233 00002384 E885E7FFFF                 call cpritn
  2234 00002389 4C89E8                     mov rax, r13
  2235 0000238C E876E2FFFF                 call bintrn
  2236 00002391 48BA-                      mov rdx, netanyahu
  2236 00002393 [4D06000000000000] 
  2237 0000239B B107                       mov cl, 0x7
  2238 0000239D E86CE7FFFF                 call cpritn
  2239 000023A2 E9F3EFFFFF                 jmp newliner
  2240                                  clsdo:
  2241 000023A7 E8A9E7FFFF                 call cls
  2242 000023AC E905E9FFFF                 jmp tets
  2243                                  rdsdo:
  2244 000023B1 488B1425[2E310000]         mov rdx, [cmdc]
  2245 000023B9 4883C20A                   add rdx, 10
  2246 000023BD E81CECFFFF                 call gatherer
  2247 000023C2 E8DADFFFFF                 call drs
  2248 000023C7 4D31F6                     xor r14, r14
  2249 000023CA 41BE00B00700               mov r14, 0x7b000
  2250                                  dtp:
  2251 000023D0 490FB606                   movzx rax, byte [r14]
  2252 000023D4 E82EE2FFFF                 call bintrn
  2253 000023D9 4156                       push r14
  2254 000023DB 48BA-                      mov rdx, netanyahu
  2254 000023DD [4D06000000000000] 
  2255 000023E5 B107                       mov cl, 0x7
  2256 000023E7 E822E7FFFF                 call cpritn
  2257 000023EC 48BA-                      mov rdx, medz
  2257 000023EE [1224000000000000] 
  2258 000023F6 B107                       mov cl, 0x7
  2259 000023F8 E811E7FFFF                 call cpritn
  2260 000023FD 415E                       pop r14
  2261 000023FF 4983C601                   add r14, 1
  2262 00002403 4981FE00B20700             cmp r14, 0x7b200
  2263 0000240A 0F848AEFFFFF               je newliner
  2264 00002410 EBBE                       jmp dtp
  2265 00002412 2000                    medz: db ' ', 0
  2266                                  helpdo:
  2267 00002414 48BA-                      mov rdx, hlptxt
  2267 00002416 [FB2D000000000000] 
  2268 0000241E B107                       mov cl, 0x07
  2269 00002420 E8E9E6FFFF                 call cpritn
  2270 00002425 E98CE8FFFF                 jmp tets
  2271                                  verdo:
  2272 0000242A 48BA-                      mov rdx, vertxt
  2272 0000242C [EA30000000000000] 
  2273 00002434 B107                       mov cl, 0x07
  2274 00002436 E8D3E6FFFF                 call cpritn
  2275 0000243B E976E8FFFF                 jmp tets
  2276                                  creddo:
  2277 00002440 48BA-                      mov rdx, credtxt
  2277 00002442 [F72F000000000000] 
  2278 0000244A B107                       mov cl, 0x07
  2279 0000244C E8BDE6FFFF                 call cpritn
  2280 00002451 E960E8FFFF                 jmp tets
  2281                                  mmpdo:
  2282 00002456 488B1425[2E310000]         mov rdx, [cmdc]
  2283 0000245E 4883C208                   add rdx, 8
  2284 00002462 E877EBFFFF                 call gatherer
  2285 00002467 4983F902                   cmp r9, 2
  2286 0000246B 0F82CBEBFFFF               jb sike
  2287 00002471 4883C202                   add rdx, 2
  2288 00002475 4989C7                     mov r15, rax
  2289 00002478 E861EBFFFF                 call gatherer
  2290 0000247D 4983F901                   cmp r9, 1
  2291 00002481 0F84B5EBFFFF               je sike
  2292 00002487 498907                     mov [r15], rax
  2293 0000248A B107                       mov cl, 0x07
  2294 0000248C 48BA-                      mov rdx, done
  2294 0000248E [FB30000000000000] 
  2295 00002496 E873E6FFFF                 call cpritn
  2296 0000249B E9FAEEFFFF                 jmp newliner
  2297                                  echdo:
  2298 000024A0 488B0425[2E310000]         mov rax, [cmdc]
  2299 000024A8 4883C010                   add rax, 16
  2300 000024AC 488B0425[26310000]         mov rax, [clen]
  2301 000024B4 4831D2                     xor rdx, rdx
  2302 000024B7 B902000000                 mov rcx, 2
  2303 000024BC 48F7F1                     div rcx
  2304 000024BF 4889C2                     mov rdx, rax
  2305 000024C2 4883EA08                   sub rdx, 8
  2306 000024C6 488B0425[2E310000]         mov rax, [cmdc]
  2307 000024CE 4883C010                   add rax, 16
  2308 000024D2 4831C9                     xor rcx, rcx
  2309 000024D5 4D31C0                     xor r8, r8
  2310                                  cpri:
  2311 000024D8 4983C001                   add r8, 1
  2312 000024DC 8A08                       mov byte cl, [rax]
  2313 000024DE 488B1C25[9E2C0000]         mov rbx, [curzor]
  2314 000024E6 880B                       mov byte [rbx], cl
  2315 000024E8 C6430107                   mov byte [rbx + 1], 0x07
  2316 000024EC 4939D0                     cmp r8, rdx
  2317 000024EF 0F84A5EEFFFF               je newliner
  2318 000024F5 4883C302                   add rbx, 2
  2319 000024F9 48891C25[9E2C0000]         mov [curzor], rbx
  2320 00002501 4883C002                   add rax, 2
  2321 00002505 EBD1                       jmp cpri
  2322                                  trando:
  2323 00002507 488B1425[2E310000]         mov rdx, [cmdc]
  2324 0000250F 4883C214                   add rdx, 20
  2325 00002513 E8C6EAFFFF                 call gatherer
  2326 00002518 4983F901                   cmp r9, 1
  2327 0000251C 0F8439020000               je errr
  2328 00002522 4983FA01                   cmp r10, 1
  2329 00002526 7407                       je ijex
  2330 00002528 E850E0FFFF                 call hexbintrn
  2331 0000252D EB05                       jmp cller
  2332                                  ijex:
  2333 0000252F E8D3E0FFFF                 call bintrn
  2334                                  cller:
  2335 00002534 48BA-                      mov rdx, netanyahu
  2335 00002536 [4D06000000000000] 
  2336 0000253E B107                       mov cl, 0x07
  2337 00002540 E8C9E5FFFF                 call cpritn
  2338 00002545 E950EEFFFF                 jmp newliner
  2339                                  whtdo:
  2340 0000254A 0F20C0                     mov rax, cr0
  2341 0000254D E82BE0FFFF                 call hexbintrn
  2342 00002552 48BA-                      mov rdx, netanyahu
  2342 00002554 [4D06000000000000] 
  2343 0000255C B107                       mov cl, 0x07
  2344 0000255E E8ABE5FFFF                 call cpritn
  2345 00002563 48BA-                      mov rdx, ciarka
  2345 00002565 [4E30000000000000] 
  2346 0000256D B107                       mov cl, 0x07
  2347 0000256F E89AE5FFFF                 call cpritn
  2348 00002574 0F20D0                     mov rax, cr2
  2349 00002577 E801E0FFFF                 call hexbintrn
  2350 0000257C 48BA-                      mov rdx, netanyahu
  2350 0000257E [4D06000000000000] 
  2351 00002586 B107                       mov cl, 0x07
  2352 00002588 E881E5FFFF                 call cpritn
  2353 0000258D 48BA-                      mov rdx, ciarka2
  2353 0000258F [5F30000000000000] 
  2354 00002597 B107                       mov cl, 0x07
  2355 00002599 E870E5FFFF                 call cpritn
  2356 0000259E 0F20D8                     mov rax, cr3
  2357 000025A1 E8D7DFFFFF                 call hexbintrn
  2358 000025A6 48BA-                      mov rdx, netanyahu
  2358 000025A8 [4D06000000000000] 
  2359 000025B0 B107                       mov cl, 0x07
  2360 000025B2 E857E5FFFF                 call cpritn
  2361 000025B7 48BA-                      mov rdx, ciarka3
  2361 000025B9 [7030000000000000] 
  2362 000025C1 B107                       mov cl, 0x07
  2363 000025C3 E846E5FFFF                 call cpritn
  2364 000025C8 0F20E0                     mov rax, cr4
  2365 000025CB E8ADDFFFFF                 call hexbintrn
  2366 000025D0 48BA-                      mov rdx, netanyahu
  2366 000025D2 [4D06000000000000] 
  2367 000025DA B107                       mov cl, 0x07
  2368 000025DC E82DE5FFFF                 call cpritn
  2369 000025E1 48BA-                      mov rdx, ciarka4
  2369 000025E3 [9530000000000000] 
  2370 000025EB B107                       mov cl, 0x07
  2371 000025ED E81CE5FFFF                 call cpritn
  2372 000025F2 440F20C0                   mov rax, cr8
  2373 000025F6 E882DFFFFF                 call hexbintrn
  2374 000025FB 48BA-                      mov rdx, netanyahu
  2374 000025FD [4D06000000000000] 
  2375 00002605 B107                       mov cl, 0x07
  2376 00002607 E802E5FFFF                 call cpritn
  2377 0000260C 48BA-                      mov rdx, ciarka8
  2377 0000260E [C330000000000000] 
  2378 00002616 B107                       mov cl, 0x07
  2379 00002618 E8F1E4FFFF                 call cpritn
  2380 0000261D E978EDFFFF                 jmp newliner
  2381                                  debdo:
  2382 00002622 0F21C0                     mov rax, dr0
  2383 00002625 E853DFFFFF                 call hexbintrn
  2384 0000262A 48BA-                      mov rdx, netanyahu
  2384 0000262C [4D06000000000000] 
  2385 00002634 B107                       mov cl, 0x07
  2386 00002636 E8D3E4FFFF                 call cpritn
  2387 0000263B 48BA-                      mov rdx, ciarkad
  2387 0000263D [3731000000000000] 
  2388 00002645 B107                       mov cl, 0x07
  2389 00002647 E8C2E4FFFF                 call cpritn
  2390 0000264C 0F21C8                     mov rax, dr1
  2391 0000264F E829DFFFFF                 call hexbintrn
  2392 00002654 48BA-                      mov rdx, netanyahu
  2392 00002656 [4D06000000000000] 
  2393 0000265E B107                       mov cl, 0x07
  2394 00002660 E8A9E4FFFF                 call cpritn
  2395 00002665 48BA-                      mov rdx, ciarka1d
  2395 00002667 [4031000000000000] 
  2396 0000266F B107                       mov cl, 0x07
  2397 00002671 E898E4FFFF                 call cpritn
  2398 00002676 0F21D0                     mov rax, dr2
  2399 00002679 E8FFDEFFFF                 call hexbintrn
  2400 0000267E 48BA-                      mov rdx, netanyahu
  2400 00002680 [4D06000000000000] 
  2401 00002688 B107                       mov cl, 0x07
  2402 0000268A E87FE4FFFF                 call cpritn
  2403 0000268F 48BA-                      mov rdx, ciarka2d
  2403 00002691 [4931000000000000] 
  2404 00002699 B107                       mov cl, 0x07
  2405 0000269B E86EE4FFFF                 call cpritn
  2406 000026A0 0F21D8                     mov rax, dr3
  2407 000026A3 E8D5DEFFFF                 call hexbintrn
  2408 000026A8 48BA-                      mov rdx, netanyahu
  2408 000026AA [4D06000000000000] 
  2409 000026B2 B107                       mov cl, 0x07
  2410 000026B4 E855E4FFFF                 call cpritn
  2411 000026B9 48BA-                      mov rdx, ciarka3d
  2411 000026BB [5231000000000000] 
  2412 000026C3 B107                       mov cl, 0x07
  2413 000026C5 E844E4FFFF                 call cpritn
  2414 000026CA 0F21F0                     mov rax, dr6
  2415 000026CD E8ABDEFFFF                 call hexbintrn
  2416 000026D2 48BA-                      mov rdx, netanyahu
  2416 000026D4 [4D06000000000000] 
  2417 000026DC B107                       mov cl, 0x07
  2418 000026DE E82BE4FFFF                 call cpritn
  2419 000026E3 48BA-                      mov rdx, ciarka6d
  2419 000026E5 [5B31000000000000] 
  2420 000026ED B107                       mov cl, 0x07
  2421 000026EF E81AE4FFFF                 call cpritn
  2422 000026F4 0F21F8                     mov rax, dr7
  2423 000026F7 E881DEFFFF                 call hexbintrn
  2424 000026FC 48BA-                      mov rdx, netanyahu
  2424 000026FE [4D06000000000000] 
  2425 00002706 B107                       mov cl, 0x07
  2426 00002708 E801E4FFFF                 call cpritn
  2427 0000270D 48BA-                      mov rdx, ciarka7d
  2427 0000270F [6431000000000000] 
  2428 00002717 B107                       mov cl, 0x07
  2429 00002719 E8F0E3FFFF                 call cpritn
  2430 0000271E E977ECFFFF                 jmp newliner
  2431                                  memfdo:
  2432 00002723 488B1425[2E310000]         mov rdx, [cmdc]
  2433 0000272B 4883C20A                   add rdx, 10
  2434 0000272F E8AAE8FFFF                 call gatherer
  2435 00002734 4983F901                   cmp r9, 1
  2436 00002738 7421                       je errr
  2437 0000273A 8A18                       mov bl, byte [rax]
  2438 0000273C 480FB6C3                   movzx rax, byte bl
  2439 00002740 E838DEFFFF                 call hexbintrn
  2440 00002745 48BA-                      mov rdx, netanyahu
  2440 00002747 [4D06000000000000] 
  2441 0000274F B107                       mov cl, 0x07
  2442 00002751 E8B8E3FFFF                 call cpritn
  2443 00002756 E93FECFFFF                 jmp newliner
  2444                                  errr:
  2445 0000275B 48BA-                      mov rdx, numer
  2445 0000275D [7930000000000000] 
  2446 00002765 B107                       mov cl, 0x07
  2447 00002767 E8A2E3FFFF                 call cpritn
  2448 0000276C E929ECFFFF                 jmp newliner
  2449                                  prd:
  2450 00002771 488B1425[2E310000]         mov rdx, [cmdc]
  2451 00002779 4883C20E                   add rdx, 14
  2452 0000277D E85CE8FFFF                 call gatherer
  2453 00002782 4983F901                   cmp r9, 1
  2454 00002786 74D3                       je errr
  2455 00002788 4989C7                     mov r15, rax
  2456 0000278B 4157                       push r15
  2457 0000278D 4831C0                     xor rax, rax
  2458 00002790 B800000E00                 mov rax, 0xe0000
  2459                                  prl:
  2460 00002795 813852534420               cmp dword [rax], 'RSD '
  2461 0000279B 7509                       jne dalsi
  2462 0000279D 81780450545220             cmp dword [rax + 4], 'PTR '
  2463 000027A4 741E                       je konecne
  2464                                  dalsi:
  2465 000027A6 4883C010                   add rax, 16
  2466 000027AA 483D00001000               cmp rax, 0x100000
  2467 000027B0 0F8373030000               jae crash
  2468 000027B6 EBDD                       jmp prl
  2469                                  dalsii:
  2470 000027B8 4883E814                   sub rax, 20
  2471 000027BC EBE8                       jmp dalsi
  2472                                  dalsiy:
  2473 000027BE 4883E824                   sub rax, 36
  2474 000027C2 EBE2                       jmp dalsi
  2475                                  konecne:
  2476 000027C4 4831DB                     xor rbx, rbx
  2477 000027C7 4831C9                     xor rcx, rcx
  2478 000027CA 4831D2                     xor rdx, rdx
  2479                                  klp:
  2480 000027CD 4C0FB610                   movzx r10, byte [rax]
  2481 000027D1 4C01D3                     add rbx, r10
  2482 000027D4 4883C201                   add rdx, 1
  2483 000027D8 4883C001                   add rax, 1
  2484 000027DC 4883FA14                   cmp rdx, 20
  2485 000027E0 75EB                       jne klp
  2486 000027E2 80FB00                     cmp bl, 0
  2487 000027E5 75D1                       jne dalsii
  2488 000027E7 4883E805                   sub rax, 5
  2489 000027EB 803800                     cmp byte [rax], 0
  2490 000027EE 750B                       jne acpd
  2491 000027F0 4831DB                     xor rbx, rbx
  2492 000027F3 8B5801                     mov ebx, dword [rax + 1]
  2493 000027F6 4831D2                     xor rdx, rdx
  2494 000027F9 EB33                       jmp nextwak
  2495                                  acpd:
  2496 000027FB 4883E80F                   sub rax, 15
  2497 000027FF 4831DB                     xor rbx, rbx
  2498 00002802 4831D2                     xor rdx, rdx
  2499                                  llp:
  2500 00002805 4C0FB610                   movzx r10, byte [rax]
  2501 00002809 4C01D3                     add rbx, r10
  2502 0000280C 4883C201                   add rdx, 1
  2503 00002810 4883C001                   add rax, 1
  2504 00002814 4883FA24                   cmp rdx, 36
  2505 00002818 75EB                       jne llp
  2506 0000281A 80FB00                     cmp bl, 0
  2507 0000281D 759F                       jne dalsiy
  2508 0000281F 4831DB                     xor rbx, rbx
  2509 00002822 4831D2                     xor rdx, rdx
  2510 00002825 8B58EC                     mov ebx, dword [rax - 20]
  2511 00002828 488B50F4                   mov rdx, qword [rax - 12]
  2512 0000282C EB00                       jmp nextwak
  2513                                  nextwak:
  2514 0000282E 4883FA00                   cmp rdx, 0
  2515 00002832 7432                       je rads
  2516 00002834 813A58534454               cmp dword [rdx],'XSDT'
  2517 0000283A 0F85E9020000               jne crash
  2518 00002840 4831C0                     xor rax, rax
  2519 00002843 8B4204                     mov eax, dword [rdx + 4]
  2520 00002846 4883E824                   sub rax, 36
  2521 0000284A 48C1E803                   shr rax, 3
  2522 0000284E 4989D0                     mov r8, rdx
  2523 00002851 4983C024                   add r8, 36
  2524                                  xls:
  2525 00002855 498B08                     mov rcx, qword [r8]
  2526 00002858 813941504943               cmp dword [rcx], 'APIC'
  2527 0000285E 7438                       je wfound
  2528 00002860 4983C008                   add r8, 8
  2529 00002864 EBEF                       jmp xls
  2530                                  rads:
  2531 00002866 813B52534454               cmp dword [rbx], 'RSDT'
  2532 0000286C 0F85B7020000               jne crash
  2533 00002872 4831C0                     xor rax, rax
  2534 00002875 8B4304                     mov eax, dword [rbx + 4]
  2535 00002878 4883E824                   sub rax, 36
  2536 0000287C 48C1E802                   shr rax, 2
  2537 00002880 4989D8                     mov r8, rbx
  2538 00002883 4983C024                   add r8, 36
  2539                                  rls:
  2540 00002887 418B08                     mov ecx, dword [r8]
  2541 0000288A 813941504943               cmp dword [rcx], 'APIC'
  2542 00002890 7406                       je wfound
  2543 00002892 4983C004                   add r8, 4
  2544 00002896 EBEF                       jmp rls
  2545                                  wfound:
  2546 00002898 4D31E4                     xor r12, r12
  2547 0000289B 4989CC                     mov r12, rcx
  2548 0000289E 4883C104                   add rcx, 4
  2549 000028A2 8B01                       mov eax, dword [rcx]
  2550 000028A4 4901C4                     add r12, rax
  2551 000028A7 4883C128                   add rcx, 40
  2552 000028AB 4D31ED                     xor r13, r13
  2553 000028AE 4D31C9                     xor r9, r9
  2554 000028B1 4D31DB                     xor r11, r11
  2555 000028B4 49BB-                      mov r11, crid
  2555 000028B6 [0041000000000000] 
  2556                                  nlop:
  2557 000028BE 8A19                       mov bl, byte [rcx]
  2558 000028C0 480FB64101                 movzx rax, byte [rcx + 1]
  2559 000028C5 80FB00                     cmp bl, 0
  2560 000028C8 751D                       jne adfa
  2561 000028CA 8B5104                     mov edx, dword [rcx + 4]
  2562 000028CD F6C201                     test dl, 1
  2563 000028D0 7411                       je dsbld
  2564 000028D2 4989DA                     mov r10, rbx
  2565 000028D5 8A5903                     mov bl, byte [rcx + 3]
  2566 000028D8 41881B                     mov byte [r11], bl
  2567 000028DB 49FFC3                     inc r11
  2568 000028DE 49FFC5                     inc r13
  2569 000028E1 EB04                       jmp adfa
  2570                                  dsbld:
  2571 000028E3 4983C101                   add r9, 1
  2572                                  adfa:
  2573 000028E7 4801C1                     add rcx, rax
  2574 000028EA 4C39E1                     cmp rcx, r12
  2575 000028ED 72CF                       jb nlop
  2576 000028EF 48B9-                      mov rcx, crid
  2576 000028F1 [0041000000000000] 
  2577 000028F9 4D31FF                     xor r15, r15
  2578                                  crcntr:
  2579 000028FC 803900                     cmp byte [rcx], 0
  2580 000028FF 7406                       je nomore
  2581 00002901 4983C701                   add r15, 1
  2582 00002905 EBF5                       jmp crcntr
  2583                                  nomore:
  2584 00002907 4C89E8                     mov rax, r13
  2585 0000290A 50                         push rax
  2586 0000290B 48BA-                      mov rdx, fndn
  2586 0000290D [D72C000000000000] 
  2587 00002915 B107                       mov cl, 0x7
  2588 00002917 E8F2E1FFFF                 call cpritn
  2589 0000291C 58                         pop rax
  2590 0000291D 4155                       push r13
  2591 0000291F E8E3DCFFFF                 call bintrn
  2592 00002924 48BA-                      mov rdx, netanyahu
  2592 00002926 [4D06000000000000] 
  2593 0000292E B107                       mov cl, 0x7
  2594 00002930 E8D9E1FFFF                 call cpritn
  2595 00002935 B81B000000                 mov eax, 0x1b
  2596 0000293A 0F32                       rdmsr
  2597 0000293C 48C1E220                   shl rdx, 32
  2598 00002940 4809D0                     or rax, rdx
  2599 00002943 48C7C200F0FFFF             mov rdx, 0xFFFFFFFFFFFFF000
  2600 0000294A 4821D0                     and rax,rdx
  2601 0000294D 50                         push rax
  2602 0000294E B801000000                 mov eax, 1
  2603 00002953 0FA2                       cpuid
  2604 00002955 C1EB18                     shr ebx, 24
  2605 00002958 480FB6DB                   movzx rbx, bl
  2606 0000295C 58                         pop rax
  2607 0000295D 48BA-                      mov rdx, crid
  2607 0000295F [0041000000000000] 
  2608 00002967 415D                       pop r13
  2609 00002969 415F                       pop r15
  2610 0000296B 4D39FD                     cmp r13, r15
  2611 0000296E 7209                       jb nigggerr
  2612 00002970 4D89FD                     mov r13, r15
  2613 00002973 41B901000000               mov r9, 1
  2614                                  nigggerr:
  2615 00002979 4155                       push r13
  2616                                  niggger:
  2617 0000297B 4983FD00                   cmp r13, 0
  2618 0000297F 0F841C010000               je doner
  2619 00002985 48391A                     cmp [rdx], rbx
  2620 00002988 0F8400010000               je apsk
  2621 0000298E 8A0A                       mov cl, byte [rdx]
  2622 00002990 440FB6D1                   movzx r10d, cl
  2623 00002994 41C1E218                   shl r10d, 24
  2624 00002998 44899010030000             mov dword [rax + 0x310], r10d
  2625 0000299F C78000030000004500-        mov dword [rax + 0x300], 0x4500
  2625 000029A8 00                 
  2626                                  walter:
  2627 000029A9 448B9800030000             mov r11d, [rax + 0x300]
  2628 000029B0 41F7C300100000             test r11d, 1 << 12
  2629 000029B7 75F0                       jnz walter
  2630 000029B9 50                         push rax
  2631 000029BA 53                         push rbx
  2632 000029BB 51                         push rcx
  2633 000029BC 52                         push rdx
  2634 000029BD 4151                       push r9
  2635 000029BF E461                       in al, 0x61
  2636 000029C1 24FC                       and al, 0xfc
  2637 000029C3 0C01                       or al, 0x1
  2638 000029C5 E661                       out 0x61, al
  2639 000029C7 B0B0                       mov al, 0xb0
  2640 000029C9 E643                       out 0x43, al
  2641 000029CB B09C                       mov al, 0x9c
  2642 000029CD E642                       out 0x42, al
  2643 000029CF B02E                       mov al, 0x2e
  2644 000029D1 E642                       out 0x42, al
  2645                                  until:
  2646 000029D3 E461                       in al, 0x61
  2647 000029D5 A820                       test al, 0x20
  2648 000029D7 74FA                       jz until
  2649 000029D9 4159                       pop r9
  2650 000029DB 5A                         pop rdx
  2651 000029DC 59                         pop rcx
  2652 000029DD 5B                         pop rbx
  2653 000029DE 58                         pop rax
  2654 000029DF 44899010030000             mov dword [rax + 0x310], r10d
  2655 000029E6 C78000030000008500-        mov dword [rax + 0x300], 0x8500
  2655 000029EF 00                 
  2656                                  vojtech:
  2657 000029F0 448B9800030000             mov r11d, [rax + 0x300]
  2658 000029F7 41F7C300100000             test r11d, 1 << 12
  2659 000029FE 75F0                       jnz vojtech
  2660 00002A00 8A0A                       mov cl, byte [rdx]
  2661 00002A02 440FB6D1                   movzx r10d, cl
  2662 00002A06 41C1E218                   shl r10d, 24
  2663 00002A0A 44899010030000             mov dword [rax + 0x310], r10d
  2664 00002A11 C78000030000014600-        mov dword [rax + 0x300], 0x4601
  2664 00002A1A 00                 
  2665                                  comoj:
  2666 00002A1B 448B9800030000             mov r11d, [rax + 0x300]
  2667 00002A22 41F7C300100000             test r11d, 1 << 12
  2668 00002A29 75F0                       jnz comoj
  2669 00002A2B 50                         push rax
  2670 00002A2C 53                         push rbx
  2671 00002A2D 51                         push rcx
  2672 00002A2E 52                         push rdx
  2673 00002A2F 4151                       push r9
  2674 00002A31 E8DEE6FFFF                 call tim
  2675 00002A36 E461                       in al, 0x61
  2676 00002A38 24FC                       and al, 0xfc
  2677 00002A3A 0C01                       or al, 0x1
  2678 00002A3C E661                       out 0x61, al
  2679 00002A3E B0B0                       mov al, 0xb0
  2680 00002A40 E643                       out 0x43, al
  2681 00002A42 B0EF                       mov al, 0xEF
  2682 00002A44 E642                       out 0x42, al
  2683 00002A46 B000                       mov al, 0
  2684 00002A48 E642                       out 0x42, al
  2685                                  unptil:
  2686 00002A4A E461                       in al, 0x61
  2687 00002A4C A820                       test al, 0x20
  2688 00002A4E 74FA                       jz unptil
  2689 00002A50 4159                       pop r9
  2690 00002A52 5A                         pop rdx
  2691 00002A53 59                         pop rcx
  2692 00002A54 5B                         pop rbx
  2693 00002A55 58                         pop rax
  2694 00002A56 8A0A                       mov cl, byte [rdx]
  2695 00002A58 440FB6D1                   movzx r10d, cl
  2696 00002A5C 41C1E218                   shl r10d, 24
  2697 00002A60 44899010030000             mov dword [rax + 0x310], r10d
  2698 00002A67 C78000030000014600-        mov dword [rax + 0x300], 0x4601
  2698 00002A70 00                 
  2699                                  for:
  2700 00002A71 448B9800030000             mov r11d, [rax + 0x300]
  2701 00002A78 41F7C300100000             test r11d, 1 << 12
  2702 00002A7F 75F0                       jnz for
  2703 00002A81 4883C201                   add rdx, 1
  2704 00002A85 4983ED01                   sub r13, 1
  2705 00002A89 E9EDFEFFFF                 jmp niggger
  2706                                  apsk:
  2707 00002A8E 4983F901                   cmp r9, 1
  2708 00002A92 7404                       je jomp
  2709 00002A94 4983ED01                   sub r13, 1
  2710                                  jomp:
  2711 00002A98 4883C201                   add rdx, 1
  2712 00002A9C E9DAFEFFFF                 jmp niggger
  2713                                  doner:
  2714 00002AA1 415D                       pop r13
  2715 00002AA3 4155                       push r13
  2716 00002AA5 48BA-                      mov rdx, crid
  2716 00002AA7 [0041000000000000] 
  2717                                  niglp:
  2718 00002AAF 53                         push rbx
  2719 00002AB0 48BA-                      mov rdx, waks
  2719 00002AB2 [BB2C000000000000] 
  2720 00002ABA B107                       mov cl,0x7
  2721 00002ABC E84DE0FFFF                 call cpritn
  2722 00002AC1 5B                         pop rbx
  2723 00002AC2 415D                       pop r13
  2724 00002AC4 48BA-                      mov rdx, crid
  2724 00002AC6 [0041000000000000] 
  2725 00002ACE 4D31C0                     xor r8, r8
  2726                                  noglp:
  2727 00002AD1 53                         push rbx
  2728 00002AD2 4155                       push r13
  2729 00002AD4 480FB602                   movzx rax, byte [rdx]
  2730 00002AD8 4839D8                     cmp rax, rbx
  2731 00002ADB 7443                       je apk
  2732 00002ADD 52                         push rdx
  2733 00002ADE 4150                       push r8
  2734 00002AE0 E898DAFFFF                 call hexbintrn
  2735 00002AE5 48BA-                      mov rdx, netanyahu
  2735 00002AE7 [4D06000000000000] 
  2736 00002AEF B107                       mov cl, 0x7
  2737 00002AF1 E818E0FFFF                 call cpritn
  2738 00002AF6 48BA-                      mov rdx, med
  2738 00002AF8 [E830000000000000] 
  2739 00002B00 B107                       mov cl, 0x7
  2740 00002B02 E807E0FFFF                 call cpritn
  2741 00002B07 4158                       pop r8
  2742 00002B09 5A                         pop rdx
  2743 00002B0A 415D                       pop r13
  2744 00002B0C 5B                         pop rbx
  2745 00002B0D 4883C201                   add rdx, 1
  2746 00002B11 4983C001                   add r8, 1
  2747 00002B15 4D39E8                     cmp r8, r13
  2748 00002B18 0F847CE8FFFF               je newliner
  2749 00002B1E EBB1                       jmp noglp
  2750                                  apk:
  2751 00002B20 415D                       pop r13
  2752 00002B22 5B                         pop rbx
  2753 00002B23 4883C201                   add rdx, 1
  2754 00002B27 EBA8                       jmp noglp
  2755                                  crash:
  2756 00002B29 48BA-                      mov rdx, crtx
  2756 00002B2B [632C000000000000] 
  2757 00002B33 B107                       mov cl, 0x7
  2758 00002B35 E8D4DFFFFF                 call cpritn
  2759 00002B3A E95BE8FFFF                 jmp newliner
  2760                                  pltdo:
  2761 00002B3F 48BA-                      mov rdx, sect
  2761 00002B41 [742C000000000000] 
  2762 00002B49 B107                       mov cl, 0x7
  2763 00002B4B E8BEDFFFFF                 call cpritn
  2764 00002B50 B826000000                 mov rax, 38
  2765 00002B55 E847D8FFFF                 call drs
  2766 00002B5A BB00B00700                 mov rbx, 0x7b000
  2767 00002B5F 813B47475546               cmp dword [rbx], 'GGUF'
  2768 00002B65 7411                       je gboy
  2769 00002B67 48BA-                      mov rdx, crtx
  2769 00002B69 [632C000000000000] 
  2770 00002B71 B107                       mov cl, 0x7
  2771 00002B73 E922E8FFFF                 jmp newliner
  2772                                  gboy:
  2773 00002B78 BB00001000                 mov rbx, 0x100000
  2774 00002B7D B826000000                 mov rax, 38
  2775                                  gby:
  2776 00002B82 50                         push rax
  2777 00002B83 53                         push rbx
  2778 00002B84 E8AF000000                 call memld
  2779 00002B89 5B                         pop rbx
  2780 00002B8A 58                         pop rax
  2781 00002B8B 50                         push rax
  2782 00002B8C 53                         push rbx
  2783 00002B8D 4C8B3C25[9E2C0000]         mov r15, qword [curzor]
  2784 00002B95 4C893C25[8C2C0000]         mov qword [czs], r15
  2785 00002B9D E865DAFFFF                 call bintrn
  2786 00002BA2 48BA-                      mov rdx, netanyahu
  2786 00002BA4 [4D06000000000000] 
  2787 00002BAC B107                       mov cl, 0x7
  2788 00002BAE E85BDFFFFF                 call cpritn
  2789 00002BB3 4C8B3C25[9E2C0000]         mov r15, qword [curzor]
  2790 00002BBB 4C893C25[68300000]         mov qword [cas], r15
  2791 00002BC3 4C8B3C25[8C2C0000]         mov r15, qword [czs]
  2792 00002BCB 4C893C25[9E2C0000]         mov qword [curzor], r15
  2793 00002BD3 5B                         pop rbx
  2794 00002BD4 58                         pop rax
  2795 00002BD5 4881C300020000             add rbx,512
  2796 00002BDC 4883C001                   add rax, 1
  2797 00002BE0 50                         push rax
  2798 00002BE1 53                         push rbx
  2799 00002BE2 48BB-                      mov rbx, gend
  2799 00002BE4 [CC30000000000000] 
  2800 00002BEC B800B00700                 mov rax, 0x7b000
  2801 00002BF1 E8CFDFFFFF                 call cmp
  2802 00002BF6 4989C1                     mov r9, rax
  2803 00002BF9 5B                         pop rbx
  2804 00002BFA 58                         pop rax
  2805 00002BFB 4983F901                   cmp r9, 1
  2806 00002BFF 7581                       jne gby
  2807 00002C01 4C8B3C25[68300000]         mov r15, qword [cas]
  2808 00002C09 4C893C25[9E2C0000]         mov qword [curzor], r15
  2809 00002C11 48BA-                      mov rdx, med
  2809 00002C13 [E830000000000000] 
  2810 00002C1B B107                       mov cl, 0x7
  2811 00002C1D E8ECDEFFFF                 call cpritn
  2812 00002C22 48BA-                      mov rdx, testx
  2812 00002C24 [842C000000000000] 
  2813 00002C2C B107                       mov cl, 0x7
  2814 00002C2E E8DBDEFFFF                 call cpritn
  2815 00002C33 E962E7FFFF                 jmp newliner
  2816                                  memld:
  2817 00002C38 53                         push rbx
  2818 00002C39 E863D7FFFF                 call drs
  2819 00002C3E 5B                         pop rbx
  2820 00002C3F B900B00700                 mov rcx, 0x7b000
  2821 00002C44 4831D2                     xor rdx, rdx
  2822                                  melp:
  2823 00002C47 488B39                     mov rdi, qword [rcx]
  2824 00002C4A 48893B                     mov qword [rbx], rdi
  2825 00002C4D 4883C308                   add rbx, 8
  2826 00002C51 4883C108                   add rcx, 8
  2827 00002C55 4883C208                   add rdx, 8
  2828 00002C59 4881FA00020000             cmp rdx, 512
  2829 00002C60 75E5                       jne melp
  2830 00002C62 C3                         ret
  2831 00002C63 6661727420756E7375-     crtx: db 'fart unsuccesful', 0
  2831 00002C6C 6363657366756C00   
  2832 00002C74 6C6F6164696E672073-     sect: db 'loading sector:', 0
  2832 00002C7D 6563746F723A00     
  2833 00002C84 2073756363657300        testx: db ' succes', 0
  2834 00002C8C 0000000000000000        czs: dq 0
  2835 00002C94 77616B65757000          wakup: db 'wakeup', 0
  2836 00002C9B 00                      ttest: db 0
  2837 00002C9C 00                      idt: db 0
  2838 00002C9D 00                      shift: db 0
  2839 00002C9E 0000000000000000        curzor: dq 0
  2840 00002CA6 6C6F6164616900          pltai: db 'loadai', 0
  2841 00002CAD 696E6F757400            inout: db 'inout', 0
  2842 00002CB3 0000000000000000        tst: dq 0
  2843 00002CBB 207375636365736675-     waks: db ' succesfuly waken up aps: ', 0
  2843 00002CC4 6C792077616B656E20-
  2843 00002CCD 7570206170733A2000 
  2844 00002CD6 00                      char: db 0
  2845 00002CD7 6E756D626572206F66-     fndn: db 'number of cores found: ', 0
  2845 00002CE0 20636F72657320666F-
  2845 00002CE9 756E643A2000       
  2846                                  idttbl:
  2847 00002CEF FF0F                    dw 4095
  2848 00002CF1 1002080000000000        dq 0x80210
  2849 00002CF9 2B2D2D2D2D2D2D2D2D-     head: db '+------------------------------------------------------------------------------+|                                 SofaOS X64                                   |+------------------------------------------------------------------------------+', 0
  2849 00002D02 2D2D2D2D2D2D2D2D2D-
  2849 00002D0B 2D2D2D2D2D2D2D2D2D-
  2849 00002D14 2D2D2D2D2D2D2D2D2D-
  2849 00002D1D 2D2D2D2D2D2D2D2D2D-
  2849 00002D26 2D2D2D2D2D2D2D2D2D-
  2849 00002D2F 2D2D2D2D2D2D2D2D2D-
  2849 00002D38 2D2D2D2D2D2D2D2D2D-
  2849 00002D41 2D2D2D2D2D2D2D2B7C-
  2849 00002D4A 202020202020202020-
  2849 00002D53 202020202020202020-
  2849 00002D5C 202020202020202020-
  2849 00002D65 202020202020536F66-
  2849 00002D6E 614F53205836342020-
  2849 00002D77 202020202020202020-
  2849 00002D80 202020202020202020-
  2849 00002D89 202020202020202020-
  2849 00002D92 2020202020207C2B2D-
  2849 00002D9B 2D2D2D2D2D2D2D2D2D-
  2849 00002DA4 2D2D2D2D2D2D2D2D2D-
  2849 00002DAD 2D2D2D2D2D2D2D2D2D-
  2849 00002DB6 2D2D2D2D2D2D2D2D2D-
  2849 00002DBF 2D2D2D2D2D2D2D2D2D-
  2849 00002DC8 2D2D2D2D2D2D2D2D2D-
  2849 00002DD1 2D2D2D2D2D2D2D2D2D-
  2849 00002DDA 2D2D2D2D2D2D2D2D2D-
  2849 00002DE3 2D2D2D2D2D2B00     
  2850 00002DEA 68656C7000              hlpcm: db 'help', 0
  2851 00002DEF 76657200                vercm: db 'ver', 0
  2852 00002DF3 6372656469747300        cred: db 'credits', 0
  2853 00002DFB 636F6D6D616E64733A-     hlptxt: db 'commands: help = gives u help :>ver = shows curent version of sofaoscredits = tels u who made this oscls = clears the screenwhatincr = shows u whats in cr0,cr2,cr3,cr4 and cr8saythis = echoes back what u type after ittranslate = converts hex number to decimal and backpeek = shows u whats stored at a memory addressput = puts number to a memorytime = shows timewhatindr = shows u whats in dr0,dr1,dr2,dr3,dr6 and dr7secr = reads what in disk on that sectorwakeup = wakes up some number of cores that u chose', 0
  2853 00002E04 2068656C70203D2067-
  2853 00002E0D 697665732075206865-
  2853 00002E16 6C70203A3E76657220-
  2853 00002E1F 3D2073686F77732063-
  2853 00002E28 7572656E7420766572-
  2853 00002E31 73696F6E206F662073-
  2853 00002E3A 6F66616F7363726564-
  2853 00002E43 697473203D2074656C-
  2853 00002E4C 7320752077686F206D-
  2853 00002E55 616465207468697320-
  2853 00002E5E 6F73636C73203D2063-
  2853 00002E67 6C6561727320746865-
  2853 00002E70 2073637265656E7768-
  2853 00002E79 6174696E6372203D20-
  2853 00002E82 73686F777320752077-
  2853 00002E8B 6861747320696E2063-
  2853 00002E94 72302C6372322C6372-
  2853 00002E9D 332C63723420616E64-
  2853 00002EA6 206372387361797468-
  2853 00002EAF 6973203D206563686F-
  2853 00002EB8 6573206261636B2077-
  2853 00002EC1 686174207520747970-
  2853 00002ECA 652061667465722069-
  2853 00002ED3 747472616E736C6174-
  2853 00002EDC 65203D20636F6E7665-
  2853 00002EE5 72747320686578206E-
  2853 00002EEE 756D62657220746F20-
  2853 00002EF7 646563696D616C2061-
  2853 00002F00 6E64206261636B7065-
  2853 00002F09 656B203D2073686F77-
  2853 00002F12 732075207768617473-
  2853 00002F1B 2073746F7265642061-
  2853 00002F24 742061206D656D6F72-
  2853 00002F2D 792061646472657373-
  2853 00002F36 707574203D20707574-
  2853 00002F3F 73206E756D62657220-
  2853 00002F48 746F2061206D656D6F-
  2853 00002F51 727974696D65203D20-
  2853 00002F5A 73686F77732074696D-
  2853 00002F63 6577686174696E6472-
  2853 00002F6C 203D2073686F777320-
  2853 00002F75 752077686174732069-
  2853 00002F7E 6E206472302C647231-
  2853 00002F87 2C6472322C6472332C-
  2853 00002F90 64723620616E642064-
  2853 00002F99 723773656372203D20-
  2853 00002FA2 726561647320776861-
  2853 00002FAB 7420696E206469736B-
  2853 00002FB4 206F6E207468617420-
  2853 00002FBD 736563746F7277616B-
  2853 00002FC6 657570203D2077616B-
  2853 00002FCF 657320757020736F6D-
  2853 00002FD8 65206E756D62657220-
  2853 00002FE1 6F6620636F72657320-
  2853 00002FEA 746861742075206368-
  2853 00002FF3 6F736500           
  2854 00002FF7 6920776173206D6164-     credtxt: db 'i was made by scrt401                                                ', 0
  2854 00003000 652062792073637274-
  2854 00003009 343031202020202020-
  2854 00003012 202020202020202020-
  2854 0000301B 202020202020202020-
  2854 00003024 202020202020202020-
  2854 0000302D 202020202020202020-
  2854 00003036 20202020202000     
  2855 0000303D 77686174696E637200      wht: db 'whatincr', 0
  2856 00003046 7361797468697300        echcm: db 'saythis', 0
  2857 0000304E 20696E206372302C00      ciarka: db ' in cr0,', 0
  2858 00003057 7365747570616900        stai: db 'setupai', 0
  2859 0000305F 20696E206372322C00      ciarka2: db ' in cr2,', 0
  2860 00003068 0000000000000000        cas: dq 0
  2861 00003070 20696E206372332C00      ciarka3: db ' in cr3,', 0
  2862 00003079 6E6F20696465612077-     numer: db 'no idea what that number is', 0
  2862 00003082 686174207468617420-
  2862 0000308B 6E756D626572206973-
  2862 00003094 00                 
  2863 00003095 20696E206372342C00      ciarka4: db ' in cr4,', 0
  2864 0000309E 7065656B00              memf: db 'peek', 0
  2865 000030A3 70757400                memp: db 'put', 0
  2866 000030A7 74696D6500              time: db 'time', 0
  2867 000030AC 67656E6572616C2E61-     gnar: db 'general.architecture', 0
  2867 000030B5 726368697465637475-
  2867 000030BE 726500             
  2868 000030C1 3A00                    crk: db ':', 0
  2869 000030C3 20696E206372382C00      ciarka8: db ' in cr8,', 0
  2870 000030CC 656E646F6667677566-     gend: db 'endofggufmoddelfile', 0
  2870 000030D5 6D6F6464656C66696C-
  2870 000030DE 6500               
  2871 000030E0 0000000000000000        ccnt: dq 0
  2872 000030E8 2000                    med: db ' ', 0
  2873 000030EA 76657273696F6E2031-     vertxt: db 'version 1 non ai', 0
  2873 000030F3 206E6F6E20616900   
  2874 000030FB 446F6E6500              done: db 'Done', 0
  2875 00003100 636C7300                clscm: db 'cls', 0
  2876 00003104 77686174696E647200      wdr: db 'whatindr', 0
  2877 0000310D 2875736572293E00        usert: db '(user)>', 0
  2878 00003115 2F2F73797374656D2F-     syst: db '//system//>', 0
  2878 0000311E 2F3E00             
  2879 00003121 7365637200              reds: db 'secr', 0
  2880 00003126 0000000000000000        clen: dq 0
  2881 0000312E 0000000000000000        cmdc: dq 0
  2882 00003136 00                      chat: db 0
  2883 00003137 20696E206472302C00      ciarkad: db ' in dr0,', 0
  2884 00003140 20696E206472312C00      ciarka1d: db ' in dr1,', 0
  2885 00003149 20696E206472322C00      ciarka2d: db ' in dr2,', 0
  2886 00003152 20696E206472332C00      ciarka3d: db ' in dr3,', 0
  2887 0000315B 20696E206472362C00      ciarka6d: db ' in dr6,', 0
  2888 00003164 20696E2064723700        ciarka7d: db ' in dr7', 0
  2889 0000316C 7472616E736C617465-     tran: db 'translate', 0
  2889 00003175 00                 
  2890 00003176 61736B616900            asii: db 'askai', 0
  2891 0000317C 0000000000000000        relad: dq 0
  2892 00003184 00<rep E7Ch>            times 16384 - ($ - $$) db 0
  2893 00004000 00<rep 100h>            chata: times 256 db 0
  2894 00004100 00<rep 100h>            crid: times 256 db 0
  2895                                  kniha equ 0x900000
  2896                                  mbf equ 160
  2897 00004200 00<rep 1000h>           hlpg: times 4096 db 0
  2898                                  fremm:
